sample,fastq_1,fastq_2,strandedness
162194,data/HJK2WDRXY_0_R11674_20210813/demultiplexed/162194/162194_S94_L001_R1_001.fastq.gz,data/HJK2WDRXY_0_R11674_20210813/demultiplexed/162194/162194_S94_L001_R2_001.fastq.gz,unstranded
162195,data/HJK2WDRXY_0_R11674_20210813/demultiplexed/162195/162195_S93_L001_R1_001.fastq.gz,data/HJK2WDRXY_0_R11674_20210813/demultiplexed/162195/162195_S93_L001_R2_001.fastq.gz,unstranded
162196,data/HJK2WDRXY_0_R11674_20210813/demultiplexed/162196/162196_S92_L001_R1_001.fastq.gz,data/HJK2WDRXY_0_R11674_20210813/demultiplexed/162196/162196_S92_L001_R2_001.fastq.gz,unstranded
162197,data/HJK2WDRXY_0_R11674_20210813/demultiplexed/162197/162197_S91_L001_R1_001.fastq.gz,data/HJK2WDRXY_0_R11674_20210813/demultiplexed/162197/162197_S91_L001_R2_001.fastq.gz,unstranded
162198,data/HJK2WDRXY_0_R11674_20210813/demultiplexed/162198/162198_S90_L001_R1_001.fastq.gz,data/HJK2WDRXY_0_R11674_20210813/demultiplexed/162198/162198_S90_L001_R2_001.fastq.gz,unstranded
162199,data/HJK2WDRXY_0_R11674_20210813/demultiplexed/162199/162199_S89_L001_R1_001.fastq.gz,data/HJK2WDRXY_0_R11674_20210813/demultiplexed/162199/162199_S89_L001_R2_001.fastq.gz,unstranded
162200,data/HJK2WDRXY_0_R11674_20210813/demultiplexed/162200/162200_S88_L001_R1_001.fastq.gz,data/HJK2WDRXY_0_R11674_20210813/demultiplexed/162200/162200_S88_L001_R2_001.fastq.gz,unstranded
162201,data/HJK2WDRXY_0_R11674_20210813/demultiplexed/162201/162201_S87_L001_R1_001.fastq.gz,data/HJK2WDRXY_0_R11674_20210813/demultiplexed/162201/162201_S87_L001_R2_001.fastq.gz,unstranded
162202,data/HJK2WDRXY_0_R11674_20210813/demultiplexed/162202/162202_S86_L001_R1_001.fastq.gz,data/HJK2WDRXY_0_R11674_20210813/demultiplexed/162202/162202_S86_L001_R2_001.fastq.gz,unstranded
162203,data/HJK2WDRXY_0_R11674_20210813/demultiplexed/162203/162203_S85_L001_R1_001.fastq.gz,data/HJK2WDRXY_0_R11674_20210813/demultiplexed/162203/162203_S85_L001_R2_001.fastq.gz,unstranded
162204,data/HJK2WDRXY_0_R11674_20210813/demultiplexed/162204/162204_S84_L001_R1_001.fastq.gz,data/HJK2WDRXY_0_R11674_20210813/demultiplexed/162204/162204_S84_L001_R2_001.fastq.gz,unstranded
162205,data/HJK2WDRXY_0_R11674_20210813/demultiplexed/162205/162205_S83_L001_R1_001.fastq.gz,data/HJK2WDRXY_0_R11674_20210813/demultiplexed/162205/162205_S83_L001_R2_001.fastq.gz,unstranded
162206,data/HJK2WDRXY_0_R11674_20210813/demultiplexed/162206/162206_S82_L001_R1_001.fastq.gz,data/HJK2WDRXY_0_R11674_20210813/demultiplexed/162206/162206_S82_L001_R2_001.fastq.gz,unstranded
162207,data/HJK2WDRXY_0_R11674_20210813/demultiplexed/162207/162207_S81_L001_R1_001.fastq.gz,data/HJK2WDRXY_0_R11674_20210813/demultiplexed/162207/162207_S81_L001_R2_001.fastq.gz,unstranded
162208,data/HJK2WDRXY_0_R11674_20210813/demultiplexed/162208/162208_S80_L001_R1_001.fastq.gz,data/HJK2WDRXY_0_R11674_20210813/demultiplexed/162208/162208_S80_L001_R2_001.fastq.gz,unstranded
162209,data/HJK2WDRXY_0_R11674_20210813/demultiplexed/162209/162209_S79_L001_R1_001.fastq.gz,data/HJK2WDRXY_0_R11674_20210813/demultiplexed/162209/162209_S79_L001_R2_001.fastq.gz,unstranded
162210,data/HJK2WDRXY_0_R11674_20210813/demultiplexed/162210/162210_S78_L001_R1_001.fastq.gz,data/HJK2WDRXY_0_R11674_20210813/demultiplexed/162210/162210_S78_L001_R2_001.fastq.gz,unstranded
162211,data/HJK2WDRXY_0_R11674_20210813/demultiplexed/162211/162211_S77_L001_R1_001.fastq.gz,data/HJK2WDRXY_0_R11674_20210813/demultiplexed/162211/162211_S77_L001_R2_001.fastq.gz,unstranded
162212,data/HJK2WDRXY_0_R11674_20210813/demultiplexed/162212/162212_S76_L001_R1_001.fastq.gz,data/HJK2WDRXY_0_R11674_20210813/demultiplexed/162212/162212_S76_L001_R2_001.fastq.gz,unstranded
162213,data/HJK2WDRXY_0_R11674_20210813/demultiplexed/162213/162213_S75_L001_R1_001.fastq.gz,data/HJK2WDRXY_0_R11674_20210813/demultiplexed/162213/162213_S75_L001_R2_001.fastq.gz,unstranded
162214,data/HJK2WDRXY_0_R11674_20210813/demultiplexed/162214/162214_S74_L001_R1_001.fastq.gz,data/HJK2WDRXY_0_R11674_20210813/demultiplexed/162214/162214_S74_L001_R2_001.fastq.gz,unstranded
162215,data/HJK2WDRXY_0_R11674_20210813/demultiplexed/162215/162215_S73_L001_R1_001.fastq.gz,data/HJK2WDRXY_0_R11674_20210813/demultiplexed/162215/162215_S73_L001_R2_001.fastq.gz,unstranded
162216,data/HJK2WDRXY_0_R11674_20210813/demultiplexed/162216/162216_S72_L001_R1_001.fastq.gz,data/HJK2WDRXY_0_R11674_20210813/demultiplexed/162216/162216_S72_L001_R2_001.fastq.gz,unstranded
162217,data/HJK2WDRXY_0_R11674_20210813/demultiplexed/162217/162217_S71_L001_R1_001.fastq.gz,data/HJK2WDRXY_0_R11674_20210813/demultiplexed/162217/162217_S71_L001_R2_001.fastq.gz,unstranded
162218,data/HJK2WDRXY_0_R11674_20210813/demultiplexed/162218/162218_S70_L001_R1_001.fastq.gz,data/HJK2WDRXY_0_R11674_20210813/demultiplexed/162218/162218_S70_L001_R2_001.fastq.gz,unstranded
162219,data/HJK2WDRXY_0_R11674_20210813/demultiplexed/162219/162219_S69_L001_R1_001.fastq.gz,data/HJK2WDRXY_0_R11674_20210813/demultiplexed/162219/162219_S69_L001_R2_001.fastq.gz,unstranded
162220,data/HJK2WDRXY_0_R11674_20210813/demultiplexed/162220/162220_S68_L001_R1_001.fastq.gz,data/HJK2WDRXY_0_R11674_20210813/demultiplexed/162220/162220_S68_L001_R2_001.fastq.gz,unstranded
162221,data/HJK2WDRXY_0_R11674_20210813/demultiplexed/162221/162221_S67_L001_R1_001.fastq.gz,data/HJK2WDRXY_0_R11674_20210813/demultiplexed/162221/162221_S67_L001_R2_001.fastq.gz,unstranded
162222,data/HJK2WDRXY_0_R11674_20210813/demultiplexed/162222/162222_S66_L001_R1_001.fastq.gz,data/HJK2WDRXY_0_R11674_20210813/demultiplexed/162222/162222_S66_L001_R2_001.fastq.gz,unstranded
162223,data/HJK2WDRXY_0_R11674_20210813/demultiplexed/162223/162223_S65_L001_R1_001.fastq.gz,data/HJK2WDRXY_0_R11674_20210813/demultiplexed/162223/162223_S65_L001_R2_001.fastq.gz,unstranded
162224,data/HJK2WDRXY_0_R11674_20210813/demultiplexed/162224/162224_S64_L001_R1_001.fastq.gz,data/HJK2WDRXY_0_R11674_20210813/demultiplexed/162224/162224_S64_L001_R2_001.fastq.gz,unstranded
162225,data/HJK2WDRXY_0_R11674_20210813/demultiplexed/162225/162225_S63_L001_R1_001.fastq.gz,data/HJK2WDRXY_0_R11674_20210813/demultiplexed/162225/162225_S63_L001_R2_001.fastq.gz,unstranded
162226,data/HJK2WDRXY_0_R11674_20210813/demultiplexed/162226/162226_S62_L001_R1_001.fastq.gz,data/HJK2WDRXY_0_R11674_20210813/demultiplexed/162226/162226_S62_L001_R2_001.fastq.gz,unstranded
162227,data/HJK2WDRXY_0_R11674_20210813/demultiplexed/162227/162227_S61_L001_R1_001.fastq.gz,data/HJK2WDRXY_0_R11674_20210813/demultiplexed/162227/162227_S61_L001_R2_001.fastq.gz,unstranded
162228,data/HJK2WDRXY_0_R11674_20210813/demultiplexed/162228/162228_S60_L001_R1_001.fastq.gz,data/HJK2WDRXY_0_R11674_20210813/demultiplexed/162228/162228_S60_L001_R2_001.fastq.gz,unstranded
162229,data/HJK2WDRXY_0_R11674_20210813/demultiplexed/162229/162229_S59_L001_R1_001.fastq.gz,data/HJK2WDRXY_0_R11674_20210813/demultiplexed/162229/162229_S59_L001_R2_001.fastq.gz,unstranded
162230,data/HJK2WDRXY_0_R11674_20210813/demultiplexed/162230/162230_S58_L001_R1_001.fastq.gz,data/HJK2WDRXY_0_R11674_20210813/demultiplexed/162230/162230_S58_L001_R2_001.fastq.gz,unstranded
162231,data/HJK2WDRXY_0_R11674_20210813/demultiplexed/162231/162231_S57_L001_R1_001.fastq.gz,data/HJK2WDRXY_0_R11674_20210813/demultiplexed/162231/162231_S57_L001_R2_001.fastq.gz,unstranded
162232,data/HJK2WDRXY_0_R11674_20210813/demultiplexed/162232/162232_S56_L001_R1_001.fastq.gz,data/HJK2WDRXY_0_R11674_20210813/demultiplexed/162232/162232_S56_L001_R2_001.fastq.gz,unstranded
162233,data/HJK2WDRXY_0_R11674_20210813/demultiplexed/162233/162233_S55_L001_R1_001.fastq.gz,data/HJK2WDRXY_0_R11674_20210813/demultiplexed/162233/162233_S55_L001_R2_001.fastq.gz,unstranded
162234,data/HJK2WDRXY_0_R11674_20210813/demultiplexed/162234/162234_S54_L001_R1_001.fastq.gz,data/HJK2WDRXY_0_R11674_20210813/demultiplexed/162234/162234_S54_L001_R2_001.fastq.gz,unstranded
162235,data/HJK2WDRXY_0_R11674_20210813/demultiplexed/162235/162235_S53_L001_R1_001.fastq.gz,data/HJK2WDRXY_0_R11674_20210813/demultiplexed/162235/162235_S53_L001_R2_001.fastq.gz,unstranded
162236,data/HJK2WDRXY_0_R11674_20210813/demultiplexed/162236/162236_S52_L001_R1_001.fastq.gz,data/HJK2WDRXY_0_R11674_20210813/demultiplexed/162236/162236_S52_L001_R2_001.fastq.gz,unstranded
162237,data/HJK2WDRXY_0_R11674_20210813/demultiplexed/162237/162237_S51_L001_R1_001.fastq.gz,data/HJK2WDRXY_0_R11674_20210813/demultiplexed/162237/162237_S51_L001_R2_001.fastq.gz,unstranded
162238,data/HJK2WDRXY_0_R11674_20210813/demultiplexed/162238/162238_S50_L001_R1_001.fastq.gz,data/HJK2WDRXY_0_R11674_20210813/demultiplexed/162238/162238_S50_L001_R2_001.fastq.gz,unstranded
162239,data/HJK2WDRXY_0_R11674_20210813/demultiplexed/162239/162239_S49_L001_R1_001.fastq.gz,data/HJK2WDRXY_0_R11674_20210813/demultiplexed/162239/162239_S49_L001_R2_001.fastq.gz,unstranded
162240,data/HJK2WDRXY_0_R11674_20210813/demultiplexed/162240/162240_S48_L001_R1_001.fastq.gz,data/HJK2WDRXY_0_R11674_20210813/demultiplexed/162240/162240_S48_L001_R2_001.fastq.gz,unstranded
162241,data/HJK2WDRXY_0_R11674_20210813/demultiplexed/162241/162241_S47_L001_R1_001.fastq.gz,data/HJK2WDRXY_0_R11674_20210813/demultiplexed/162241/162241_S47_L001_R2_001.fastq.gz,unstranded
162242,data/HJK2WDRXY_0_R11674_20210813/demultiplexed/162242/162242_S46_L001_R1_001.fastq.gz,data/HJK2WDRXY_0_R11674_20210813/demultiplexed/162242/162242_S46_L001_R2_001.fastq.gz,unstranded
162243,data/HJK2WDRXY_0_R11674_20210813/demultiplexed/162243/162243_S45_L001_R1_001.fastq.gz,data/HJK2WDRXY_0_R11674_20210813/demultiplexed/162243/162243_S45_L001_R2_001.fastq.gz,unstranded
162244,data/HJK2WDRXY_0_R11674_20210813/demultiplexed/162244/162244_S44_L001_R1_001.fastq.gz,data/HJK2WDRXY_0_R11674_20210813/demultiplexed/162244/162244_S44_L001_R2_001.fastq.gz,unstranded
162245,data/HJK2WDRXY_0_R11674_20210813/demultiplexed/162245/162245_S43_L001_R1_001.fastq.gz,data/HJK2WDRXY_0_R11674_20210813/demultiplexed/162245/162245_S43_L001_R2_001.fastq.gz,unstranded
162246,data/HJK2WDRXY_0_R11674_20210813/demultiplexed/162246/162246_S42_L001_R1_001.fastq.gz,data/HJK2WDRXY_0_R11674_20210813/demultiplexed/162246/162246_S42_L001_R2_001.fastq.gz,unstranded
162247,data/HJK2WDRXY_0_R11674_20210813/demultiplexed/162247/162247_S41_L001_R1_001.fastq.gz,data/HJK2WDRXY_0_R11674_20210813/demultiplexed/162247/162247_S41_L001_R2_001.fastq.gz,unstranded
162248,data/HJK2WDRXY_0_R11674_20210813/demultiplexed/162248/162248_S40_L001_R1_001.fastq.gz,data/HJK2WDRXY_0_R11674_20210813/demultiplexed/162248/162248_S40_L001_R2_001.fastq.gz,unstranded
162249,data/HJK2WDRXY_0_R11674_20210813/demultiplexed/162249/162249_S39_L001_R1_001.fastq.gz,data/HJK2WDRXY_0_R11674_20210813/demultiplexed/162249/162249_S39_L001_R2_001.fastq.gz,unstranded
162250,data/HJK2WDRXY_0_R11674_20210813/demultiplexed/162250/162250_S38_L001_R1_001.fastq.gz,data/HJK2WDRXY_0_R11674_20210813/demultiplexed/162250/162250_S38_L001_R2_001.fastq.gz,unstranded
162251,data/HJK2WDRXY_0_R11674_20210813/demultiplexed/162251/162251_S37_L001_R1_001.fastq.gz,data/HJK2WDRXY_0_R11674_20210813/demultiplexed/162251/162251_S37_L001_R2_001.fastq.gz,unstranded
162252,data/HJK2WDRXY_0_R11674_20210813/demultiplexed/162252/162252_S36_L001_R1_001.fastq.gz,data/HJK2WDRXY_0_R11674_20210813/demultiplexed/162252/162252_S36_L001_R2_001.fastq.gz,unstranded
162253,data/HJK2WDRXY_0_R11674_20210813/demultiplexed/162253/162253_S35_L001_R1_001.fastq.gz,data/HJK2WDRXY_0_R11674_20210813/demultiplexed/162253/162253_S35_L001_R2_001.fastq.gz,unstranded
162254,data/HJK2WDRXY_0_R11674_20210813/demultiplexed/162254/162254_S34_L001_R1_001.fastq.gz,data/HJK2WDRXY_0_R11674_20210813/demultiplexed/162254/162254_S34_L001_R2_001.fastq.gz,unstranded
162255,data/HJK2WDRXY_0_R11674_20210813/demultiplexed/162255/162255_S33_L001_R1_001.fastq.gz,data/HJK2WDRXY_0_R11674_20210813/demultiplexed/162255/162255_S33_L001_R2_001.fastq.gz,unstranded
162256,data/HJK2WDRXY_0_R11674_20210813/demultiplexed/162256/162256_S32_L001_R1_001.fastq.gz,data/HJK2WDRXY_0_R11674_20210813/demultiplexed/162256/162256_S32_L001_R2_001.fastq.gz,unstranded
162257,data/HJK2WDRXY_0_R11674_20210813/demultiplexed/162257/162257_S31_L001_R1_001.fastq.gz,data/HJK2WDRXY_0_R11674_20210813/demultiplexed/162257/162257_S31_L001_R2_001.fastq.gz,unstranded
162258,data/HJK2WDRXY_0_R11674_20210813/demultiplexed/162258/162258_S30_L001_R1_001.fastq.gz,data/HJK2WDRXY_0_R11674_20210813/demultiplexed/162258/162258_S30_L001_R2_001.fastq.gz,unstranded
162259,data/HJK2WDRXY_0_R11674_20210813/demultiplexed/162259/162259_S29_L001_R1_001.fastq.gz,data/HJK2WDRXY_0_R11674_20210813/demultiplexed/162259/162259_S29_L001_R2_001.fastq.gz,unstranded
162260,data/HJK2WDRXY_0_R11674_20210813/demultiplexed/162260/162260_S28_L001_R1_001.fastq.gz,data/HJK2WDRXY_0_R11674_20210813/demultiplexed/162260/162260_S28_L001_R2_001.fastq.gz,unstranded
162261,data/HJK2WDRXY_0_R11674_20210813/demultiplexed/162261/162261_S27_L001_R1_001.fastq.gz,data/HJK2WDRXY_0_R11674_20210813/demultiplexed/162261/162261_S27_L001_R2_001.fastq.gz,unstranded
162262,data/HJK2WDRXY_0_R11674_20210813/demultiplexed/162262/162262_S26_L001_R1_001.fastq.gz,data/HJK2WDRXY_0_R11674_20210813/demultiplexed/162262/162262_S26_L001_R2_001.fastq.gz,unstranded
162263,data/HJK2WDRXY_0_R11674_20210813/demultiplexed/162263/162263_S25_L001_R1_001.fastq.gz,data/HJK2WDRXY_0_R11674_20210813/demultiplexed/162263/162263_S25_L001_R2_001.fastq.gz,unstranded
162264,data/HJK2WDRXY_0_R11674_20210813/demultiplexed/162264/162264_S24_L001_R1_001.fastq.gz,data/HJK2WDRXY_0_R11674_20210813/demultiplexed/162264/162264_S24_L001_R2_001.fastq.gz,unstranded
162265,data/HJK2WDRXY_0_R11674_20210813/demultiplexed/162265/162265_S23_L001_R1_001.fastq.gz,data/HJK2WDRXY_0_R11674_20210813/demultiplexed/162265/162265_S23_L001_R2_001.fastq.gz,unstranded
162266,data/HJK2WDRXY_0_R11674_20210813/demultiplexed/162266/162266_S22_L001_R1_001.fastq.gz,data/HJK2WDRXY_0_R11674_20210813/demultiplexed/162266/162266_S22_L001_R2_001.fastq.gz,unstranded
162267,data/HJK2WDRXY_0_R11674_20210813/demultiplexed/162267/162267_S21_L001_R1_001.fastq.gz,data/HJK2WDRXY_0_R11674_20210813/demultiplexed/162267/162267_S21_L001_R2_001.fastq.gz,unstranded
162268,data/HJK2WDRXY_0_R11674_20210813/demultiplexed/162268/162268_S20_L001_R1_001.fastq.gz,data/HJK2WDRXY_0_R11674_20210813/demultiplexed/162268/162268_S20_L001_R2_001.fastq.gz,unstranded
162269,data/HJK2WDRXY_0_R11674_20210813/demultiplexed/162269/162269_S19_L001_R1_001.fastq.gz,data/HJK2WDRXY_0_R11674_20210813/demultiplexed/162269/162269_S19_L001_R2_001.fastq.gz,unstranded
162270,data/HJK2WDRXY_0_R11674_20210813/demultiplexed/162270/162270_S18_L001_R1_001.fastq.gz,data/HJK2WDRXY_0_R11674_20210813/demultiplexed/162270/162270_S18_L001_R2_001.fastq.gz,unstranded
162271,data/HJK2WDRXY_0_R11674_20210813/demultiplexed/162271/162271_S17_L001_R1_001.fastq.gz,data/HJK2WDRXY_0_R11674_20210813/demultiplexed/162271/162271_S17_L001_R2_001.fastq.gz,unstranded
162272,data/HJK2WDRXY_0_R11674_20210813/demultiplexed/162272/162272_S16_L001_R1_001.fastq.gz,data/HJK2WDRXY_0_R11674_20210813/demultiplexed/162272/162272_S16_L001_R2_001.fastq.gz,unstranded
162273,data/HJK2WDRXY_0_R11674_20210813/demultiplexed/162273/162273_S15_L001_R1_001.fastq.gz,data/HJK2WDRXY_0_R11674_20210813/demultiplexed/162273/162273_S15_L001_R2_001.fastq.gz,unstranded
162274,data/HJK2WDRXY_0_R11674_20210813/demultiplexed/162274/162274_S14_L001_R1_001.fastq.gz,data/HJK2WDRXY_0_R11674_20210813/demultiplexed/162274/162274_S14_L001_R2_001.fastq.gz,unstranded
162275,data/HJK2WDRXY_0_R11674_20210813/demultiplexed/162275/162275_S13_L001_R1_001.fastq.gz,data/HJK2WDRXY_0_R11674_20210813/demultiplexed/162275/162275_S13_L001_R2_001.fastq.gz,unstranded
162276,data/HJK2WDRXY_0_R11674_20210813/demultiplexed/162276/162276_S12_L001_R1_001.fastq.gz,data/HJK2WDRXY_0_R11674_20210813/demultiplexed/162276/162276_S12_L001_R2_001.fastq.gz,unstranded
162277,data/HJK2WDRXY_0_R11674_20210813/demultiplexed/162277/162277_S11_L001_R1_001.fastq.gz,data/HJK2WDRXY_0_R11674_20210813/demultiplexed/162277/162277_S11_L001_R2_001.fastq.gz,unstranded
162278,data/HJK2WDRXY_0_R11674_20210813/demultiplexed/162278/162278_S10_L001_R1_001.fastq.gz,data/HJK2WDRXY_0_R11674_20210813/demultiplexed/162278/162278_S10_L001_R2_001.fastq.gz,unstranded
162279,data/HJK2WDRXY_0_R11674_20210813/demultiplexed/162279/162279_S9_L001_R1_001.fastq.gz,data/HJK2WDRXY_0_R11674_20210813/demultiplexed/162279/162279_S9_L001_R2_001.fastq.gz,unstranded
162280,data/HJK2WDRXY_0_R11674_20210813/demultiplexed/162280/162280_S8_L001_R1_001.fastq.gz,data/HJK2WDRXY_0_R11674_20210813/demultiplexed/162280/162280_S8_L001_R2_001.fastq.gz,unstranded
162281,data/HJK2WDRXY_0_R11674_20210813/demultiplexed/162281/162281_S7_L001_R1_001.fastq.gz,data/HJK2WDRXY_0_R11674_20210813/demultiplexed/162281/162281_S7_L001_R2_001.fastq.gz,unstranded
162282,data/HJK2WDRXY_0_R11674_20210813/demultiplexed/162282/162282_S6_L001_R1_001.fastq.gz,data/HJK2WDRXY_0_R11674_20210813/demultiplexed/162282/162282_S6_L001_R2_001.fastq.gz,unstranded
162283,data/HJK2WDRXY_0_R11674_20210813/demultiplexed/162283/162283_S5_L001_R1_001.fastq.gz,data/HJK2WDRXY_0_R11674_20210813/demultiplexed/162283/162283_S5_L001_R2_001.fastq.gz,unstranded
162284,data/HJK2WDRXY_0_R11674_20210813/demultiplexed/162284/162284_S4_L001_R1_001.fastq.gz,data/HJK2WDRXY_0_R11674_20210813/demultiplexed/162284/162284_S4_L001_R2_001.fastq.gz,unstranded
162285,data/HJK2WDRXY_0_R11674_20210813/demultiplexed/162285/162285_S3_L001_R1_001.fastq.gz,data/HJK2WDRXY_0_R11674_20210813/demultiplexed/162285/162285_S3_L001_R2_001.fastq.gz,unstranded
162286,data/HJK2WDRXY_0_R11674_20210813/demultiplexed/162286/162286_S2_L001_R1_001.fastq.gz,data/HJK2WDRXY_0_R11674_20210813/demultiplexed/162286/162286_S2_L001_R2_001.fastq.gz,unstranded
162287,data/HJK2WDRXY_0_R11674_20210813/demultiplexed/162287/162287_S1_L001_R1_001.fastq.gz,data/HJK2WDRXY_0_R11674_20210813/demultiplexed/162287/162287_S1_L001_R2_001.fastq.gz,unstranded
162290,data/HJK2WDRXY_0_R11674_20210813/demultiplexed/162290/162290_S95_L001_R1_001.fastq.gz,data/HJK2WDRXY_0_R11674_20210813/demultiplexed/162290/162290_S95_L001_R2_001.fastq.gz,unstranded
162291,data/HJK2WDRXY_0_R11674_20210813/demultiplexed/162291/162291_S96_L001_R1_001.fastq.gz,data/HJK2WDRXY_0_R11674_20210813/demultiplexed/162291/162291_S96_L001_R2_001.fastq.gz,unstranded
162292,data/HJK2WDRXY_0_R11674_20210813/demultiplexed/162292/162292_S97_L001_R1_001.fastq.gz,data/HJK2WDRXY_0_R11674_20210813/demultiplexed/162292/162292_S97_L001_R2_001.fastq.gz,unstranded
162293,data/HJK2WDRXY_0_R11674_20210813/demultiplexed/162293/162293_S98_L001_R1_001.fastq.gz,data/HJK2WDRXY_0_R11674_20210813/demultiplexed/162293/162293_S98_L001_R2_001.fastq.gz,unstranded
162294,data/HJK2WDRXY_0_R11674_20210813/demultiplexed/162294/162294_S99_L001_R1_001.fastq.gz,data/HJK2WDRXY_0_R11674_20210813/demultiplexed/162294/162294_S99_L001_R2_001.fastq.gz,unstranded
162295,data/HJK2WDRXY_0_R11674_20210813/demultiplexed/162295/162295_S100_L001_R1_001.fastq.gz,data/HJK2WDRXY_0_R11674_20210813/demultiplexed/162295/162295_S100_L001_R2_001.fastq.gz,unstranded
162296,data/HJK2WDRXY_0_R11674_20210813/demultiplexed/162296/162296_S101_L001_R1_001.fastq.gz,data/HJK2WDRXY_0_R11674_20210813/demultiplexed/162296/162296_S101_L001_R2_001.fastq.gz,unstranded
162297,data/HJK2WDRXY_0_R11674_20210813/demultiplexed/162297/162297_S102_L001_R1_001.fastq.gz,data/HJK2WDRXY_0_R11674_20210813/demultiplexed/162297/162297_S102_L001_R2_001.fastq.gz,unstranded
162298,data/HJK2WDRXY_0_R11674_20210813/demultiplexed/162298/162298_S103_L001_R1_001.fastq.gz,data/HJK2WDRXY_0_R11674_20210813/demultiplexed/162298/162298_S103_L001_R2_001.fastq.gz,unstranded
162299,data/HJK2WDRXY_0_R11674_20210813/demultiplexed/162299/162299_S104_L001_R1_001.fastq.gz,data/HJK2WDRXY_0_R11674_20210813/demultiplexed/162299/162299_S104_L001_R2_001.fastq.gz,unstranded
162300,data/HJK2WDRXY_0_R11674_20210813/demultiplexed/162300/162300_S105_L001_R1_001.fastq.gz,data/HJK2WDRXY_0_R11674_20210813/demultiplexed/162300/162300_S105_L001_R2_001.fastq.gz,unstranded
162301,data/HJK2WDRXY_0_R11674_20210813/demultiplexed/162301/162301_S106_L001_R1_001.fastq.gz,data/HJK2WDRXY_0_R11674_20210813/demultiplexed/162301/162301_S106_L001_R2_001.fastq.gz,unstranded
162302,data/HJK2WDRXY_0_R11674_20210813/demultiplexed/162302/162302_S108_L001_R1_001.fastq.gz,data/HJK2WDRXY_0_R11674_20210813/demultiplexed/162302/162302_S108_L001_R2_001.fastq.gz,unstranded
162303,data/HJK2WDRXY_0_R11674_20210813/demultiplexed/162303/162303_S107_L001_R1_001.fastq.gz,data/HJK2WDRXY_0_R11674_20210813/demultiplexed/162303/162303_S107_L001_R2_001.fastq.gz,unstranded
162304,data/HJK2WDRXY_0_R11674_20210813/demultiplexed/162304/162304_S109_L001_R1_001.fastq.gz,data/HJK2WDRXY_0_R11674_20210813/demultiplexed/162304/162304_S109_L001_R2_001.fastq.gz,unstranded
162305,data/HJK2WDRXY_0_R11674_20210813/demultiplexed/162305/162305_S110_L001_R1_001.fastq.gz,data/HJK2WDRXY_0_R11674_20210813/demultiplexed/162305/162305_S110_L001_R2_001.fastq.gz,unstranded
162306,data/HJK2WDRXY_0_R11674_20210813/demultiplexed/162306/162306_S111_L001_R1_001.fastq.gz,data/HJK2WDRXY_0_R11674_20210813/demultiplexed/162306/162306_S111_L001_R2_001.fastq.gz,unstranded
162307,data/HJK2WDRXY_0_R11674_20210813/demultiplexed/162307/162307_S112_L001_R1_001.fastq.gz,data/HJK2WDRXY_0_R11674_20210813/demultiplexed/162307/162307_S112_L001_R2_001.fastq.gz,unstranded
162308,data/HJK2WDRXY_0_R11674_20210813/demultiplexed/162308/162308_S113_L001_R1_001.fastq.gz,data/HJK2WDRXY_0_R11674_20210813/demultiplexed/162308/162308_S113_L001_R2_001.fastq.gz,unstranded
162309,data/HJK2WDRXY_0_R11674_20210813/demultiplexed/162309/162309_S114_L001_R1_001.fastq.gz,data/HJK2WDRXY_0_R11674_20210813/demultiplexed/162309/162309_S114_L001_R2_001.fastq.gz,unstranded
162310,data/HJK2WDRXY_0_R11674_20210813/demultiplexed/162310/162310_S115_L001_R1_001.fastq.gz,data/HJK2WDRXY_0_R11674_20210813/demultiplexed/162310/162310_S115_L001_R2_001.fastq.gz,unstranded
162311,data/HJK2WDRXY_0_R11674_20210813/demultiplexed/162311/162311_S116_L001_R1_001.fastq.gz,data/HJK2WDRXY_0_R11674_20210813/demultiplexed/162311/162311_S116_L001_R2_001.fastq.gz,unstranded
162312,data/HJK2WDRXY_0_R11674_20210813/demultiplexed/162312/162312_S117_L001_R1_001.fastq.gz,data/HJK2WDRXY_0_R11674_20210813/demultiplexed/162312/162312_S117_L001_R2_001.fastq.gz,unstranded
162313,data/HJK2WDRXY_0_R11674_20210813/demultiplexed/162313/162313_S118_L001_R1_001.fastq.gz,data/HJK2WDRXY_0_R11674_20210813/demultiplexed/162313/162313_S118_L001_R2_001.fastq.gz,unstranded
162314,data/HJK2WDRXY_0_R11674_20210813/demultiplexed/162314/162314_S119_L001_R1_001.fastq.gz,data/HJK2WDRXY_0_R11674_20210813/demultiplexed/162314/162314_S119_L001_R2_001.fastq.gz,unstranded
162315,data/HJK2WDRXY_0_R11674_20210813/demultiplexed/162315/162315_S120_L001_R1_001.fastq.gz,data/HJK2WDRXY_0_R11674_20210813/demultiplexed/162315/162315_S120_L001_R2_001.fastq.gz,unstranded
162316,data/HJK2WDRXY_0_R11674_20210813/demultiplexed/162316/162316_S121_L001_R1_001.fastq.gz,data/HJK2WDRXY_0_R11674_20210813/demultiplexed/162316/162316_S121_L001_R2_001.fastq.gz,unstranded
162317,data/HJK2WDRXY_0_R11674_20210813/demultiplexed/162317/162317_S122_L001_R1_001.fastq.gz,data/HJK2WDRXY_0_R11674_20210813/demultiplexed/162317/162317_S122_L001_R2_001.fastq.gz,unstranded
162318,data/HJK2WDRXY_0_R11674_20210813/demultiplexed/162318/162318_S123_L001_R1_001.fastq.gz,data/HJK2WDRXY_0_R11674_20210813/demultiplexed/162318/162318_S123_L001_R2_001.fastq.gz,unstranded
162319,data/HJK2WDRXY_0_R11674_20210813/demultiplexed/162319/162319_S124_L001_R1_001.fastq.gz,data/HJK2WDRXY_0_R11674_20210813/demultiplexed/162319/162319_S124_L001_R2_001.fastq.gz,unstranded
162320,data/HJK2WDRXY_0_R11674_20210813/demultiplexed/162320/162320_S125_L001_R1_001.fastq.gz,data/HJK2WDRXY_0_R11674_20210813/demultiplexed/162320/162320_S125_L001_R2_001.fastq.gz,unstranded
162321,data/HJK2WDRXY_0_R11674_20210813/demultiplexed/162321/162321_S126_L001_R1_001.fastq.gz,data/HJK2WDRXY_0_R11674_20210813/demultiplexed/162321/162321_S126_L001_R2_001.fastq.gz,unstranded
162322,data/HJK2WDRXY_0_R11674_20210813/demultiplexed/162322/162322_S127_L001_R1_001.fastq.gz,data/HJK2WDRXY_0_R11674_20210813/demultiplexed/162322/162322_S127_L001_R2_001.fastq.gz,unstranded
162323,data/HJK2WDRXY_0_R11674_20210813/demultiplexed/162323/162323_S128_L001_R1_001.fastq.gz,data/HJK2WDRXY_0_R11674_20210813/demultiplexed/162323/162323_S128_L001_R2_001.fastq.gz,unstranded
162324,data/HJK2WDRXY_0_R11674_20210813/demultiplexed/162324/162324_S129_L001_R1_001.fastq.gz,data/HJK2WDRXY_0_R11674_20210813/demultiplexed/162324/162324_S129_L001_R2_001.fastq.gz,unstranded
162325,data/HJK2WDRXY_0_R11674_20210813/demultiplexed/162325/162325_S130_L001_R1_001.fastq.gz,data/HJK2WDRXY_0_R11674_20210813/demultiplexed/162325/162325_S130_L001_R2_001.fastq.gz,unstranded
162326,data/HJK2WDRXY_0_R11674_20210813/demultiplexed/162326/162326_S131_L001_R1_001.fastq.gz,data/HJK2WDRXY_0_R11674_20210813/demultiplexed/162326/162326_S131_L001_R2_001.fastq.gz,unstranded
162327,data/HJK2WDRXY_0_R11674_20210813/demultiplexed/162327/162327_S132_L001_R1_001.fastq.gz,data/HJK2WDRXY_0_R11674_20210813/demultiplexed/162327/162327_S132_L001_R2_001.fastq.gz,unstranded
162328,data/HJK2WDRXY_0_R11674_20210813/demultiplexed/162328/162328_S133_L001_R1_001.fastq.gz,data/HJK2WDRXY_0_R11674_20210813/demultiplexed/162328/162328_S133_L001_R2_001.fastq.gz,unstranded
162329,data/HJK2WDRXY_0_R11674_20210813/demultiplexed/162329/162329_S134_L001_R1_001.fastq.gz,data/HJK2WDRXY_0_R11674_20210813/demultiplexed/162329/162329_S134_L001_R2_001.fastq.gz,unstranded
162330,data/HJK2WDRXY_0_R11674_20210813/demultiplexed/162330/162330_S135_L001_R1_001.fastq.gz,data/HJK2WDRXY_0_R11674_20210813/demultiplexed/162330/162330_S135_L001_R2_001.fastq.gz,unstranded
162331,data/HJK2WDRXY_0_R11674_20210813/demultiplexed/162331/162331_S136_L001_R1_001.fastq.gz,data/HJK2WDRXY_0_R11674_20210813/demultiplexed/162331/162331_S136_L001_R2_001.fastq.gz,unstranded
162332,data/HJK2WDRXY_0_R11674_20210813/demultiplexed/162332/162332_S137_L001_R1_001.fastq.gz,data/HJK2WDRXY_0_R11674_20210813/demultiplexed/162332/162332_S137_L001_R2_001.fastq.gz,unstranded
162333,data/HJK2WDRXY_0_R11674_20210813/demultiplexed/162333/162333_S138_L001_R1_001.fastq.gz,data/HJK2WDRXY_0_R11674_20210813/demultiplexed/162333/162333_S138_L001_R2_001.fastq.gz,unstranded
162334,data/HJK2WDRXY_0_R11674_20210813/demultiplexed/162334/162334_S139_L001_R1_001.fastq.gz,data/HJK2WDRXY_0_R11674_20210813/demultiplexed/162334/162334_S139_L001_R2_001.fastq.gz,unstranded
162335,data/HJK2WDRXY_0_R11674_20210813/demultiplexed/162335/162335_S140_L001_R1_001.fastq.gz,data/HJK2WDRXY_0_R11674_20210813/demultiplexed/162335/162335_S140_L001_R2_001.fastq.gz,unstranded
162336,data/HJK2WDRXY_0_R11674_20210813/demultiplexed/162336/162336_S141_L001_R1_001.fastq.gz,data/HJK2WDRXY_0_R11674_20210813/demultiplexed/162336/162336_S141_L001_R2_001.fastq.gz,unstranded
162337,data/HJK2WDRXY_0_R11674_20210813/demultiplexed/162337/162337_S142_L001_R1_001.fastq.gz,data/HJK2WDRXY_0_R11674_20210813/demultiplexed/162337/162337_S142_L001_R2_001.fastq.gz,unstranded
162338,data/HJK2WDRXY_0_R11674_20210813/demultiplexed/162338/162338_S143_L001_R1_001.fastq.gz,data/HJK2WDRXY_0_R11674_20210813/demultiplexed/162338/162338_S143_L001_R2_001.fastq.gz,unstranded
162339,data/HJK2WDRXY_0_R11674_20210813/demultiplexed/162339/162339_S144_L001_R1_001.fastq.gz,data/HJK2WDRXY_0_R11674_20210813/demultiplexed/162339/162339_S144_L001_R2_001.fastq.gz,unstranded
162340,data/HJK2WDRXY_0_R11674_20210813/demultiplexed/162340/162340_S145_L001_R1_001.fastq.gz,data/HJK2WDRXY_0_R11674_20210813/demultiplexed/162340/162340_S145_L001_R2_001.fastq.gz,unstranded
162341,data/HJK2WDRXY_0_R11674_20210813/demultiplexed/162341/162341_S146_L001_R1_001.fastq.gz,data/HJK2WDRXY_0_R11674_20210813/demultiplexed/162341/162341_S146_L001_R2_001.fastq.gz,unstranded
162342,data/HJK2WDRXY_0_R11674_20210813/demultiplexed/162342/162342_S147_L001_R1_001.fastq.gz,data/HJK2WDRXY_0_R11674_20210813/demultiplexed/162342/162342_S147_L001_R2_001.fastq.gz,unstranded
162343,data/HJK2WDRXY_0_R11674_20210813/demultiplexed/162343/162343_S148_L001_R1_001.fastq.gz,data/HJK2WDRXY_0_R11674_20210813/demultiplexed/162343/162343_S148_L001_R2_001.fastq.gz,unstranded
162344,data/HJK2WDRXY_0_R11674_20210813/demultiplexed/162344/162344_S149_L001_R1_001.fastq.gz,data/HJK2WDRXY_0_R11674_20210813/demultiplexed/162344/162344_S149_L001_R2_001.fastq.gz,unstranded
162345,data/HJK2WDRXY_0_R11674_20210813/demultiplexed/162345/162345_S150_L001_R1_001.fastq.gz,data/HJK2WDRXY_0_R11674_20210813/demultiplexed/162345/162345_S150_L001_R2_001.fastq.gz,unstranded
162346,data/HJK2WDRXY_0_R11674_20210813/demultiplexed/162346/162346_S151_L001_R1_001.fastq.gz,data/HJK2WDRXY_0_R11674_20210813/demultiplexed/162346/162346_S151_L001_R2_001.fastq.gz,unstranded
162347,data/HJK2WDRXY_0_R11674_20210813/demultiplexed/162347/162347_S152_L001_R1_001.fastq.gz,data/HJK2WDRXY_0_R11674_20210813/demultiplexed/162347/162347_S152_L001_R2_001.fastq.gz,unstranded
162348,data/HJK2WDRXY_0_R11674_20210813/demultiplexed/162348/162348_S153_L001_R1_001.fastq.gz,data/HJK2WDRXY_0_R11674_20210813/demultiplexed/162348/162348_S153_L001_R2_001.fastq.gz,unstranded
162349,data/HJK2WDRXY_0_R11674_20210813/demultiplexed/162349/162349_S154_L001_R1_001.fastq.gz,data/HJK2WDRXY_0_R11674_20210813/demultiplexed/162349/162349_S154_L001_R2_001.fastq.gz,unstranded
162350,data/HJK2WDRXY_0_R11674_20210813/demultiplexed/162350/162350_S155_L001_R1_001.fastq.gz,data/HJK2WDRXY_0_R11674_20210813/demultiplexed/162350/162350_S155_L001_R2_001.fastq.gz,unstranded
162351,data/HJK2WDRXY_0_R11674_20210813/demultiplexed/162351/162351_S156_L001_R1_001.fastq.gz,data/HJK2WDRXY_0_R11674_20210813/demultiplexed/162351/162351_S156_L001_R2_001.fastq.gz,unstranded
162352,data/HJK2WDRXY_0_R11674_20210813/demultiplexed/162352/162352_S157_L001_R1_001.fastq.gz,data/HJK2WDRXY_0_R11674_20210813/demultiplexed/162352/162352_S157_L001_R2_001.fastq.gz,unstranded
162353,data/HJK2WDRXY_0_R11674_20210813/demultiplexed/162353/162353_S158_L001_R1_001.fastq.gz,data/HJK2WDRXY_0_R11674_20210813/demultiplexed/162353/162353_S158_L001_R2_001.fastq.gz,unstranded
162354,data/HJK2WDRXY_0_R11674_20210813/demultiplexed/162354/162354_S159_L001_R1_001.fastq.gz,data/HJK2WDRXY_0_R11674_20210813/demultiplexed/162354/162354_S159_L001_R2_001.fastq.gz,unstranded
162355,data/HJK2WDRXY_0_R11674_20210813/demultiplexed/162355/162355_S160_L001_R1_001.fastq.gz,data/HJK2WDRXY_0_R11674_20210813/demultiplexed/162355/162355_S160_L001_R2_001.fastq.gz,unstranded
162356,data/HJK2WDRXY_0_R11674_20210813/demultiplexed/162356/162356_S161_L001_R1_001.fastq.gz,data/HJK2WDRXY_0_R11674_20210813/demultiplexed/162356/162356_S161_L001_R2_001.fastq.gz,unstranded
162357,data/HJK2WDRXY_0_R11674_20210813/demultiplexed/162357/162357_S162_L001_R1_001.fastq.gz,data/HJK2WDRXY_0_R11674_20210813/demultiplexed/162357/162357_S162_L001_R2_001.fastq.gz,unstranded
162358,data/HJK2WDRXY_0_R11674_20210813/demultiplexed/162358/162358_S163_L001_R1_001.fastq.gz,data/HJK2WDRXY_0_R11674_20210813/demultiplexed/162358/162358_S163_L001_R2_001.fastq.gz,unstranded
162359,data/HJK2WDRXY_0_R11674_20210813/demultiplexed/162359/162359_S164_L001_R1_001.fastq.gz,data/HJK2WDRXY_0_R11674_20210813/demultiplexed/162359/162359_S164_L001_R2_001.fastq.gz,unstranded
162360,data/HJK2WDRXY_0_R11674_20210813/demultiplexed/162360/162360_S165_L001_R1_001.fastq.gz,data/HJK2WDRXY_0_R11674_20210813/demultiplexed/162360/162360_S165_L001_R2_001.fastq.gz,unstranded
162361,data/HJK2WDRXY_0_R11674_20210813/demultiplexed/162361/162361_S166_L001_R1_001.fastq.gz,data/HJK2WDRXY_0_R11674_20210813/demultiplexed/162361/162361_S166_L001_R2_001.fastq.gz,unstranded
162362,data/HJK2WDRXY_0_R11674_20210813/demultiplexed/162362/162362_S167_L001_R1_001.fastq.gz,data/HJK2WDRXY_0_R11674_20210813/demultiplexed/162362/162362_S167_L001_R2_001.fastq.gz,unstranded
162363,data/HJK2WDRXY_0_R11674_20210813/demultiplexed/162363/162363_S168_L001_R1_001.fastq.gz,data/HJK2WDRXY_0_R11674_20210813/demultiplexed/162363/162363_S168_L001_R2_001.fastq.gz,unstranded
162364,data/HJK2WDRXY_0_R11674_20210813/demultiplexed/162364/162364_S169_L001_R1_001.fastq.gz,data/HJK2WDRXY_0_R11674_20210813/demultiplexed/162364/162364_S169_L001_R2_001.fastq.gz,unstranded
162365,data/HJK2WDRXY_0_R11674_20210813/demultiplexed/162365/162365_S170_L001_R1_001.fastq.gz,data/HJK2WDRXY_0_R11674_20210813/demultiplexed/162365/162365_S170_L001_R2_001.fastq.gz,unstranded
162366,data/HJK2WDRXY_0_R11674_20210813/demultiplexed/162366/162366_S171_L001_R1_001.fastq.gz,data/HJK2WDRXY_0_R11674_20210813/demultiplexed/162366/162366_S171_L001_R2_001.fastq.gz,unstranded
162367,data/HJK2WDRXY_0_R11674_20210813/demultiplexed/162367/162367_S172_L001_R1_001.fastq.gz,data/HJK2WDRXY_0_R11674_20210813/demultiplexed/162367/162367_S172_L001_R2_001.fastq.gz,unstranded
162368,data/HJK2WDRXY_0_R11674_20210813/demultiplexed/162368/162368_S173_L001_R1_001.fastq.gz,data/HJK2WDRXY_0_R11674_20210813/demultiplexed/162368/162368_S173_L001_R2_001.fastq.gz,unstranded
162369,data/HJK2WDRXY_0_R11674_20210813/demultiplexed/162369/162369_S174_L001_R1_001.fastq.gz,data/HJK2WDRXY_0_R11674_20210813/demultiplexed/162369/162369_S174_L001_R2_001.fastq.gz,unstranded
162370,data/HJK2WDRXY_0_R11674_20210813/demultiplexed/162370/162370_S175_L001_R1_001.fastq.gz,data/HJK2WDRXY_0_R11674_20210813/demultiplexed/162370/162370_S175_L001_R2_001.fastq.gz,unstranded
162371,data/HJK2WDRXY_0_R11674_20210813/demultiplexed/162371/162371_S176_L001_R1_001.fastq.gz,data/HJK2WDRXY_0_R11674_20210813/demultiplexed/162371/162371_S176_L001_R2_001.fastq.gz,unstranded
162372,data/HJK2WDRXY_0_R11674_20210813/demultiplexed/162372/162372_S177_L001_R1_001.fastq.gz,data/HJK2WDRXY_0_R11674_20210813/demultiplexed/162372/162372_S177_L001_R2_001.fastq.gz,unstranded
162373,data/HJK2WDRXY_0_R11674_20210813/demultiplexed/162373/162373_S178_L001_R1_001.fastq.gz,data/HJK2WDRXY_0_R11674_20210813/demultiplexed/162373/162373_S178_L001_R2_001.fastq.gz,unstranded
162374,data/HJK2WDRXY_0_R11674_20210813/demultiplexed/162374/162374_S179_L001_R1_001.fastq.gz,data/HJK2WDRXY_0_R11674_20210813/demultiplexed/162374/162374_S179_L001_R2_001.fastq.gz,unstranded
162375,data/HJK2WDRXY_0_R11674_20210813/demultiplexed/162375/162375_S180_L001_R1_001.fastq.gz,data/HJK2WDRXY_0_R11674_20210813/demultiplexed/162375/162375_S180_L001_R2_001.fastq.gz,unstranded
162376,data/HJK2WDRXY_0_R11674_20210813/demultiplexed/162376/162376_S181_L001_R1_001.fastq.gz,data/HJK2WDRXY_0_R11674_20210813/demultiplexed/162376/162376_S181_L001_R2_001.fastq.gz,unstranded
162377,data/HJK2WDRXY_0_R11674_20210813/demultiplexed/162377/162377_S182_L001_R1_001.fastq.gz,data/HJK2WDRXY_0_R11674_20210813/demultiplexed/162377/162377_S182_L001_R2_001.fastq.gz,unstranded
162378,data/HJK2WDRXY_0_R11674_20210813/demultiplexed/162378/162378_S183_L001_R1_001.fastq.gz,data/HJK2WDRXY_0_R11674_20210813/demultiplexed/162378/162378_S183_L001_R2_001.fastq.gz,unstranded
162379,data/HJK2WDRXY_0_R11674_20210813/demultiplexed/162379/162379_S184_L001_R1_001.fastq.gz,data/HJK2WDRXY_0_R11674_20210813/demultiplexed/162379/162379_S184_L001_R2_001.fastq.gz,unstranded
162380,data/HJK2WDRXY_0_R11674_20210813/demultiplexed/162380/162380_S185_L001_R1_001.fastq.gz,data/HJK2WDRXY_0_R11674_20210813/demultiplexed/162380/162380_S185_L001_R2_001.fastq.gz,unstranded
162381,data/HJK2WDRXY_0_R11674_20210813/demultiplexed/162381/162381_S186_L001_R1_001.fastq.gz,data/HJK2WDRXY_0_R11674_20210813/demultiplexed/162381/162381_S186_L001_R2_001.fastq.gz,unstranded
162382,data/HJK2WDRXY_0_R11674_20210813/demultiplexed/162382/162382_S187_L001_R1_001.fastq.gz,data/HJK2WDRXY_0_R11674_20210813/demultiplexed/162382/162382_S187_L001_R2_001.fastq.gz,unstranded
162383,data/HJK2WDRXY_0_R11674_20210813/demultiplexed/162383/162383_S188_L001_R1_001.fastq.gz,data/HJK2WDRXY_0_R11674_20210813/demultiplexed/162383/162383_S188_L001_R2_001.fastq.gz,unstranded
162384,data/HJK2WDRXY_0_R11674_20210813/demultiplexed/162384/162384_S189_L002_R1_001.fastq.gz,data/HJK2WDRXY_0_R11674_20210813/demultiplexed/162384/162384_S189_L002_R2_001.fastq.gz,unstranded
162385,data/HJK2WDRXY_0_R11674_20210813/demultiplexed/162385/162385_S190_L002_R1_001.fastq.gz,data/HJK2WDRXY_0_R11674_20210813/demultiplexed/162385/162385_S190_L002_R2_001.fastq.gz,unstranded
162386,data/HJK2WDRXY_0_R11674_20210813/demultiplexed/162386/162386_S191_L002_R1_001.fastq.gz,data/HJK2WDRXY_0_R11674_20210813/demultiplexed/162386/162386_S191_L002_R2_001.fastq.gz,unstranded
162387,data/HJK2WDRXY_0_R11674_20210813/demultiplexed/162387/162387_S192_L002_R1_001.fastq.gz,data/HJK2WDRXY_0_R11674_20210813/demultiplexed/162387/162387_S192_L002_R2_001.fastq.gz,unstranded
162388,data/HJK2WDRXY_0_R11674_20210813/demultiplexed/162388/162388_S193_L002_R1_001.fastq.gz,data/HJK2WDRXY_0_R11674_20210813/demultiplexed/162388/162388_S193_L002_R2_001.fastq.gz,unstranded
162389,data/HJK2WDRXY_0_R11674_20210813/demultiplexed/162389/162389_S194_L002_R1_001.fastq.gz,data/HJK2WDRXY_0_R11674_20210813/demultiplexed/162389/162389_S194_L002_R2_001.fastq.gz,unstranded
162390,data/HJK2WDRXY_0_R11674_20210813/demultiplexed/162390/162390_S195_L002_R1_001.fastq.gz,data/HJK2WDRXY_0_R11674_20210813/demultiplexed/162390/162390_S195_L002_R2_001.fastq.gz,unstranded
162391,data/HJK2WDRXY_0_R11674_20210813/demultiplexed/162391/162391_S196_L002_R1_001.fastq.gz,data/HJK2WDRXY_0_R11674_20210813/demultiplexed/162391/162391_S196_L002_R2_001.fastq.gz,unstranded
162392,data/HJK2WDRXY_0_R11674_20210813/demultiplexed/162392/162392_S197_L002_R1_001.fastq.gz,data/HJK2WDRXY_0_R11674_20210813/demultiplexed/162392/162392_S197_L002_R2_001.fastq.gz,unstranded
162393,data/HJK2WDRXY_0_R11674_20210813/demultiplexed/162393/162393_S198_L002_R1_001.fastq.gz,data/HJK2WDRXY_0_R11674_20210813/demultiplexed/162393/162393_S198_L002_R2_001.fastq.gz,unstranded
162394,data/HJK2WDRXY_0_R11674_20210813/demultiplexed/162394/162394_S199_L002_R1_001.fastq.gz,data/HJK2WDRXY_0_R11674_20210813/demultiplexed/162394/162394_S199_L002_R2_001.fastq.gz,unstranded
162395,data/HJK2WDRXY_0_R11674_20210813/demultiplexed/162395/162395_S200_L002_R1_001.fastq.gz,data/HJK2WDRXY_0_R11674_20210813/demultiplexed/162395/162395_S200_L002_R2_001.fastq.gz,unstranded
162396,data/HJK2WDRXY_0_R11674_20210813/demultiplexed/162396/162396_S201_L002_R1_001.fastq.gz,data/HJK2WDRXY_0_R11674_20210813/demultiplexed/162396/162396_S201_L002_R2_001.fastq.gz,unstranded
162397,data/HJK2WDRXY_0_R11674_20210813/demultiplexed/162397/162397_S202_L002_R1_001.fastq.gz,data/HJK2WDRXY_0_R11674_20210813/demultiplexed/162397/162397_S202_L002_R2_001.fastq.gz,unstranded
162398,data/HJK2WDRXY_0_R11674_20210813/demultiplexed/162398/162398_S203_L002_R1_001.fastq.gz,data/HJK2WDRXY_0_R11674_20210813/demultiplexed/162398/162398_S203_L002_R2_001.fastq.gz,unstranded
162399,data/HJK2WDRXY_0_R11674_20210813/demultiplexed/162399/162399_S204_L002_R1_001.fastq.gz,data/HJK2WDRXY_0_R11674_20210813/demultiplexed/162399/162399_S204_L002_R2_001.fastq.gz,unstranded
162400,data/HJK2WDRXY_0_R11674_20210813/demultiplexed/162400/162400_S205_L002_R1_001.fastq.gz,data/HJK2WDRXY_0_R11674_20210813/demultiplexed/162400/162400_S205_L002_R2_001.fastq.gz,unstranded
162401,data/HJK2WDRXY_0_R11674_20210813/demultiplexed/162401/162401_S206_L002_R1_001.fastq.gz,data/HJK2WDRXY_0_R11674_20210813/demultiplexed/162401/162401_S206_L002_R2_001.fastq.gz,unstranded
162402,data/HJK2WDRXY_0_R11674_20210813/demultiplexed/162402/162402_S207_L002_R1_001.fastq.gz,data/HJK2WDRXY_0_R11674_20210813/demultiplexed/162402/162402_S207_L002_R2_001.fastq.gz,unstranded
162403,data/HJK2WDRXY_0_R11674_20210813/demultiplexed/162403/162403_S208_L002_R1_001.fastq.gz,data/HJK2WDRXY_0_R11674_20210813/demultiplexed/162403/162403_S208_L002_R2_001.fastq.gz,unstranded
162404,data/HJK2WDRXY_0_R11674_20210813/demultiplexed/162404/162404_S209_L002_R1_001.fastq.gz,data/HJK2WDRXY_0_R11674_20210813/demultiplexed/162404/162404_S209_L002_R2_001.fastq.gz,unstranded
162405,data/HJK2WDRXY_0_R11674_20210813/demultiplexed/162405/162405_S210_L002_R1_001.fastq.gz,data/HJK2WDRXY_0_R11674_20210813/demultiplexed/162405/162405_S210_L002_R2_001.fastq.gz,unstranded
162406,data/HJK2WDRXY_0_R11674_20210813/demultiplexed/162406/162406_S211_L002_R1_001.fastq.gz,data/HJK2WDRXY_0_R11674_20210813/demultiplexed/162406/162406_S211_L002_R2_001.fastq.gz,unstranded
162407,data/HJK2WDRXY_0_R11674_20210813/demultiplexed/162407/162407_S212_L002_R1_001.fastq.gz,data/HJK2WDRXY_0_R11674_20210813/demultiplexed/162407/162407_S212_L002_R2_001.fastq.gz,unstranded
162408,data/HJK2WDRXY_0_R11674_20210813/demultiplexed/162408/162408_S213_L002_R1_001.fastq.gz,data/HJK2WDRXY_0_R11674_20210813/demultiplexed/162408/162408_S213_L002_R2_001.fastq.gz,unstranded
162409,data/HJK2WDRXY_0_R11674_20210813/demultiplexed/162409/162409_S214_L002_R1_001.fastq.gz,data/HJK2WDRXY_0_R11674_20210813/demultiplexed/162409/162409_S214_L002_R2_001.fastq.gz,unstranded
162410,data/HJK2WDRXY_0_R11674_20210813/demultiplexed/162410/162410_S215_L002_R1_001.fastq.gz,data/HJK2WDRXY_0_R11674_20210813/demultiplexed/162410/162410_S215_L002_R2_001.fastq.gz,unstranded
162411,data/HJK2WDRXY_0_R11674_20210813/demultiplexed/162411/162411_S216_L002_R1_001.fastq.gz,data/HJK2WDRXY_0_R11674_20210813/demultiplexed/162411/162411_S216_L002_R2_001.fastq.gz,unstranded
162412,data/HJK2WDRXY_0_R11674_20210813/demultiplexed/162412/162412_S217_L002_R1_001.fastq.gz,data/HJK2WDRXY_0_R11674_20210813/demultiplexed/162412/162412_S217_L002_R2_001.fastq.gz,unstranded
162413,data/HJK2WDRXY_0_R11674_20210813/demultiplexed/162413/162413_S218_L002_R1_001.fastq.gz,data/HJK2WDRXY_0_R11674_20210813/demultiplexed/162413/162413_S218_L002_R2_001.fastq.gz,unstranded
162414,data/HJK2WDRXY_0_R11674_20210813/demultiplexed/162414/162414_S219_L002_R1_001.fastq.gz,data/HJK2WDRXY_0_R11674_20210813/demultiplexed/162414/162414_S219_L002_R2_001.fastq.gz,unstranded
162415,data/HJK2WDRXY_0_R11674_20210813/demultiplexed/162415/162415_S220_L002_R1_001.fastq.gz,data/HJK2WDRXY_0_R11674_20210813/demultiplexed/162415/162415_S220_L002_R2_001.fastq.gz,unstranded
162416,data/HJK2WDRXY_0_R11674_20210813/demultiplexed/162416/162416_S221_L002_R1_001.fastq.gz,data/HJK2WDRXY_0_R11674_20210813/demultiplexed/162416/162416_S221_L002_R2_001.fastq.gz,unstranded
162417,data/HJK2WDRXY_0_R11674_20210813/demultiplexed/162417/162417_S222_L002_R1_001.fastq.gz,data/HJK2WDRXY_0_R11674_20210813/demultiplexed/162417/162417_S222_L002_R2_001.fastq.gz,unstranded
162418,data/HJK2WDRXY_0_R11674_20210813/demultiplexed/162418/162418_S223_L002_R1_001.fastq.gz,data/HJK2WDRXY_0_R11674_20210813/demultiplexed/162418/162418_S223_L002_R2_001.fastq.gz,unstranded
162419,data/HJK2WDRXY_0_R11674_20210813/demultiplexed/162419/162419_S224_L002_R1_001.fastq.gz,data/HJK2WDRXY_0_R11674_20210813/demultiplexed/162419/162419_S224_L002_R2_001.fastq.gz,unstranded
162420,data/HJK2WDRXY_0_R11674_20210813/demultiplexed/162420/162420_S225_L002_R1_001.fastq.gz,data/HJK2WDRXY_0_R11674_20210813/demultiplexed/162420/162420_S225_L002_R2_001.fastq.gz,unstranded
162421,data/HJK2WDRXY_0_R11674_20210813/demultiplexed/162421/162421_S226_L002_R1_001.fastq.gz,data/HJK2WDRXY_0_R11674_20210813/demultiplexed/162421/162421_S226_L002_R2_001.fastq.gz,unstranded
162422,data/HJK2WDRXY_0_R11674_20210813/demultiplexed/162422/162422_S227_L002_R1_001.fastq.gz,data/HJK2WDRXY_0_R11674_20210813/demultiplexed/162422/162422_S227_L002_R2_001.fastq.gz,unstranded
162423,data/HJK2WDRXY_0_R11674_20210813/demultiplexed/162423/162423_S228_L002_R1_001.fastq.gz,data/HJK2WDRXY_0_R11674_20210813/demultiplexed/162423/162423_S228_L002_R2_001.fastq.gz,unstranded
162424,data/HJK2WDRXY_0_R11674_20210813/demultiplexed/162424/162424_S229_L002_R1_001.fastq.gz,data/HJK2WDRXY_0_R11674_20210813/demultiplexed/162424/162424_S229_L002_R2_001.fastq.gz,unstranded
162425,data/HJK2WDRXY_0_R11674_20210813/demultiplexed/162425/162425_S230_L002_R1_001.fastq.gz,data/HJK2WDRXY_0_R11674_20210813/demultiplexed/162425/162425_S230_L002_R2_001.fastq.gz,unstranded
162426,data/HJK2WDRXY_0_R11674_20210813/demultiplexed/162426/162426_S231_L002_R1_001.fastq.gz,data/HJK2WDRXY_0_R11674_20210813/demultiplexed/162426/162426_S231_L002_R2_001.fastq.gz,unstranded
162427,data/HJK2WDRXY_0_R11674_20210813/demultiplexed/162427/162427_S232_L002_R1_001.fastq.gz,data/HJK2WDRXY_0_R11674_20210813/demultiplexed/162427/162427_S232_L002_R2_001.fastq.gz,unstranded
162428,data/HJK2WDRXY_0_R11674_20210813/demultiplexed/162428/162428_S233_L002_R1_001.fastq.gz,data/HJK2WDRXY_0_R11674_20210813/demultiplexed/162428/162428_S233_L002_R2_001.fastq.gz,unstranded
162429,data/HJK2WDRXY_0_R11674_20210813/demultiplexed/162429/162429_S234_L002_R1_001.fastq.gz,data/HJK2WDRXY_0_R11674_20210813/demultiplexed/162429/162429_S234_L002_R2_001.fastq.gz,unstranded
162430,data/HJK2WDRXY_0_R11674_20210813/demultiplexed/162430/162430_S235_L002_R1_001.fastq.gz,data/HJK2WDRXY_0_R11674_20210813/demultiplexed/162430/162430_S235_L002_R2_001.fastq.gz,unstranded
162431,data/HJK2WDRXY_0_R11674_20210813/demultiplexed/162431/162431_S236_L002_R1_001.fastq.gz,data/HJK2WDRXY_0_R11674_20210813/demultiplexed/162431/162431_S236_L002_R2_001.fastq.gz,unstranded
162432,data/HJK2WDRXY_0_R11674_20210813/demultiplexed/162432/162432_S237_L002_R1_001.fastq.gz,data/HJK2WDRXY_0_R11674_20210813/demultiplexed/162432/162432_S237_L002_R2_001.fastq.gz,unstranded
162433,data/HJK2WDRXY_0_R11674_20210813/demultiplexed/162433/162433_S238_L002_R1_001.fastq.gz,data/HJK2WDRXY_0_R11674_20210813/demultiplexed/162433/162433_S238_L002_R2_001.fastq.gz,unstranded
162434,data/HJK2WDRXY_0_R11674_20210813/demultiplexed/162434/162434_S239_L002_R1_001.fastq.gz,data/HJK2WDRXY_0_R11674_20210813/demultiplexed/162434/162434_S239_L002_R2_001.fastq.gz,unstranded
162435,data/HJK2WDRXY_0_R11674_20210813/demultiplexed/162435/162435_S240_L002_R1_001.fastq.gz,data/HJK2WDRXY_0_R11674_20210813/demultiplexed/162435/162435_S240_L002_R2_001.fastq.gz,unstranded
162436,data/HJK2WDRXY_0_R11674_20210813/demultiplexed/162436/162436_S241_L002_R1_001.fastq.gz,data/HJK2WDRXY_0_R11674_20210813/demultiplexed/162436/162436_S241_L002_R2_001.fastq.gz,unstranded
162437,data/HJK2WDRXY_0_R11674_20210813/demultiplexed/162437/162437_S242_L002_R1_001.fastq.gz,data/HJK2WDRXY_0_R11674_20210813/demultiplexed/162437/162437_S242_L002_R2_001.fastq.gz,unstranded
162438,data/HJK2WDRXY_0_R11674_20210813/demultiplexed/162438/162438_S243_L002_R1_001.fastq.gz,data/HJK2WDRXY_0_R11674_20210813/demultiplexed/162438/162438_S243_L002_R2_001.fastq.gz,unstranded
162439,data/HJK2WDRXY_0_R11674_20210813/demultiplexed/162439/162439_S244_L002_R1_001.fastq.gz,data/HJK2WDRXY_0_R11674_20210813/demultiplexed/162439/162439_S244_L002_R2_001.fastq.gz,unstranded
162440,data/HJK2WDRXY_0_R11674_20210813/demultiplexed/162440/162440_S245_L002_R1_001.fastq.gz,data/HJK2WDRXY_0_R11674_20210813/demultiplexed/162440/162440_S245_L002_R2_001.fastq.gz,unstranded
162441,data/HJK2WDRXY_0_R11674_20210813/demultiplexed/162441/162441_S246_L002_R1_001.fastq.gz,data/HJK2WDRXY_0_R11674_20210813/demultiplexed/162441/162441_S246_L002_R2_001.fastq.gz,unstranded
162442,data/HJK2WDRXY_0_R11674_20210813/demultiplexed/162442/162442_S247_L002_R1_001.fastq.gz,data/HJK2WDRXY_0_R11674_20210813/demultiplexed/162442/162442_S247_L002_R2_001.fastq.gz,unstranded
162443,data/HJK2WDRXY_0_R11674_20210813/demultiplexed/162443/162443_S248_L002_R1_001.fastq.gz,data/HJK2WDRXY_0_R11674_20210813/demultiplexed/162443/162443_S248_L002_R2_001.fastq.gz,unstranded
162444,data/HJK2WDRXY_0_R11674_20210813/demultiplexed/162444/162444_S249_L002_R1_001.fastq.gz,data/HJK2WDRXY_0_R11674_20210813/demultiplexed/162444/162444_S249_L002_R2_001.fastq.gz,unstranded
162445,data/HJK2WDRXY_0_R11674_20210813/demultiplexed/162445/162445_S250_L002_R1_001.fastq.gz,data/HJK2WDRXY_0_R11674_20210813/demultiplexed/162445/162445_S250_L002_R2_001.fastq.gz,unstranded
162446,data/HJK2WDRXY_0_R11674_20210813/demultiplexed/162446/162446_S251_L002_R1_001.fastq.gz,data/HJK2WDRXY_0_R11674_20210813/demultiplexed/162446/162446_S251_L002_R2_001.fastq.gz,unstranded
162447,data/HJK2WDRXY_0_R11674_20210813/demultiplexed/162447/162447_S252_L002_R1_001.fastq.gz,data/HJK2WDRXY_0_R11674_20210813/demultiplexed/162447/162447_S252_L002_R2_001.fastq.gz,unstranded
162448,data/HJK2WDRXY_0_R11674_20210813/demultiplexed/162448/162448_S253_L002_R1_001.fastq.gz,data/HJK2WDRXY_0_R11674_20210813/demultiplexed/162448/162448_S253_L002_R2_001.fastq.gz,unstranded
162449,data/HJK2WDRXY_0_R11674_20210813/demultiplexed/162449/162449_S254_L002_R1_001.fastq.gz,data/HJK2WDRXY_0_R11674_20210813/demultiplexed/162449/162449_S254_L002_R2_001.fastq.gz,unstranded
162450,data/HJK2WDRXY_0_R11674_20210813/demultiplexed/162450/162450_S255_L002_R1_001.fastq.gz,data/HJK2WDRXY_0_R11674_20210813/demultiplexed/162450/162450_S255_L002_R2_001.fastq.gz,unstranded
162451,data/HJK2WDRXY_0_R11674_20210813/demultiplexed/162451/162451_S256_L002_R1_001.fastq.gz,data/HJK2WDRXY_0_R11674_20210813/demultiplexed/162451/162451_S256_L002_R2_001.fastq.gz,unstranded
162452,data/HJK2WDRXY_0_R11674_20210813/demultiplexed/162452/162452_S257_L002_R1_001.fastq.gz,data/HJK2WDRXY_0_R11674_20210813/demultiplexed/162452/162452_S257_L002_R2_001.fastq.gz,unstranded
162453,data/HJK2WDRXY_0_R11674_20210813/demultiplexed/162453/162453_S258_L002_R1_001.fastq.gz,data/HJK2WDRXY_0_R11674_20210813/demultiplexed/162453/162453_S258_L002_R2_001.fastq.gz,unstranded
162454,data/HJK2WDRXY_0_R11674_20210813/demultiplexed/162454/162454_S259_L002_R1_001.fastq.gz,data/HJK2WDRXY_0_R11674_20210813/demultiplexed/162454/162454_S259_L002_R2_001.fastq.gz,unstranded
162455,data/HJK2WDRXY_0_R11674_20210813/demultiplexed/162455/162455_S260_L002_R1_001.fastq.gz,data/HJK2WDRXY_0_R11674_20210813/demultiplexed/162455/162455_S260_L002_R2_001.fastq.gz,unstranded
162456,data/HJK2WDRXY_0_R11674_20210813/demultiplexed/162456/162456_S261_L002_R1_001.fastq.gz,data/HJK2WDRXY_0_R11674_20210813/demultiplexed/162456/162456_S261_L002_R2_001.fastq.gz,unstranded
162457,data/HJK2WDRXY_0_R11674_20210813/demultiplexed/162457/162457_S262_L002_R1_001.fastq.gz,data/HJK2WDRXY_0_R11674_20210813/demultiplexed/162457/162457_S262_L002_R2_001.fastq.gz,unstranded
162458,data/HJK2WDRXY_0_R11674_20210813/demultiplexed/162458/162458_S263_L002_R1_001.fastq.gz,data/HJK2WDRXY_0_R11674_20210813/demultiplexed/162458/162458_S263_L002_R2_001.fastq.gz,unstranded
162459,data/HJK2WDRXY_0_R11674_20210813/demultiplexed/162459/162459_S264_L002_R1_001.fastq.gz,data/HJK2WDRXY_0_R11674_20210813/demultiplexed/162459/162459_S264_L002_R2_001.fastq.gz,unstranded
162460,data/HJK2WDRXY_0_R11674_20210813/demultiplexed/162460/162460_S265_L002_R1_001.fastq.gz,data/HJK2WDRXY_0_R11674_20210813/demultiplexed/162460/162460_S265_L002_R2_001.fastq.gz,unstranded
162461,data/HJK2WDRXY_0_R11674_20210813/demultiplexed/162461/162461_S266_L002_R1_001.fastq.gz,data/HJK2WDRXY_0_R11674_20210813/demultiplexed/162461/162461_S266_L002_R2_001.fastq.gz,unstranded
162462,data/HJK2WDRXY_0_R11674_20210813/demultiplexed/162462/162462_S267_L002_R1_001.fastq.gz,data/HJK2WDRXY_0_R11674_20210813/demultiplexed/162462/162462_S267_L002_R2_001.fastq.gz,unstranded
162463,data/HJK2WDRXY_0_R11674_20210813/demultiplexed/162463/162463_S268_L002_R1_001.fastq.gz,data/HJK2WDRXY_0_R11674_20210813/demultiplexed/162463/162463_S268_L002_R2_001.fastq.gz,unstranded
162464,data/HJK2WDRXY_0_R11674_20210813/demultiplexed/162464/162464_S269_L002_R1_001.fastq.gz,data/HJK2WDRXY_0_R11674_20210813/demultiplexed/162464/162464_S269_L002_R2_001.fastq.gz,unstranded
162465,data/HJK2WDRXY_0_R11674_20210813/demultiplexed/162465/162465_S270_L002_R1_001.fastq.gz,data/HJK2WDRXY_0_R11674_20210813/demultiplexed/162465/162465_S270_L002_R2_001.fastq.gz,unstranded
162466,data/HJK2WDRXY_0_R11674_20210813/demultiplexed/162466/162466_S271_L002_R1_001.fastq.gz,data/HJK2WDRXY_0_R11674_20210813/demultiplexed/162466/162466_S271_L002_R2_001.fastq.gz,unstranded
162467,data/HJK2WDRXY_0_R11674_20210813/demultiplexed/162467/162467_S272_L002_R1_001.fastq.gz,data/HJK2WDRXY_0_R11674_20210813/demultiplexed/162467/162467_S272_L002_R2_001.fastq.gz,unstranded
162468,data/HJK2WDRXY_0_R11674_20210813/demultiplexed/162468/162468_S273_L002_R1_001.fastq.gz,data/HJK2WDRXY_0_R11674_20210813/demultiplexed/162468/162468_S273_L002_R2_001.fastq.gz,unstranded
162469,data/HJK2WDRXY_0_R11674_20210813/demultiplexed/162469/162469_S274_L002_R1_001.fastq.gz,data/HJK2WDRXY_0_R11674_20210813/demultiplexed/162469/162469_S274_L002_R2_001.fastq.gz,unstranded
162470,data/HJK2WDRXY_0_R11674_20210813/demultiplexed/162470/162470_S275_L002_R1_001.fastq.gz,data/HJK2WDRXY_0_R11674_20210813/demultiplexed/162470/162470_S275_L002_R2_001.fastq.gz,unstranded
162471,data/HJK2WDRXY_0_R11674_20210813/demultiplexed/162471/162471_S276_L002_R1_001.fastq.gz,data/HJK2WDRXY_0_R11674_20210813/demultiplexed/162471/162471_S276_L002_R2_001.fastq.gz,unstranded
162472,data/HJK2WDRXY_0_R11674_20210813/demultiplexed/162472/162472_S277_L002_R1_001.fastq.gz,data/HJK2WDRXY_0_R11674_20210813/demultiplexed/162472/162472_S277_L002_R2_001.fastq.gz,unstranded
162473,data/HJK2WDRXY_0_R11674_20210813/demultiplexed/162473/162473_S278_L002_R1_001.fastq.gz,data/HJK2WDRXY_0_R11674_20210813/demultiplexed/162473/162473_S278_L002_R2_001.fastq.gz,unstranded
162474,data/HJK2WDRXY_0_R11674_20210813/demultiplexed/162474/162474_S279_L002_R1_001.fastq.gz,data/HJK2WDRXY_0_R11674_20210813/demultiplexed/162474/162474_S279_L002_R2_001.fastq.gz,unstranded
162475,data/HJK2WDRXY_0_R11674_20210813/demultiplexed/162475/162475_S280_L002_R1_001.fastq.gz,data/HJK2WDRXY_0_R11674_20210813/demultiplexed/162475/162475_S280_L002_R2_001.fastq.gz,unstranded
162476,data/HJK2WDRXY_0_R11674_20210813/demultiplexed/162476/162476_S281_L002_R1_001.fastq.gz,data/HJK2WDRXY_0_R11674_20210813/demultiplexed/162476/162476_S281_L002_R2_001.fastq.gz,unstranded
162477,data/HJK2WDRXY_0_R11674_20210813/demultiplexed/162477/162477_S282_L002_R1_001.fastq.gz,data/HJK2WDRXY_0_R11674_20210813/demultiplexed/162477/162477_S282_L002_R2_001.fastq.gz,unstranded
162478,data/HJK2WDRXY_0_R11674_20210813/demultiplexed/162478/162478_S283_L002_R1_001.fastq.gz,data/HJK2WDRXY_0_R11674_20210813/demultiplexed/162478/162478_S283_L002_R2_001.fastq.gz,unstranded
162479,data/HJK2WDRXY_0_R11674_20210813/demultiplexed/162479/162479_S284_L002_R1_001.fastq.gz,data/HJK2WDRXY_0_R11674_20210813/demultiplexed/162479/162479_S284_L002_R2_001.fastq.gz,unstranded
162480,data/HJK2WDRXY_0_R11674_20210813/demultiplexed/162480/162480_S285_L002_R1_001.fastq.gz,data/HJK2WDRXY_0_R11674_20210813/demultiplexed/162480/162480_S285_L002_R2_001.fastq.gz,unstranded
162481,data/HJK2WDRXY_0_R11674_20210813/demultiplexed/162481/162481_S286_L002_R1_001.fastq.gz,data/HJK2WDRXY_0_R11674_20210813/demultiplexed/162481/162481_S286_L002_R2_001.fastq.gz,unstranded
162482,data/HJK2WDRXY_0_R11674_20210813/demultiplexed/162482/162482_S287_L002_R1_001.fastq.gz,data/HJK2WDRXY_0_R11674_20210813/demultiplexed/162482/162482_S287_L002_R2_001.fastq.gz,unstranded
162483,data/HJK2WDRXY_0_R11674_20210813/demultiplexed/162483/162483_S288_L002_R1_001.fastq.gz,data/HJK2WDRXY_0_R11674_20210813/demultiplexed/162483/162483_S288_L002_R2_001.fastq.gz,unstranded
162484,data/HJK2WDRXY_0_R11674_20210813/demultiplexed/162484/162484_S289_L002_R1_001.fastq.gz,data/HJK2WDRXY_0_R11674_20210813/demultiplexed/162484/162484_S289_L002_R2_001.fastq.gz,unstranded
162485,data/HJK2WDRXY_0_R11674_20210813/demultiplexed/162485/162485_S290_L002_R1_001.fastq.gz,data/HJK2WDRXY_0_R11674_20210813/demultiplexed/162485/162485_S290_L002_R2_001.fastq.gz,unstranded
162486,data/HJK2WDRXY_0_R11674_20210813/demultiplexed/162486/162486_S291_L002_R1_001.fastq.gz,data/HJK2WDRXY_0_R11674_20210813/demultiplexed/162486/162486_S291_L002_R2_001.fastq.gz,unstranded
162487,data/HJK2WDRXY_0_R11674_20210813/demultiplexed/162487/162487_S292_L002_R1_001.fastq.gz,data/HJK2WDRXY_0_R11674_20210813/demultiplexed/162487/162487_S292_L002_R2_001.fastq.gz,unstranded
162488,data/HJK2WDRXY_0_R11674_20210813/demultiplexed/162488/162488_S293_L002_R1_001.fastq.gz,data/HJK2WDRXY_0_R11674_20210813/demultiplexed/162488/162488_S293_L002_R2_001.fastq.gz,unstranded
162489,data/HJK2WDRXY_0_R11674_20210813/demultiplexed/162489/162489_S294_L002_R1_001.fastq.gz,data/HJK2WDRXY_0_R11674_20210813/demultiplexed/162489/162489_S294_L002_R2_001.fastq.gz,unstranded
162490,data/HJK2WDRXY_0_R11674_20210813/demultiplexed/162490/162490_S295_L002_R1_001.fastq.gz,data/HJK2WDRXY_0_R11674_20210813/demultiplexed/162490/162490_S295_L002_R2_001.fastq.gz,unstranded
162491,data/HJK2WDRXY_0_R11674_20210813/demultiplexed/162491/162491_S296_L002_R1_001.fastq.gz,data/HJK2WDRXY_0_R11674_20210813/demultiplexed/162491/162491_S296_L002_R2_001.fastq.gz,unstranded
162492,data/HJK2WDRXY_0_R11674_20210813/demultiplexed/162492/162492_S297_L002_R1_001.fastq.gz,data/HJK2WDRXY_0_R11674_20210813/demultiplexed/162492/162492_S297_L002_R2_001.fastq.gz,unstranded
162493,data/HJK2WDRXY_0_R11674_20210813/demultiplexed/162493/162493_S298_L002_R1_001.fastq.gz,data/HJK2WDRXY_0_R11674_20210813/demultiplexed/162493/162493_S298_L002_R2_001.fastq.gz,unstranded
162494,data/HJK2WDRXY_0_R11674_20210813/demultiplexed/162494/162494_S299_L002_R1_001.fastq.gz,data/HJK2WDRXY_0_R11674_20210813/demultiplexed/162494/162494_S299_L002_R2_001.fastq.gz,unstranded
162495,data/HJK2WDRXY_0_R11674_20210813/demultiplexed/162495/162495_S300_L002_R1_001.fastq.gz,data/HJK2WDRXY_0_R11674_20210813/demultiplexed/162495/162495_S300_L002_R2_001.fastq.gz,unstranded
162496,data/HJK2WDRXY_0_R11674_20210813/demultiplexed/162496/162496_S301_L002_R1_001.fastq.gz,data/HJK2WDRXY_0_R11674_20210813/demultiplexed/162496/162496_S301_L002_R2_001.fastq.gz,unstranded
162497,data/HJK2WDRXY_0_R11674_20210813/demultiplexed/162497/162497_S302_L002_R1_001.fastq.gz,data/HJK2WDRXY_0_R11674_20210813/demultiplexed/162497/162497_S302_L002_R2_001.fastq.gz,unstranded
162498,data/HJK2WDRXY_0_R11674_20210813/demultiplexed/162498/162498_S303_L002_R1_001.fastq.gz,data/HJK2WDRXY_0_R11674_20210813/demultiplexed/162498/162498_S303_L002_R2_001.fastq.gz,unstranded
162499,data/HJK2WDRXY_0_R11674_20210813/demultiplexed/162499/162499_S304_L002_R1_001.fastq.gz,data/HJK2WDRXY_0_R11674_20210813/demultiplexed/162499/162499_S304_L002_R2_001.fastq.gz,unstranded
162500,data/HJK2WDRXY_0_R11674_20210813/demultiplexed/162500/162500_S305_L002_R1_001.fastq.gz,data/HJK2WDRXY_0_R11674_20210813/demultiplexed/162500/162500_S305_L002_R2_001.fastq.gz,unstranded
162501,data/HJK2WDRXY_0_R11674_20210813/demultiplexed/162501/162501_S306_L002_R1_001.fastq.gz,data/HJK2WDRXY_0_R11674_20210813/demultiplexed/162501/162501_S306_L002_R2_001.fastq.gz,unstranded
162502,data/HJK2WDRXY_0_R11674_20210813/demultiplexed/162502/162502_S307_L002_R1_001.fastq.gz,data/HJK2WDRXY_0_R11674_20210813/demultiplexed/162502/162502_S307_L002_R2_001.fastq.gz,unstranded
162503,data/HJK2WDRXY_0_R11674_20210813/demultiplexed/162503/162503_S308_L002_R1_001.fastq.gz,data/HJK2WDRXY_0_R11674_20210813/demultiplexed/162503/162503_S308_L002_R2_001.fastq.gz,unstranded
162504,data/HJK2WDRXY_0_R11674_20210813/demultiplexed/162504/162504_S309_L002_R1_001.fastq.gz,data/HJK2WDRXY_0_R11674_20210813/demultiplexed/162504/162504_S309_L002_R2_001.fastq.gz,unstranded
162505,data/HJK2WDRXY_0_R11674_20210813/demultiplexed/162505/162505_S310_L002_R1_001.fastq.gz,data/HJK2WDRXY_0_R11674_20210813/demultiplexed/162505/162505_S310_L002_R2_001.fastq.gz,unstranded
162506,data/HJK2WDRXY_0_R11674_20210813/demultiplexed/162506/162506_S311_L002_R1_001.fastq.gz,data/HJK2WDRXY_0_R11674_20210813/demultiplexed/162506/162506_S311_L002_R2_001.fastq.gz,unstranded
162507,data/HJK2WDRXY_0_R11674_20210813/demultiplexed/162507/162507_S312_L002_R1_001.fastq.gz,data/HJK2WDRXY_0_R11674_20210813/demultiplexed/162507/162507_S312_L002_R2_001.fastq.gz,unstranded
162508,data/HJK2WDRXY_0_R11674_20210813/demultiplexed/162508/162508_S313_L002_R1_001.fastq.gz,data/HJK2WDRXY_0_R11674_20210813/demultiplexed/162508/162508_S313_L002_R2_001.fastq.gz,unstranded
162509,data/HJK2WDRXY_0_R11674_20210813/demultiplexed/162509/162509_S314_L002_R1_001.fastq.gz,data/HJK2WDRXY_0_R11674_20210813/demultiplexed/162509/162509_S314_L002_R2_001.fastq.gz,unstranded
162510,data/HJK2WDRXY_0_R11674_20210813/demultiplexed/162510/162510_S315_L002_R1_001.fastq.gz,data/HJK2WDRXY_0_R11674_20210813/demultiplexed/162510/162510_S315_L002_R2_001.fastq.gz,unstranded
162511,data/HJK2WDRXY_0_R11674_20210813/demultiplexed/162511/162511_S316_L002_R1_001.fastq.gz,data/HJK2WDRXY_0_R11674_20210813/demultiplexed/162511/162511_S316_L002_R2_001.fastq.gz,unstranded
162512,data/HJK2WDRXY_0_R11674_20210813/demultiplexed/162512/162512_S317_L002_R1_001.fastq.gz,data/HJK2WDRXY_0_R11674_20210813/demultiplexed/162512/162512_S317_L002_R2_001.fastq.gz,unstranded
162513,data/HJK2WDRXY_0_R11674_20210813/demultiplexed/162513/162513_S318_L002_R1_001.fastq.gz,data/HJK2WDRXY_0_R11674_20210813/demultiplexed/162513/162513_S318_L002_R2_001.fastq.gz,unstranded
162514,data/HJK2WDRXY_0_R11674_20210813/demultiplexed/162514/162514_S319_L002_R1_001.fastq.gz,data/HJK2WDRXY_0_R11674_20210813/demultiplexed/162514/162514_S319_L002_R2_001.fastq.gz,unstranded
162515,data/HJK2WDRXY_0_R11674_20210813/demultiplexed/162515/162515_S320_L002_R1_001.fastq.gz,data/HJK2WDRXY_0_R11674_20210813/demultiplexed/162515/162515_S320_L002_R2_001.fastq.gz,unstranded
162516,data/HJK2WDRXY_0_R11674_20210813/demultiplexed/162516/162516_S321_L002_R1_001.fastq.gz,data/HJK2WDRXY_0_R11674_20210813/demultiplexed/162516/162516_S321_L002_R2_001.fastq.gz,unstranded
162517,data/HJK2WDRXY_0_R11674_20210813/demultiplexed/162517/162517_S322_L002_R1_001.fastq.gz,data/HJK2WDRXY_0_R11674_20210813/demultiplexed/162517/162517_S322_L002_R2_001.fastq.gz,unstranded
162518,data/HJK2WDRXY_0_R11674_20210813/demultiplexed/162518/162518_S323_L002_R1_001.fastq.gz,data/HJK2WDRXY_0_R11674_20210813/demultiplexed/162518/162518_S323_L002_R2_001.fastq.gz,unstranded
162519,data/HJK2WDRXY_0_R11674_20210813/demultiplexed/162519/162519_S324_L002_R1_001.fastq.gz,data/HJK2WDRXY_0_R11674_20210813/demultiplexed/162519/162519_S324_L002_R2_001.fastq.gz,unstranded
162520,data/HJK2WDRXY_0_R11674_20210813/demultiplexed/162520/162520_S325_L002_R1_001.fastq.gz,data/HJK2WDRXY_0_R11674_20210813/demultiplexed/162520/162520_S325_L002_R2_001.fastq.gz,unstranded
162521,data/HJK2WDRXY_0_R11674_20210813/demultiplexed/162521/162521_S326_L002_R1_001.fastq.gz,data/HJK2WDRXY_0_R11674_20210813/demultiplexed/162521/162521_S326_L002_R2_001.fastq.gz,unstranded
162522,data/HJK2WDRXY_0_R11674_20210813/demultiplexed/162522/162522_S327_L002_R1_001.fastq.gz,data/HJK2WDRXY_0_R11674_20210813/demultiplexed/162522/162522_S327_L002_R2_001.fastq.gz,unstranded
162523,data/HJK2WDRXY_0_R11674_20210813/demultiplexed/162523/162523_S328_L002_R1_001.fastq.gz,data/HJK2WDRXY_0_R11674_20210813/demultiplexed/162523/162523_S328_L002_R2_001.fastq.gz,unstranded
162524,data/HJK2WDRXY_0_R11674_20210813/demultiplexed/162524/162524_S329_L002_R1_001.fastq.gz,data/HJK2WDRXY_0_R11674_20210813/demultiplexed/162524/162524_S329_L002_R2_001.fastq.gz,unstranded
162525,data/HJK2WDRXY_0_R11674_20210813/demultiplexed/162525/162525_S330_L002_R1_001.fastq.gz,data/HJK2WDRXY_0_R11674_20210813/demultiplexed/162525/162525_S330_L002_R2_001.fastq.gz,unstranded
162526,data/HJK2WDRXY_0_R11674_20210813/demultiplexed/162526/162526_S331_L002_R1_001.fastq.gz,data/HJK2WDRXY_0_R11674_20210813/demultiplexed/162526/162526_S331_L002_R2_001.fastq.gz,unstranded
162527,data/HJK2WDRXY_0_R11674_20210813/demultiplexed/162527/162527_S332_L002_R1_001.fastq.gz,data/HJK2WDRXY_0_R11674_20210813/demultiplexed/162527/162527_S332_L002_R2_001.fastq.gz,unstranded
162528,data/HJK2WDRXY_0_R11674_20210813/demultiplexed/162528/162528_S333_L002_R1_001.fastq.gz,data/HJK2WDRXY_0_R11674_20210813/demultiplexed/162528/162528_S333_L002_R2_001.fastq.gz,unstranded
162529,data/HJK2WDRXY_0_R11674_20210813/demultiplexed/162529/162529_S334_L002_R1_001.fastq.gz,data/HJK2WDRXY_0_R11674_20210813/demultiplexed/162529/162529_S334_L002_R2_001.fastq.gz,unstranded
162530,data/HJK2WDRXY_0_R11674_20210813/demultiplexed/162530/162530_S335_L002_R1_001.fastq.gz,data/HJK2WDRXY_0_R11674_20210813/demultiplexed/162530/162530_S335_L002_R2_001.fastq.gz,unstranded
162531,data/HJK2WDRXY_0_R11674_20210813/demultiplexed/162531/162531_S336_L002_R1_001.fastq.gz,data/HJK2WDRXY_0_R11674_20210813/demultiplexed/162531/162531_S336_L002_R2_001.fastq.gz,unstranded
162532,data/HJK2WDRXY_0_R11674_20210813/demultiplexed/162532/162532_S337_L002_R1_001.fastq.gz,data/HJK2WDRXY_0_R11674_20210813/demultiplexed/162532/162532_S337_L002_R2_001.fastq.gz,unstranded
162533,data/HJK2WDRXY_0_R11674_20210813/demultiplexed/162533/162533_S338_L002_R1_001.fastq.gz,data/HJK2WDRXY_0_R11674_20210813/demultiplexed/162533/162533_S338_L002_R2_001.fastq.gz,unstranded
162534,data/HJK2WDRXY_0_R11674_20210813/demultiplexed/162534/162534_S339_L002_R1_001.fastq.gz,data/HJK2WDRXY_0_R11674_20210813/demultiplexed/162534/162534_S339_L002_R2_001.fastq.gz,unstranded
162535,data/HJK2WDRXY_0_R11674_20210813/demultiplexed/162535/162535_S340_L002_R1_001.fastq.gz,data/HJK2WDRXY_0_R11674_20210813/demultiplexed/162535/162535_S340_L002_R2_001.fastq.gz,unstranded
162536,data/HJK2WDRXY_0_R11674_20210813/demultiplexed/162536/162536_S341_L002_R1_001.fastq.gz,data/HJK2WDRXY_0_R11674_20210813/demultiplexed/162536/162536_S341_L002_R2_001.fastq.gz,unstranded
162537,data/HJK2WDRXY_0_R11674_20210813/demultiplexed/162537/162537_S342_L002_R1_001.fastq.gz,data/HJK2WDRXY_0_R11674_20210813/demultiplexed/162537/162537_S342_L002_R2_001.fastq.gz,unstranded
162538,data/HJK2WDRXY_0_R11674_20210813/demultiplexed/162538/162538_S343_L002_R1_001.fastq.gz,data/HJK2WDRXY_0_R11674_20210813/demultiplexed/162538/162538_S343_L002_R2_001.fastq.gz,unstranded
162539,data/HJK2WDRXY_0_R11674_20210813/demultiplexed/162539/162539_S344_L002_R1_001.fastq.gz,data/HJK2WDRXY_0_R11674_20210813/demultiplexed/162539/162539_S344_L002_R2_001.fastq.gz,unstranded
162540,data/HJK2WDRXY_0_R11674_20210813/demultiplexed/162540/162540_S345_L002_R1_001.fastq.gz,data/HJK2WDRXY_0_R11674_20210813/demultiplexed/162540/162540_S345_L002_R2_001.fastq.gz,unstranded
162541,data/HJK2WDRXY_0_R11674_20210813/demultiplexed/162541/162541_S346_L002_R1_001.fastq.gz,data/HJK2WDRXY_0_R11674_20210813/demultiplexed/162541/162541_S346_L002_R2_001.fastq.gz,unstranded
162542,data/HJK2WDRXY_0_R11674_20210813/demultiplexed/162542/162542_S347_L002_R1_001.fastq.gz,data/HJK2WDRXY_0_R11674_20210813/demultiplexed/162542/162542_S347_L002_R2_001.fastq.gz,unstranded
162543,data/HJK2WDRXY_0_R11674_20210813/demultiplexed/162543/162543_S348_L002_R1_001.fastq.gz,data/HJK2WDRXY_0_R11674_20210813/demultiplexed/162543/162543_S348_L002_R2_001.fastq.gz,unstranded
162544,data/HJK2WDRXY_0_R11674_20210813/demultiplexed/162544/162544_S349_L002_R1_001.fastq.gz,data/HJK2WDRXY_0_R11674_20210813/demultiplexed/162544/162544_S349_L002_R2_001.fastq.gz,unstranded
162545,data/HJK2WDRXY_0_R11674_20210813/demultiplexed/162545/162545_S350_L002_R1_001.fastq.gz,data/HJK2WDRXY_0_R11674_20210813/demultiplexed/162545/162545_S350_L002_R2_001.fastq.gz,unstranded
162546,data/HJK2WDRXY_0_R11674_20210813/demultiplexed/162546/162546_S351_L002_R1_001.fastq.gz,data/HJK2WDRXY_0_R11674_20210813/demultiplexed/162546/162546_S351_L002_R2_001.fastq.gz,unstranded
162547,data/HJK2WDRXY_0_R11674_20210813/demultiplexed/162547/162547_S352_L002_R1_001.fastq.gz,data/HJK2WDRXY_0_R11674_20210813/demultiplexed/162547/162547_S352_L002_R2_001.fastq.gz,unstranded
162548,data/HJK2WDRXY_0_R11674_20210813/demultiplexed/162548/162548_S353_L002_R1_001.fastq.gz,data/HJK2WDRXY_0_R11674_20210813/demultiplexed/162548/162548_S353_L002_R2_001.fastq.gz,unstranded
162549,data/HJK2WDRXY_0_R11674_20210813/demultiplexed/162549/162549_S354_L002_R1_001.fastq.gz,data/HJK2WDRXY_0_R11674_20210813/demultiplexed/162549/162549_S354_L002_R2_001.fastq.gz,unstranded
162550,data/HJK2WDRXY_0_R11674_20210813/demultiplexed/162550/162550_S355_L002_R1_001.fastq.gz,data/HJK2WDRXY_0_R11674_20210813/demultiplexed/162550/162550_S355_L002_R2_001.fastq.gz,unstranded
162551,data/HJK2WDRXY_0_R11674_20210813/demultiplexed/162551/162551_S356_L002_R1_001.fastq.gz,data/HJK2WDRXY_0_R11674_20210813/demultiplexed/162551/162551_S356_L002_R2_001.fastq.gz,unstranded
162552,data/HJK2WDRXY_0_R11674_20210813/demultiplexed/162552/162552_S357_L002_R1_001.fastq.gz,data/HJK2WDRXY_0_R11674_20210813/demultiplexed/162552/162552_S357_L002_R2_001.fastq.gz,unstranded
162553,data/HJK2WDRXY_0_R11674_20210813/demultiplexed/162553/162553_S358_L002_R1_001.fastq.gz,data/HJK2WDRXY_0_R11674_20210813/demultiplexed/162553/162553_S358_L002_R2_001.fastq.gz,unstranded
162554,data/HJK2WDRXY_0_R11674_20210813/demultiplexed/162554/162554_S359_L002_R1_001.fastq.gz,data/HJK2WDRXY_0_R11674_20210813/demultiplexed/162554/162554_S359_L002_R2_001.fastq.gz,unstranded
162555,data/HJK2WDRXY_0_R11674_20210813/demultiplexed/162555/162555_S360_L002_R1_001.fastq.gz,data/HJK2WDRXY_0_R11674_20210813/demultiplexed/162555/162555_S360_L002_R2_001.fastq.gz,unstranded
162556,data/HJK2WDRXY_0_R11674_20210813/demultiplexed/162556/162556_S361_L002_R1_001.fastq.gz,data/HJK2WDRXY_0_R11674_20210813/demultiplexed/162556/162556_S361_L002_R2_001.fastq.gz,unstranded
162557,data/HJK2WDRXY_0_R11674_20210813/demultiplexed/162557/162557_S362_L002_R1_001.fastq.gz,data/HJK2WDRXY_0_R11674_20210813/demultiplexed/162557/162557_S362_L002_R2_001.fastq.gz,unstranded
162558,data/HJK2WDRXY_0_R11674_20210813/demultiplexed/162558/162558_S363_L002_R1_001.fastq.gz,data/HJK2WDRXY_0_R11674_20210813/demultiplexed/162558/162558_S363_L002_R2_001.fastq.gz,unstranded
162559,data/HJK2WDRXY_0_R11674_20210813/demultiplexed/162559/162559_S364_L002_R1_001.fastq.gz,data/HJK2WDRXY_0_R11674_20210813/demultiplexed/162559/162559_S364_L002_R2_001.fastq.gz,unstranded
162560,data/HJK2WDRXY_0_R11674_20210813/demultiplexed/162560/162560_S365_L002_R1_001.fastq.gz,data/HJK2WDRXY_0_R11674_20210813/demultiplexed/162560/162560_S365_L002_R2_001.fastq.gz,unstranded
162561,data/HJK2WDRXY_0_R11674_20210813/demultiplexed/162561/162561_S366_L002_R1_001.fastq.gz,data/HJK2WDRXY_0_R11674_20210813/demultiplexed/162561/162561_S366_L002_R2_001.fastq.gz,unstranded
162562,data/HJK2WDRXY_0_R11674_20210813/demultiplexed/162562/162562_S367_L002_R1_001.fastq.gz,data/HJK2WDRXY_0_R11674_20210813/demultiplexed/162562/162562_S367_L002_R2_001.fastq.gz,unstranded
162563,data/HJK2WDRXY_0_R11674_20210813/demultiplexed/162563/162563_S368_L002_R1_001.fastq.gz,data/HJK2WDRXY_0_R11674_20210813/demultiplexed/162563/162563_S368_L002_R2_001.fastq.gz,unstranded
162564,data/HJK2WDRXY_0_R11674_20210813/demultiplexed/162564/162564_S369_L002_R1_001.fastq.gz,data/HJK2WDRXY_0_R11674_20210813/demultiplexed/162564/162564_S369_L002_R2_001.fastq.gz,unstranded
162565,data/HJK2WDRXY_0_R11674_20210813/demultiplexed/162565/162565_S370_L002_R1_001.fastq.gz,data/HJK2WDRXY_0_R11674_20210813/demultiplexed/162565/162565_S370_L002_R2_001.fastq.gz,unstranded
162566,data/HJK2WDRXY_0_R11674_20210813/demultiplexed/162566/162566_S371_L002_R1_001.fastq.gz,data/HJK2WDRXY_0_R11674_20210813/demultiplexed/162566/162566_S371_L002_R2_001.fastq.gz,unstranded
162567,data/HJK2WDRXY_0_R11674_20210813/demultiplexed/162567/162567_S372_L002_R1_001.fastq.gz,data/HJK2WDRXY_0_R11674_20210813/demultiplexed/162567/162567_S372_L002_R2_001.fastq.gz,unstranded
162568,data/HJK2WDRXY_0_R11674_20210813/demultiplexed/162568/162568_S373_L002_R1_001.fastq.gz,data/HJK2WDRXY_0_R11674_20210813/demultiplexed/162568/162568_S373_L002_R2_001.fastq.gz,unstranded
162569,data/HJK2WDRXY_0_R11674_20210813/demultiplexed/162569/162569_S374_L002_R1_001.fastq.gz,data/HJK2WDRXY_0_R11674_20210813/demultiplexed/162569/162569_S374_L002_R2_001.fastq.gz,unstranded
162570,data/HJK2WDRXY_0_R11674_20210813/demultiplexed/162570/162570_S375_L002_R1_001.fastq.gz,data/HJK2WDRXY_0_R11674_20210813/demultiplexed/162570/162570_S375_L002_R2_001.fastq.gz,unstranded
162571,data/HJK2WDRXY_0_R11674_20210813/demultiplexed/162571/162571_S376_L002_R1_001.fastq.gz,data/HJK2WDRXY_0_R11674_20210813/demultiplexed/162571/162571_S376_L002_R2_001.fastq.gz,unstranded
81446,data/81446_GTGCCA_CCYR9ANXX_1_20190114B_20190114.fq.gz,,unstranded
81447,data/81447_TCGAGG_CCYR9ANXX_1_20190114B_20190114.fq.gz,,unstranded
81448,data/81448_CACTAA_CCYR9ANXX_1_20190114B_20190114.fq.gz,,unstranded
81449,data/81449_GGTATA_CCYR9ANXX_1_20190114B_20190114.fq.gz,,unstranded
81450,data/81450_CGCCTG_CCYR9ANXX_1_20190114B_20190114.fq.gz,,unstranded
81451,data/81451_AATGAA_CCYR9ANXX_1_20190114B_20190114.fq.gz,,unstranded
