UNIPROT:P97823	#c6d6f1	W10
UNIPROT:Q8BVE3	#e5d8d1	W10
UNIPROT:A0A0A6YX18	#e5d8d1	W10
UNIPROT:Q9ERE3	#b40426	W10
UNIPROT:P30115	#5d7ce6	W10
UNIPROT:Q9D881	#ef886b	W10
UNIPROT:Q9EPW0	#b8122a	W10
UNIPROT:A0A0R4J0Q2	#b8122a	W10
UNIPROT:D3YUD3	#b8122a	W10
UNIPROT:D3YUL8	#b8122a	W10
UNIPROT:D3Z230	#b8122a	W10
UNIPROT:E9Q9A0	#b8122a	W10
UNIPROT:E9QAD0	#b8122a	W10
UNIPROT:F6V2U0	#b8122a	W10
UNIPROT:Q3UEQ1	#b8122a	W10
UNIPROT:D3Z7P3	#f39577	W10
UNIPROT:P49442	#f49a7b	W10
UNIPROT:Q8QZS1	#c9d7f0	W10
UNIPROT:Q499X9	#dddcdc	W10
UNIPROT:A2RT28	#dddcdc	W10
UNIPROT:Q3TYQ9	#b40426	W10
UNIPROT:Q9CQZ6	#f6a283	W10
UNIPROT:Q91VD9	#dddcdc	W10
UNIPROT:Q01147	#799cf8	W10
UNIPROT:Q543W0	#799cf8	W10
UNIPROT:Q547S9	#799cf8	W10
UNIPROT:Q62347	#799cf8	W10
UNIPROT:O88844	#f7ad90	W10
UNIPROT:Q9Z1T6	#c4d5f3	W10
UNIPROT:D3Z5N5	#c4d5f3	W10
UNIPROT:Q8VEE0	#bcd2f7	W10
UNIPROT:B2KGF0	#bcd2f7	W10
UNIPROT:O89112	#f39475	W10
UNIPROT:Q9CWJ9	#dddcdc	W10
UNIPROT:Q9DC29	#f18d6f	W10
UNIPROT:Q9WUA2	#f7af91	W10
UNIPROT:Q9CZU5	#f7af91	W10
UNIPROT:P35569	#c7d7f0	W10
UNIPROT:Q543V3	#c7d7f0	W10
UNIPROT:O55057	#cc403a	W10
UNIPROT:Q3TDQ8	#cc403a	W10
UNIPROT:Q61839	#b40426	W10
UNIPROT:Q544K5	#b40426	W10
UNIPROT:E9PUQ8	#e67259	W10
UNIPROT:Q99LC3	#f7b497	W10
UNIPROT:P97930	#f6a586	W10
UNIPROT:Q6GRA7	#f6a586	W10
UNIPROT:Q5FWI2	#3b4cc0	W10
UNIPROT:H7BX37	#3b4cc0	W10
UNIPROT:Q922B2	#f2cab5	W10
UNIPROT:Q8BJY7	#f2cab5	W10
UNIPROT:E9QAN8	#f3c7b1	W10
UNIPROT:A7MCT6	#b40426	W10
UNIPROT:Q6Q477	#f5c1a9	W10
UNIPROT:D1FNM8	#f5c1a9	W10
UNIPROT:D1FNM9	#f5c1a9	W10
UNIPROT:E9Q828	#f5c1a9	W10
UNIPROT:F7AAP4	#f5c1a9	W10
UNIPROT:Q3UPA8	#f5c1a9	W10
UNIPROT:Q60612	#b40426	W10
UNIPROT:Q3URG8	#b40426	W10
UNIPROT:Q3UYG0	#b40426	W10
UNIPROT:Q6AXD8	#b40426	W10
UNIPROT:Q8CAH1	#b40426	W10
UNIPROT:O08849	#b40426	W10
UNIPROT:Q8BNJ3	#d55042	W10
UNIPROT:Q5HZI3	#d55042	W10
UNIPROT:P15105	#f7b093	W10
UNIPROT:Q8BIP0	#ead5c9	W10
UNIPROT:O08709	#cfdaea	W10
UNIPROT:D3Z0Y2	#cfdaea	W10
UNIPROT:Q6GT24	#cfdaea	W10
UNIPROT:Q3UMG6	#d7dce3	W10
UNIPROT:Q8BUH2	#d7dce3	W10
UNIPROT:P14094	#b40426	W10
UNIPROT:Q3TV47	#b40426	W10
UNIPROT:Q545P0	#b40426	W10
UNIPROT:Q8C0T9	#f7b093	W10
UNIPROT:E9Q9T4	#f7b093	W10
UNIPROT:Q99PM9	#e6d7cf	W10
UNIPROT:Q543C2	#e6d7cf	W10
UNIPROT:Q9JLJ2	#edd2c3	W10
UNIPROT:Q3TMT4	#edd2c3	W10
UNIPROT:Q3U367	#edd2c3	W10
UNIPROT:Q3V1N7	#edd2c3	W10
UNIPROT:Q9CPU4	#b40426	W10
UNIPROT:Q9CZB0	#e7d7ce	W10
UNIPROT:Q91WD5	#efcfbf	W10
UNIPROT:P51175	#d3dbe7	W10
UNIPROT:Q3UQA3	#d3dbe7	W10
UNIPROT:Q6PIE5	#c0282f	W10
UNIPROT:Q3UHK5	#c0282f	W10
UNIPROT:Q9WUA6	#afcafc	W10
UNIPROT:Q8C6X4	#afcafc	W10
UNIPROT:P46664	#f7b396	W10
UNIPROT:B9EIE9	#f7b396	W10
UNIPROT:B2RXC2	#799cf8	W10
UNIPROT:Q922Q4	#ead5c9	W10
UNIPROT:Q3TMZ1	#ead5c9	W10
UNIPROT:Q8BIJ6	#dadce0	W10
UNIPROT:E9PWN3	#dadce0	W10
UNIPROT:Q8CGC7	#d6dce4	W10
UNIPROT:P27090	#3b4cc0	W10
UNIPROT:A0A0A6YXU9	#3b4cc0	W10
UNIPROT:Q3TWH5	#3b4cc0	W10
UNIPROT:Q8CDZ9	#3b4cc0	W10
UNIPROT:Q91YX5	#e7d7ce	W10
UNIPROT:E9QL80	#e7d7ce	W10
UNIPROT:Q3UZK0	#e7d7ce	W10
UNIPROT:Q6A0A4	#e7d7ce	W10
UNIPROT:Q9JKX6	#7699f6	W10
UNIPROT:Q91VR2	#f7a688	W10
UNIPROT:A2AKU9	#f7a688	W10
UNIPROT:Q3UD06	#f7a688	W10
UNIPROT:Q8C2Q8	#f7a688	W10
UNIPROT:Q9QY80	#cf453c	W10
UNIPROT:A2AQ81	#cf453c	W10
UNIPROT:B9EHK9	#cf453c	W10
UNIPROT:Q3V4A5	#cf453c	W10
UNIPROT:O70172	#c83836	W10
UNIPROT:Q544E3	#c83836	W10
UNIPROT:P48320	#c43032	W10
UNIPROT:Q548L4	#c43032	W10
UNIPROT:Q91VF2	#b40426	W10
UNIPROT:A2AQK4	#b40426	W10
UNIPROT:A2AJ88	#d5dbe5	W10
UNIPROT:P35438	#b40426	W10
UNIPROT:A2AI14	#b40426	W10
UNIPROT:A2AI16	#b40426	W10
UNIPROT:A2AI17	#b40426	W10
UNIPROT:A2AI19	#b40426	W10
UNIPROT:A2AI20	#b40426	W10
UNIPROT:A2AI21	#b40426	W10
UNIPROT:A2AJ26	#ec7f63	W10
UNIPROT:Q9JII1	#f5a081	W10
UNIPROT:A2AIX0	#f5a081	W10
UNIPROT:Q8K3K7	#b40426	W10
UNIPROT:Q059U0	#b40426	W10
UNIPROT:Q9CWA8	#b40426	W10
UNIPROT:Q60992	#cedaeb	W10
UNIPROT:Q7TSI6	#cedaeb	W10
UNIPROT:P16460	#b40426	W10
UNIPROT:Q3UJ34	#b40426	W10
UNIPROT:P52623	#f59c7d	W10
UNIPROT:A2AN37	#f59c7d	W10
UNIPROT:Q3V218	#f59c7d	W10
UNIPROT:Q6U7H8	#ec7f63	W10
UNIPROT:Q9R0Y5	#bb1b2c	W10
UNIPROT:Q9DCJ5	#f08a6c	W10
UNIPROT:Q9D7F2	#b40426	W10
UNIPROT:Q8BPP5	#d1dae9	W10
UNIPROT:Q64521	#b40426	W10
UNIPROT:Q8CGR7	#dcdddd	W10
UNIPROT:A2APN2	#dcdddd	W10
UNIPROT:Q3UEN1	#dcdddd	W10
UNIPROT:Q8BLN7	#dcdddd	W10
UNIPROT:Q8R093	#dcdddd	W10
UNIPROT:P55095	#cedaeb	W10
UNIPROT:P48318	#f59c7d	W10
UNIPROT:D3Z1L8	#f59c7d	W10
UNIPROT:Q548L6	#f59c7d	W10
UNIPROT:Q9EQZ6	#b40426	W10
UNIPROT:A2ASW4	#b40426	W10
UNIPROT:A2ASW8	#b40426	W10
UNIPROT:Q571A8	#b40426	W10
UNIPROT:Q9CS95	#b40426	W10
UNIPROT:P16951	#f5c4ac	W10
UNIPROT:Q543G2	#f5c4ac	W10
UNIPROT:Q640L6	#f5c4ac	W10
UNIPROT:Q68FE3	#f5c4ac	W10
UNIPROT:Q8CBR9	#f5c4ac	W10
UNIPROT:P56384	#f5c1a9	W10
UNIPROT:Q14BC2	#f5c1a9	W10
UNIPROT:P0C1Q2	#a9c6fd	W10
UNIPROT:Q61481	#b40426	W10
UNIPROT:Q9R1W5	#b40426	W10
UNIPROT:A2AR99	#b40426	W10
UNIPROT:Q3UR32	#a3c2fe	W10
UNIPROT:Q9DCT2	#f59d7e	W10
UNIPROT:P24638	#ebd3c6	W10
UNIPROT:Q3UZN1	#ebd3c6	W10
UNIPROT:Q80UP3	#f7b79b	W10
UNIPROT:A0A668KL90	#f7b79b	W10
UNIPROT:A2AHJ7	#f7b79b	W10
UNIPROT:A2AHK0	#f7b79b	W10
UNIPROT:O70503	#a5c3fe	W10
UNIPROT:Q0VGQ1	#a5c3fe	W10
UNIPROT:Q9WVQ5	#f4c6af	W10
UNIPROT:P24270	#f59f80	W10
UNIPROT:P21237	#b40426	W10
UNIPROT:Q541P3	#b40426	W10
UNIPROT:Q6NVG1	#b40426	W10
UNIPROT:A3KGF7	#bfd3f6	W10
UNIPROT:E9PYI3	#bfd3f6	W10
UNIPROT:Q3V3V2	#bfd3f6	W10
UNIPROT:Q8R3J5	#c32e31	W10
UNIPROT:Q8R071	#b40426	W10
UNIPROT:Q50L42	#b40426	W10
UNIPROT:P30275	#b40426	W10
UNIPROT:Q545N7	#b40426	W10
UNIPROT:Q64442	#b40426	W10
UNIPROT:Q9D964	#b40426	W10
UNIPROT:Q8VCG1	#efcfbf	W10
UNIPROT:Q9CQ43	#efcfbf	W10
UNIPROT:Q9CY64	#d55042	W10
UNIPROT:O54918	#3b4cc0	W10
UNIPROT:Q3TR86	#3b4cc0	W10
UNIPROT:Q3U7X3	#3b4cc0	W10
UNIPROT:Q542N5	#3b4cc0	W10
UNIPROT:Q6PEB3	#3b4cc0	W10
UNIPROT:P35454	#3b4cc0	W10
UNIPROT:Q545V4	#3b4cc0	W10
UNIPROT:Q9D892	#f3c7b1	W10
UNIPROT:Q60I30	#f3c7b1	W10
UNIPROT:Q7M753	#e1dad6	W10
UNIPROT:Q99K82	#adc9fd	W10
UNIPROT:A2ANQ4	#adc9fd	W10
UNIPROT:Q3TLR8	#adc9fd	W10
UNIPROT:Q3UPW5	#adc9fd	W10
UNIPROT:Q99L43	#d95847	W10
UNIPROT:A2AMQ5	#d95847	W10
UNIPROT:Q6PBC0	#d95847	W10
UNIPROT:Q8BX08	#d95847	W10
UNIPROT:Q8C0L9	#efcebd	W10
UNIPROT:Q80ZM8	#3b4cc0	W10
UNIPROT:A0A0C3SFZ5	#3b4cc0	W10
UNIPROT:Q9Z1B3	#c4d5f3	W10
UNIPROT:Q3UPW0	#c4d5f3	W10
UNIPROT:Q91UZ1	#b40426	W10
UNIPROT:Q3U0P5	#df634e	W10
UNIPROT:Q91W29	#f29072	W10
UNIPROT:O88509	#3d50c3	W10
UNIPROT:Q3KR45	#3d50c3	W10
UNIPROT:Q541E5	#3d50c3	W10
UNIPROT:P50247	#edd1c2	W10
UNIPROT:Q3TF14	#edd1c2	W10
UNIPROT:Q5M9P0	#edd1c2	W10
UNIPROT:Q99JP7	#b40426	W10
UNIPROT:P51855	#cfdaea	W10
UNIPROT:Q3UEE2	#cfdaea	W10
UNIPROT:Q541E2	#cfdaea	W10
UNIPROT:Q9Z1J3	#d5dbe5	W10
UNIPROT:Q9CTB2	#d5dbe5	W10
UNIPROT:Q9CQ19	#b40426	W10
UNIPROT:Q62077	#afcafc	W10
UNIPROT:P03958	#dc5d4a	W10
UNIPROT:Q4FK28	#dc5d4a	W10
UNIPROT:Q9JI11	#b3cdfb	W10
UNIPROT:Q60591	#b40426	W10
UNIPROT:A2AQC8	#b40426	W10
UNIPROT:B5B2P6	#b40426	W10
UNIPROT:B5B2P7	#b40426	W10
UNIPROT:B5B2P8	#b40426	W10
UNIPROT:B5B2Q2	#b40426	W10
UNIPROT:B5B2Q4	#b40426	W10
UNIPROT:B5B2Q6	#b40426	W10
UNIPROT:B5B2R5	#b40426	W10
UNIPROT:Q3TTU8	#b40426	W10
UNIPROT:Q8C443	#b40426	W10
UNIPROT:P63094	#f2cab5	W10
UNIPROT:Q6R0H6	#f2cab5	W10
UNIPROT:Q6R0H7	#f2cab5	W10
UNIPROT:Q9Z0F1	#f2cab5	W10
UNIPROT:A0A571BEI3	#f2cab5	W10
UNIPROT:P56382	#efcebd	W10
UNIPROT:Q545F5	#efcebd	W10
UNIPROT:P58406	#b40426	W10
UNIPROT:Q3USH0	#b40426	W10
UNIPROT:Q540P3	#b40426	W10
UNIPROT:O88319	#b40426	W10
UNIPROT:A2ACT4	#b40426	W10
UNIPROT:Q91YL3	#c4d5f3	W10
UNIPROT:P35377	#cf453c	W10
UNIPROT:A0A5F8MPZ9	#cf453c	W10
UNIPROT:B0R0C0	#cf453c	W10
UNIPROT:Q542U1	#cf453c	W10
UNIPROT:Q64133	#e9785d	W10
UNIPROT:Q3TPD9	#e9785d	W10
UNIPROT:Q3UJ53	#e9785d	W10
UNIPROT:Q64374	#b40426	W10
UNIPROT:O09111	#f39475	W10
UNIPROT:P04627	#b40426	W10
UNIPROT:Q8CAD1	#b40426	W10
UNIPROT:P51881	#ebd3c6	W10
UNIPROT:Q545A2	#ebd3c6	W10
UNIPROT:O35683	#f4987a	W10
UNIPROT:Q545K0	#f4987a	W10
UNIPROT:Q9Z2W9	#c1d4f4	W10
UNIPROT:B0QZW1	#c1d4f4	W10
UNIPROT:Q0VGS8	#c1d4f4	W10
UNIPROT:Q3UY17	#c1d4f4	W10
UNIPROT:Q6NVF0	#f3c8b2	W10
UNIPROT:P00493	#b40426	W10
UNIPROT:Q9Z2C5	#f39577	W10
UNIPROT:B1AW21	#f39577	W10
UNIPROT:Q3UDN6	#f39577	W10
UNIPROT:Q9D4L1	#f39577	W10
UNIPROT:Q9Z2C4	#f0cdbb	W10
UNIPROT:A2AMW3	#90b2fe	W10
UNIPROT:P26049	#b40426	W10
UNIPROT:Q8CAB3	#b40426	W10
UNIPROT:A2ALL9	#b40426	W10
UNIPROT:Q0VF55	#b40426	W10
UNIPROT:Q8C048	#b40426	W10
UNIPROT:P48410	#d2dbe8	W10
UNIPROT:Q9R1Q9	#c53334	W10
UNIPROT:Q3TWN7	#c53334	W10
UNIPROT:Q3UWN7	#c53334	W10
UNIPROT:Q00612	#e2dad5	W10
UNIPROT:Q790Y8	#e2dad5	W10
UNIPROT:Q811Q9	#c6d6f1	W10
UNIPROT:Q9Z0Z4	#93b5fe	W10
UNIPROT:A2AI62	#93b5fe	W10
UNIPROT:Q9WVH3	#85a8fc	W10
UNIPROT:B1AUT3	#85a8fc	W10
UNIPROT:Q4KL34	#85a8fc	W10
UNIPROT:Q61102	#d9dce1	W10
UNIPROT:P56393	#f29072	W10
UNIPROT:Q5FW98	#f29072	W10
UNIPROT:Q8BLG2	#3b4cc0	W10
UNIPROT:Q9D7G0	#be242e	W10
UNIPROT:P08680	#3b4cc0	W10
UNIPROT:A2AFM0	#3b4cc0	W10
UNIPROT:A2AFM1	#3b4cc0	W10
UNIPROT:P48026	#b40426	W10
UNIPROT:Q3V2Q2	#b40426	W10
UNIPROT:P97355	#e7d7ce	W10
UNIPROT:P70303	#efcebd	W10
UNIPROT:Q7TNC8	#b40426	W10
UNIPROT:Q3UTL8	#b40426	W10
UNIPROT:Q9CS42	#b40426	W10
UNIPROT:P53702	#b40426	W10
UNIPROT:Q8BP79	#b40426	W10
UNIPROT:A0A0A6YW07	#d2dbe8	W10
UNIPROT:Q924B0	#d2dbe8	W10
UNIPROT:P16015	#b40426	W10
UNIPROT:P00920	#b40426	W10
UNIPROT:P70453	#85a8fc	W10
UNIPROT:Q3U3Y7	#85a8fc	W10
UNIPROT:Q6P5G2	#85a8fc	W10
UNIPROT:Q8CIT0	#f7a688	W10
UNIPROT:D6RH77	#e6d7cf	W10
UNIPROT:Q3UWT7	#e6d7cf	W10
UNIPROT:Q6NVF2	#e6d7cf	W10
UNIPROT:Q9CZM9	#b40426	W10
UNIPROT:P42337	#adc9fd	W10
UNIPROT:Q9CQH3	#f7b599	W10
UNIPROT:D3Z568	#f7b599	W10
UNIPROT:Q64702	#f5c1a9	W10
UNIPROT:Q9CQY9	#f5c0a7	W10
UNIPROT:Q8VHL1	#d9dce1	W10
UNIPROT:Q9R1E0	#b40426	W10
UNIPROT:Q9ESG6	#f7af91	W10
UNIPROT:A0A0G2JEW9	#f7af91	W10
UNIPROT:Q544F4	#f7af91	W10
UNIPROT:Q4KWH5	#ccd9ed	W10
UNIPROT:H3BKK4	#ccd9ed	W10
UNIPROT:Q3THK7	#bfd3f6	W10
UNIPROT:B2RRH9	#bfd3f6	W10
UNIPROT:Q4LG64	#b9d0f9	W10
UNIPROT:P48168	#b40426	W10
UNIPROT:A1KR23	#b40426	W10
UNIPROT:Q99JT1	#f6a385	W10
UNIPROT:Q63943	#d44e41	W10
UNIPROT:E9QKT0	#d44e41	W10
UNIPROT:Q921S6	#d44e41	W10
UNIPROT:Q8R123	#ebd3c6	W10
UNIPROT:Q9ERK7	#b2ccfb	W10
UNIPROT:Q9D2A5	#688aef	W10
UNIPROT:Q8BKC8	#a5c3fe	W10
UNIPROT:P70182	#adc9fd	W10
UNIPROT:Q3UQ84	#f39577	W10
UNIPROT:E9Q7H6	#f39577	W10
UNIPROT:Q3TP97	#f39577	W10
UNIPROT:Q922A3	#f39577	W10
UNIPROT:Q9WVT6	#3b4cc0	W10
UNIPROT:Q6PAM0	#e16751	W10
UNIPROT:Q61753	#7597f6	W10
UNIPROT:Q9CYK1	#b9d0f9	W10
UNIPROT:Q8VDN2	#b40426	W10
UNIPROT:Q3TMF4	#d8dce2	W10
UNIPROT:Q4FJP3	#d8dce2	W10
UNIPROT:Q9D091	#d8dce2	W10
UNIPROT:P62835	#f7a98b	W10
UNIPROT:Q3U7U8	#f7a98b	W10
UNIPROT:Q3V3W9	#f7a98b	W10
UNIPROT:Q8BGS7	#f2cab5	W10
UNIPROT:Q80SW1	#f7bca1	W10
UNIPROT:P48774	#cf453c	W10
UNIPROT:Q80W21	#3b4cc0	W10
UNIPROT:O35660	#b40426	W10
UNIPROT:P15626	#e5d8d1	W10
UNIPROT:P10649	#ca3b37	W10
UNIPROT:A2AE89	#ca3b37	W10
UNIPROT:Q8R5I6	#b40426	W10
UNIPROT:A2AE91	#b40426	W10
UNIPROT:Q9DBT5	#ef886b	W10
UNIPROT:A2AE27	#ef886b	W10
UNIPROT:Q9DC51	#c3d5f4	W10
UNIPROT:P26638	#e9d5cb	W10
UNIPROT:Q8C483	#e9d5cb	W10
UNIPROT:Q9R0C8	#cfdaea	W10
UNIPROT:O08530	#efcfbf	W10
UNIPROT:Q8CHR6	#d5dbe5	W10
UNIPROT:P55096	#f6a283	W10
UNIPROT:O35600	#b40426	W10
UNIPROT:O09172	#adc9fd	W10
UNIPROT:Q4FJZ6	#adc9fd	W10
UNIPROT:Q8CG03	#3b4cc0	W10
UNIPROT:A0A0G2JF67	#3b4cc0	W10
UNIPROT:Q6PHZ2	#b40426	W10
UNIPROT:A0A0G2JGS4	#b40426	W10
UNIPROT:E9Q1T1	#b40426	W10
UNIPROT:E9Q1W0	#b40426	W10
UNIPROT:Q8CCM0	#b40426	W10
UNIPROT:Q920L5	#bcd2f7	W10
UNIPROT:P01132	#ccd9ed	W10
UNIPROT:A0A0G2JDT8	#ccd9ed	W10
UNIPROT:A0A0G2JF92	#ccd9ed	W10
UNIPROT:Q3UWD7	#ccd9ed	W10
UNIPROT:Q9EPR2	#efcebd	W10
UNIPROT:Q61425	#3b4cc0	W10
UNIPROT:Q60967	#dcdddd	W10
UNIPROT:Q3TUA8	#dcdddd	W10
UNIPROT:Q6NZM8	#dcdddd	W10
UNIPROT:Q91VM9	#ec8165	W10
UNIPROT:D3Z636	#ec8165	W10
UNIPROT:Q8JZV9	#81a4fb	W10
UNIPROT:G3UWD3	#81a4fb	W10
UNIPROT:P25799	#9abbff	W10
UNIPROT:P63328	#df634e	W10
UNIPROT:B2RRX2	#df634e	W10
UNIPROT:P28474	#dcdddd	W10
UNIPROT:Q6P5I3	#dcdddd	W10
UNIPROT:P68181	#cd423b	W10
UNIPROT:Q920P5	#b40426	W10
UNIPROT:Q8VCN5	#3b4cc0	W10
UNIPROT:P22005	#5875e1	W10
UNIPROT:Q3UXY8	#5875e1	W10
UNIPROT:Q8BMS4	#e7745b	W10
UNIPROT:P56476	#f18f71	W10
UNIPROT:P47746	#bcd2f7	W10
UNIPROT:A0A385KNU8	#bcd2f7	W10
UNIPROT:Q3U186	#ebd3c6	W10
UNIPROT:Q3UIU2	#eb7d62	W10
UNIPROT:A2AP31	#eb7d62	W10
UNIPROT:P56380	#d0473d	W10
UNIPROT:Q3V1C8	#d0473d	W10
UNIPROT:Q3UNH6	#f59c7d	W10
UNIPROT:Q6VVW5	#e7d7ce	W10
UNIPROT:Q91Z53	#e4d9d2	W10
UNIPROT:Q3T9Z2	#e4d9d2	W10
UNIPROT:Q9CZS1	#b40426	W10
UNIPROT:Q80T41	#b40426	W10
UNIPROT:Q64729	#ecd3c5	W10
UNIPROT:Q4FJL1	#ecd3c5	W10
UNIPROT:Q9D5H8	#ecd3c5	W10
UNIPROT:Q91Y97	#f49a7b	W10
UNIPROT:Q3TJ66	#f49a7b	W10
UNIPROT:Q3UER1	#f49a7b	W10
UNIPROT:P41233	#ccd9ed	W10
UNIPROT:Q8BPY1	#ccd9ed	W10
UNIPROT:P61793	#9bbcff	W10
UNIPROT:Q544V2	#9bbcff	W10
UNIPROT:P10518	#ee8669	W10
UNIPROT:Q9DD05	#ee8669	W10
UNIPROT:Q9CR51	#eed0c0	W10
UNIPROT:Q5HZY7	#eed0c0	W10
UNIPROT:P07147	#3b4cc0	W10
UNIPROT:Q3UFS3	#3b4cc0	W10
UNIPROT:A2AKM2	#b40426	W10
UNIPROT:Q9CQ65	#e0dbd8	W10
UNIPROT:P55271	#f7b599	W10
UNIPROT:Q549R4	#f7b599	W10
UNIPROT:P05627	#dcdddd	W10
UNIPROT:Q52L79	#dcdddd	W10
UNIPROT:O54750	#f59c7d	W10
UNIPROT:Q8CC91	#f59c7d	W10
UNIPROT:Q7TSV4	#f1cdba	W10
UNIPROT:Q9WUR9	#8fb1fe	W10
UNIPROT:Q3U489	#8fb1fe	W10
UNIPROT:P48356	#5875e1	W10
UNIPROT:Q3UNU8	#5875e1	W10
UNIPROT:Q3US58	#5875e1	W10
UNIPROT:Q640Q2	#5875e1	W10
UNIPROT:B1AWC8	#e3d9d3	W10
UNIPROT:B1AWC9	#e3d9d3	W10
UNIPROT:B1AWD0	#e3d9d3	W10
UNIPROT:Q3TTI9	#e3d9d3	W10
UNIPROT:Q6IQY6	#e3d9d3	W10
UNIPROT:Q80VK8	#e3d9d3	W10
UNIPROT:Q8VBU5	#e3d9d3	W10
UNIPROT:Q8BRK8	#e7745b	W10
UNIPROT:Q99JY8	#3b4cc0	W10
UNIPROT:Q8CFI5	#e9d5cb	W10
UNIPROT:A8Y5T6	#e9d5cb	W10
UNIPROT:P32020	#d2dbe8	W10
UNIPROT:Q99LJ6	#b40426	W10
UNIPROT:Q3TNK3	#b40426	W10
UNIPROT:Q9CQU0	#f7ad90	W10
UNIPROT:Q9DBP5	#f0cdbb	W10
UNIPROT:A0A0R4J093	#f0cdbb	W10
UNIPROT:P99028	#e2dad5	W10
UNIPROT:Q64143	#3b4cc0	W10
UNIPROT:Q3UXE9	#3b4cc0	W10
UNIPROT:Q9JII6	#f29274	W10
UNIPROT:Q540D7	#f29274	W10
UNIPROT:Q80XJ7	#f29274	W10
UNIPROT:P70697	#b2ccfb	W10
UNIPROT:Q6P571	#d44e41	W10
UNIPROT:Q91V37	#d65244	W10
UNIPROT:Q3U889	#d65244	W10
UNIPROT:Q9JLJ5	#b40426	W10
UNIPROT:Q4V9V3	#b40426	W10
UNIPROT:Q548M4	#b40426	W10
UNIPROT:Q8VDG5	#bb1b2c	W10
UNIPROT:Q6PFX8	#f5c2aa	W10
UNIPROT:Q70KY4	#3b4cc0	W10
UNIPROT:P70698	#f1ccb8	W10
UNIPROT:Q99LY9	#f39577	W10
UNIPROT:Q8K337	#d7dce3	W10
UNIPROT:B1AS29	#c83836	W10
UNIPROT:Q8BVM4	#dd5f4b	W10
UNIPROT:A8Y5E7	#dd5f4b	W10
UNIPROT:B2RSR5	#dd5f4b	W10
UNIPROT:Q6P078	#dd5f4b	W10
UNIPROT:Q9WTP6	#c7d7f0	W10
UNIPROT:Q91WQ3	#e16751	W10
UNIPROT:A2A7S7	#e16751	W10
UNIPROT:Q61165	#e8d6cc	W10
UNIPROT:Q3UDC9	#e8d6cc	W10
UNIPROT:P38060	#e5d8d1	W10
UNIPROT:Q9WTL7	#f1ccb8	W10
UNIPROT:P09242	#e4d9d2	W10
UNIPROT:Q3TQ02	#e4d9d2	W10
UNIPROT:Q9R1C8	#f6bda2	W10
UNIPROT:Q14AW8	#f6bda2	W10
UNIPROT:Q8CHT0	#6485ec	W10
UNIPROT:Q9CQA3	#f29072	W10
UNIPROT:Q64674	#e67259	W10
UNIPROT:Q543H0	#e67259	W10
UNIPROT:P56469	#b40426	W10
UNIPROT:Q9DCD0	#dadce0	W10
UNIPROT:Q9EPA7	#6e90f2	W10
UNIPROT:Q3V449	#6e90f2	W10
UNIPROT:O35904	#b40426	W10
UNIPROT:Q3T9Y0	#b40426	W10
UNIPROT:Q3TBW3	#b40426	W10
UNIPROT:Q3UDT3	#b40426	W10
UNIPROT:Q8BS14	#b40426	W10
UNIPROT:Q8CI98	#b40426	W10
UNIPROT:Q8CFX1	#be242e	W10
UNIPROT:A2A7A7	#be242e	W10
UNIPROT:Q91V12	#b40426	W10
UNIPROT:E9PYH2	#b40426	W10
UNIPROT:A2AP18	#7597f6	W10
UNIPROT:F7C3A0	#7597f6	W10
UNIPROT:Q6PAS6	#7597f6	W10
UNIPROT:P22933	#b40426	W10
UNIPROT:Q14AH9	#b40426	W10
UNIPROT:P58058	#b9d0f9	W10
UNIPROT:Q3UGI1	#b9d0f9	W10
UNIPROT:P21440	#3b4cc0	W10
UNIPROT:B2RSH2	#b40426	W10
UNIPROT:P70313	#c73635	W10
UNIPROT:Q8C5P3	#c73635	W10
UNIPROT:Q9CXJ4	#eed0c0	W10
UNIPROT:Q91WG5	#e26952	W10
UNIPROT:Q3TMN8	#e26952	W10
UNIPROT:Q8BIQ9	#e26952	W10
UNIPROT:P07607	#9bbcff	W10
UNIPROT:Q544L2	#9bbcff	W10
UNIPROT:Q8BMS1	#5977e3	W10
UNIPROT:B2RQC6	#efcebd	W10
UNIPROT:G3UWN2	#efcebd	W10
UNIPROT:Q8R1Q9	#ee8669	W10
UNIPROT:P62141	#f6a283	W10
UNIPROT:Q8BSF4	#ead4c8	W10
UNIPROT:E9PX91	#ead4c8	W10
UNIPROT:Q505E1	#ead4c8	W10
UNIPROT:Q3UGX3	#f59f80	W10
UNIPROT:A0A0R4J0R4	#f59f80	W10
UNIPROT:Q01337	#3b4cc0	W10
UNIPROT:Q9EPL9	#f7b093	W10
UNIPROT:Q3TAW3	#f7b093	W10
UNIPROT:Q9CPY7	#f7b599	W10
UNIPROT:Q6P6M7	#d3dbe7	W10
UNIPROT:Q8CBQ5	#d6dce4	W10
UNIPROT:Q9D0F9	#5a78e4	W10
UNIPROT:Q3U6X6	#5a78e4	W10
UNIPROT:O70475	#92b4fe	W10
UNIPROT:Q3TS38	#92b4fe	W10
UNIPROT:P26048	#d6dce4	W10
UNIPROT:Q544G1	#d6dce4	W10
UNIPROT:Q9D2H1	#b40426	W10
UNIPROT:Q9D6F4	#b40426	W10
UNIPROT:Q543Z0	#b40426	W10
UNIPROT:P50571	#b40426	W10
UNIPROT:Q53WT3	#b40426	W10
UNIPROT:Q3TKC5	#ee8468	W10
UNIPROT:Q3UGA8	#ee8468	W10
UNIPROT:Q3UGU3	#ee8468	W10
UNIPROT:Q8CIH9	#ee8468	W10
UNIPROT:Q9DCL9	#f7b89c	W10
UNIPROT:P43346	#4b64d5	W10
UNIPROT:Q545E8	#4b64d5	W10
UNIPROT:O08918	#c1d4f4	W10
UNIPROT:Q3TG40	#c1d4f4	W10
UNIPROT:Q5HZK4	#c1d4f4	W10
UNIPROT:Q8C4R2	#3b4cc0	W10
UNIPROT:Q8CAH8	#3b4cc0	W10
UNIPROT:Q8BGB7	#f4c5ad	W10
UNIPROT:Q66JT7	#e97a5f	W10
UNIPROT:P98191	#b40426	W10
UNIPROT:Q61831	#b40426	W10
UNIPROT:A0A5F8MP75	#b40426	W10
UNIPROT:Q3TQZ7	#b40426	W10
UNIPROT:Q78GB8	#b40426	W10
UNIPROT:Q80W80	#b40426	W10
UNIPROT:Q80W81	#b40426	W10
UNIPROT:Q80W82	#b40426	W10
UNIPROT:Q8C9D4	#b40426	W10
UNIPROT:Q8BVU5	#e16751	W10
UNIPROT:Q06185	#f4c6af	W10
UNIPROT:Q6P5E8	#f5c1a9	W10
UNIPROT:Q8K3P1	#b40426	W10
UNIPROT:Q9D273	#d24b40	W10
UNIPROT:D3Z1G7	#d24b40	W10
UNIPROT:Q07417	#3b4cc0	W10
UNIPROT:Q9CXI0	#c5d6f2	W10
UNIPROT:Q8CBY0	#e0dbd8	W10
UNIPROT:P43024	#ef886b	W10
UNIPROT:Q9DCW5	#ef886b	W10
UNIPROT:Q8R216	#cfdaea	W10
UNIPROT:Q9R078	#d7dce3	W10
UNIPROT:Q542K0	#d7dce3	W10
UNIPROT:Q9Z0J4	#c1d4f4	W10
UNIPROT:Q8R238	#93b5fe	W10
UNIPROT:P47738	#f18f71	W10
UNIPROT:A0A0G2JEU1	#f18f71	W10
UNIPROT:Q544B1	#f18f71	W10
UNIPROT:P63087	#d5dbe5	W10
UNIPROT:Q6ZWM8	#d5dbe5	W10
UNIPROT:O55143	#d55042	W10
UNIPROT:Q5DTI2	#d55042	W10
UNIPROT:D3YYR5	#d75445	W10
UNIPROT:D3Z5U5	#d75445	W10
UNIPROT:Q9Z256	#d75445	W10
UNIPROT:Q9Z257	#d75445	W10
UNIPROT:Q8BWG9	#6b8df0	W10
UNIPROT:A3KCG1	#6b8df0	W10
UNIPROT:Q9JJ59	#f08a6c	W10
UNIPROT:P15920	#97b8ff	W10
UNIPROT:Q9D2R0	#eb7d62	W10
UNIPROT:Q99LS3	#c0d4f5	W10
UNIPROT:Q6TEK5	#f7b396	W10
UNIPROT:A0A0M3HEP8	#f7b396	W10
UNIPROT:Q0VGU5	#f7b396	W10
UNIPROT:P12265	#b40426	W10
UNIPROT:Q91YI0	#f7a98b	W10
UNIPROT:Q9ESZ8	#c0d4f5	W10
UNIPROT:Q3UHU8	#c0d4f5	W10
UNIPROT:Q9JI57	#abc8fd	W10
UNIPROT:Q5XJY7	#abc8fd	W10
UNIPROT:Q6PD35	#abc8fd	W10
UNIPROT:Q8BP10	#abc8fd	W10
UNIPROT:P08249	#f7af91	W10
UNIPROT:P27600	#b3cdfb	W10
UNIPROT:P63001	#f1cdba	W10
UNIPROT:K7Q7T7	#f1cdba	W10
UNIPROT:Q3TLP8	#f1cdba	W10
UNIPROT:P56135	#f2cab5	W10
UNIPROT:P41539	#e57058	W10
UNIPROT:B7ZMQ2	#e57058	W10
UNIPROT:Q149W7	#e57058	W10
UNIPROT:Q61024	#b40426	W10
UNIPROT:Q62425	#ef886b	W10
UNIPROT:P26361	#b2ccfb	W10
UNIPROT:Q9CPP6	#c12b30	W10
UNIPROT:D3YTQ8	#c12b30	W10
UNIPROT:P50096	#b40426	W10
UNIPROT:Q9D1K2	#f49a7b	W10
UNIPROT:Q68FL4	#f1ccb8	W10
UNIPROT:F8WGT1	#f1ccb8	W10
UNIPROT:F8WI65	#f1ccb8	W10
UNIPROT:P45376	#b40426	W10
UNIPROT:Q3UDY1	#b40426	W10
UNIPROT:P45377	#b40426	W10
UNIPROT:G5E895	#d7dce3	W10
UNIPROT:Q8BIV6	#d7dce3	W10
UNIPROT:P15327	#b40426	W10
UNIPROT:D3YWQ0	#f7aa8c	W10
UNIPROT:Q8BH52	#3b4cc0	W10
UNIPROT:Q9CPU2	#d44e41	W10
UNIPROT:P28028	#f2cbb7	W10
UNIPROT:Q9DCM2	#3b4cc0	W10
UNIPROT:Q9R0M5	#7597f6	W10
UNIPROT:Q91XE7	#b8122a	W10
UNIPROT:A0A0N4SVQ2	#b8122a	W10
UNIPROT:P57774	#b40426	W10
UNIPROT:P62897	#f08a6c	W10
UNIPROT:Q56A15	#f08a6c	W10
UNIPROT:Q8K1L0	#3b4cc0	W10
UNIPROT:A0A0N4SUK5	#3b4cc0	W10
UNIPROT:A0A0N4SUW5	#3b4cc0	W10
UNIPROT:A0A0N4SV71	#3b4cc0	W10
UNIPROT:Q9D7X8	#f6bea4	W10
UNIPROT:Q9CZD3	#f5c2aa	W10
UNIPROT:P70205	#bfd3f6	W10
UNIPROT:E9Q3E8	#bfd3f6	W10
UNIPROT:E9Q968	#bfd3f6	W10
UNIPROT:Q6NXJ9	#bfd3f6	W10
UNIPROT:Q64338	#3b4cc0	W10
UNIPROT:A0A0N4SWG4	#3b4cc0	W10
UNIPROT:A0A5F8MPG4	#3b4cc0	W10
UNIPROT:E9Q7V6	#3b4cc0	W10
UNIPROT:Q3USZ6	#3b4cc0	W10
UNIPROT:Q5D0E7	#3b4cc0	W10
UNIPROT:Q8CDV2	#3b4cc0	W10
UNIPROT:Q9D5W0	#3b4cc0	W10
UNIPROT:Q9D020	#f08a6c	W10
UNIPROT:Q7TMS5	#f7a98b	W10
UNIPROT:A0A0R4J0B6	#f7a98b	W10
UNIPROT:Q61625	#b40426	W10
UNIPROT:Q9JHF7	#e8d6cc	W10
UNIPROT:P48316	#3b4cc0	W10
UNIPROT:Q3UMH6	#3b4cc0	W10
UNIPROT:P47968	#f0cdbb	W10
UNIPROT:Q9QYC7	#d2dbe8	W10
UNIPROT:B2RS80	#d2dbe8	W10
UNIPROT:Q3THS6	#d5dbe5	W10
UNIPROT:Q99J57	#d5dbe5	W10
UNIPROT:O08528	#3b4cc0	W10
UNIPROT:Q9QX60	#b7cff9	W10
UNIPROT:Q504N4	#b7cff9	W10
UNIPROT:Q91YH6	#3b4cc0	W10
UNIPROT:P47856	#f1ccb8	W10
UNIPROT:P11881	#e0dbd8	W10
UNIPROT:Q3UVA1	#e0dbd8	W10
UNIPROT:Q8BQN0	#e0dbd8	W10
UNIPROT:Q8C7X9	#e0dbd8	W10
UNIPROT:Q8C8N0	#e0dbd8	W10
UNIPROT:Q8VEL2	#efcebd	W10
UNIPROT:Q9R0K7	#b40426	W10
UNIPROT:F8WHB1	#b40426	W10
UNIPROT:Q3UHH0	#b40426	W10
UNIPROT:Q3UHJ3	#b40426	W10
UNIPROT:Q99N57	#e7d7ce	W10
UNIPROT:Q01815	#df634e	W10
UNIPROT:A0A087WS40	#df634e	W10
UNIPROT:A0A087WSE7	#df634e	W10
UNIPROT:C7TQ57	#df634e	W10
UNIPROT:C7TQ58	#df634e	W10
UNIPROT:C7TQ59	#df634e	W10
UNIPROT:C7TQ60	#df634e	W10
UNIPROT:C7TQ61	#df634e	W10
UNIPROT:C7TQ62	#df634e	W10
UNIPROT:F7C376	#df634e	W10
UNIPROT:F8WJL1	#df634e	W10
UNIPROT:Q0PCR6	#df634e	W10
UNIPROT:P50518	#ee8468	W10
UNIPROT:Q80WS1	#f4987a	W10
UNIPROT:Q91V01	#dfdbd9	W10
UNIPROT:P17751	#f4c5ad	W10
UNIPROT:Q9DC69	#f7b599	W10
UNIPROT:P30280	#3b4cc0	W10
UNIPROT:Q4FK45	#3b4cc0	W10
UNIPROT:Q8R3R8	#e16751	W10
UNIPROT:P46414	#6180e9	W10
UNIPROT:Q01097	#b40426	W10
UNIPROT:G3X9V4	#b40426	W10
UNIPROT:P61249	#f49a7b	W10
UNIPROT:Q91YP3	#4c66d6	W10
UNIPROT:Q91VS7	#3b4cc0	W10
UNIPROT:E9QJW0	#3b4cc0	W10
UNIPROT:Q53ZD4	#3b4cc0	W10
UNIPROT:Q9Z0X4	#3b4cc0	W10
UNIPROT:B2RR84	#3b4cc0	W10
UNIPROT:P16125	#80a3fa	W10
UNIPROT:A0A6I8MX27	#80a3fa	W10
UNIPROT:P97794	#9fbfff	W10
UNIPROT:A0A0J9YMM3	#9fbfff	W10
UNIPROT:Q3U118	#9fbfff	W10
UNIPROT:P70170	#92b4fe	W10
UNIPROT:E9PUE8	#92b4fe	W10
UNIPROT:Q9D4V0	#f29274	W10
UNIPROT:P24288	#9ebeff	W10
UNIPROT:Q3TJN1	#9ebeff	W10
UNIPROT:Q8CBC8	#9ebeff	W10
UNIPROT:P32883	#e6d7cf	W10
UNIPROT:Q0VDV7	#e6d7cf	W10
UNIPROT:Q5J7N1	#e6d7cf	W10
UNIPROT:Q9CQ91	#f2cbb7	W10
UNIPROT:Q8CHK3	#dc5d4a	W10
UNIPROT:P48787	#b40426	W10
UNIPROT:Q497F1	#b40426	W10
UNIPROT:Q80ZN9	#d8dce2	W10
UNIPROT:Q059Q8	#d8dce2	W10
UNIPROT:S4R2Q6	#d8dce2	W10
UNIPROT:V9GXN3	#d8dce2	W10
UNIPROT:Q8K596	#f7ba9f	W10
UNIPROT:P0DP26	#f6bfa6	W10
UNIPROT:P0DP27	#f6bfa6	W10
UNIPROT:P0DP28	#f6bfa6	W10
UNIPROT:Q0P543	#d6dce4	W10
UNIPROT:P70460	#c9d7f0	W10
UNIPROT:Q6PIC6	#be242e	W10
UNIPROT:A0A0G2JGX4	#be242e	W10
UNIPROT:Q8R0E8	#be242e	W10
UNIPROT:Q8VCE0	#be242e	W10
UNIPROT:Q61626	#d24b40	W10
UNIPROT:Q80WU3	#d24b40	W10
UNIPROT:P54310	#a3c2fe	W10
UNIPROT:Q7TS72	#d4dbe6	W10
UNIPROT:Q923D2	#b40426	W10
UNIPROT:E9PZC4	#b40426	W10
UNIPROT:Q3U6G1	#b40426	W10
UNIPROT:O35405	#ba162b	W10
UNIPROT:Q60823	#8fb1fe	W10
UNIPROT:Q3TY95	#8fb1fe	W10
UNIPROT:Q8CE74	#8fb1fe	W10
UNIPROT:Q9JJL8	#e1dad6	W10
UNIPROT:Q8VDQ8	#e6d7cf	W10
UNIPROT:P56392	#f7ad90	W10
UNIPROT:Q792A4	#f7ad90	W10
UNIPROT:P56391	#f39577	W10
UNIPROT:E9QNX7	#b40426	W10
UNIPROT:Q91WH7	#b40426	W10
UNIPROT:P06745	#e9d5cb	W10
UNIPROT:Q9DCQ2	#bb1b2c	W10
UNIPROT:Q9JIF0	#e9d5cb	W10
UNIPROT:A0A140LJ70	#e9d5cb	W10
UNIPROT:Q3UIG8	#e9d5cb	W10
UNIPROT:Q9CX58	#e9d5cb	W10
UNIPROT:P10833	#5a78e4	W10
UNIPROT:Q3U1N3	#5a78e4	W10
UNIPROT:Q9DBB8	#edd1c2	W10
UNIPROT:O35855	#f6bea4	W10
UNIPROT:O88374	#f6bea4	W10
UNIPROT:Q3ULU3	#f6bea4	W10
UNIPROT:B2RUS7	#3b4cc0	W10
UNIPROT:P06151	#e16751	W10
UNIPROT:A0A1B0GSX0	#e16751	W10
UNIPROT:Q564E2	#e16751	W10
UNIPROT:Q8BHJ7	#b40426	W10
UNIPROT:P63080	#b40426	W10
UNIPROT:Q8C446	#b40426	W10
UNIPROT:P49582	#3b4cc0	W10
UNIPROT:Q53YJ9	#3b4cc0	W10
UNIPROT:Q8CC01	#3b4cc0	W10
UNIPROT:Q8BLY2	#ea7b60	W10
UNIPROT:Q60929	#f08b6e	W10
UNIPROT:Q60751	#bfd3f6	W10
UNIPROT:E9QNX9	#bfd3f6	W10
UNIPROT:Q3U1L4	#bfd3f6	W10
UNIPROT:P54071	#3f53c6	W10
UNIPROT:Q9D114	#eed0c0	W10
UNIPROT:A0A0U1RNF0	#eed0c0	W10
UNIPROT:A0A0U1RQ53	#eed0c0	W10
UNIPROT:Q9CR53	#88abfd	W10
UNIPROT:D3Z621	#88abfd	W10
UNIPROT:O88502	#a1c0ff	W10
UNIPROT:Q9QWW1	#96b7ff	W10
UNIPROT:E9Q4F9	#96b7ff	W10
UNIPROT:P35505	#b40426	W10
UNIPROT:Q3UVX5	#b40426	W10
UNIPROT:B2BH30	#b40426	W10
UNIPROT:B7ZMP7	#b40426	W10
UNIPROT:E9QMC2	#b40426	W10
UNIPROT:Q4VA56	#b40426	W10
UNIPROT:Q8BGV0	#c4d5f3	W10
UNIPROT:Q8BXJ6	#c4d5f3	W10
UNIPROT:Q9CQ54	#f0cdbb	W10
UNIPROT:G5E884	#edd1c2	W10
UNIPROT:Q9ERK9	#3b4cc0	W10
UNIPROT:Q3UQ86	#3b4cc0	W10
UNIPROT:Q922S4	#b40426	W10
UNIPROT:A0A1B0GRJ9	#b40426	W10
UNIPROT:Q3TYK5	#b40426	W10
UNIPROT:Q3TYU3	#b40426	W10
UNIPROT:Q5PR72	#b40426	W10
UNIPROT:Q6P549	#4257c9	W10
UNIPROT:P07742	#94b6ff	W10
UNIPROT:P97297	#b40426	W10
UNIPROT:P62071	#c12b30	W10
UNIPROT:Q9CTF6	#c12b30	W10
UNIPROT:Q61409	#c0d4f5	W10
UNIPROT:E9QLQ3	#c0d4f5	W10
UNIPROT:Q3UQ25	#c0d4f5	W10
UNIPROT:Q61194	#6c8ff1	W10
UNIPROT:F8VPL2	#6c8ff1	W10
UNIPROT:P97478	#f5c2aa	W10
UNIPROT:Q3TYT1	#f5c2aa	W10
UNIPROT:Q9DB77	#f4c6af	W10
UNIPROT:Q9CXJ1	#e3d9d3	W10
UNIPROT:Q9CR21	#ee8468	W10
UNIPROT:Q569N0	#ee8468	W10
UNIPROT:Q07832	#6687ed	W10
UNIPROT:Q3TPZ2	#6687ed	W10
UNIPROT:Q63844	#d1493f	W10
UNIPROT:P05064	#d65244	W10
UNIPROT:A6ZI44	#d65244	W10
UNIPROT:Q5FWB7	#d65244	W10
UNIPROT:Q8VDP6	#e36c55	W10
UNIPROT:A0A0U1RPV3	#e36c55	W10
UNIPROT:Q9QY93	#f6bda2	W10
UNIPROT:Q9CRC0	#ef886b	W10
UNIPROT:Q8CDA1	#edd1c2	W10
UNIPROT:B2RQ14	#edd1c2	W10
UNIPROT:Q0VBU9	#e67259	W10
UNIPROT:Q8BP74	#f7b79b	W10
UNIPROT:P29758	#f7ba9f	W10
UNIPROT:Q3TG75	#f7ba9f	W10
UNIPROT:Q3UKT3	#f7ba9f	W10
UNIPROT:Q9D7I5	#b40426	W10
UNIPROT:P51163	#f7b497	W10
UNIPROT:Q3TPL3	#f7b497	W10
UNIPROT:Q3UG55	#f7b497	W10
UNIPROT:Q3UKR3	#f7b497	W10
UNIPROT:O55003	#b40426	W10
UNIPROT:Q7TNC9	#b40426	W10
UNIPROT:Q8BH95	#e1dad6	W10
UNIPROT:Q05421	#f7a889	W10
UNIPROT:Q8R104	#b40426	W10
UNIPROT:Q4FJK3	#b40426	W10
UNIPROT:Q9Z1X2	#f4c5ad	W10
UNIPROT:Q61411	#ecd3c5	W10
UNIPROT:P51436	#aec9fc	W10
UNIPROT:Q93092	#d6dce4	W10
UNIPROT:Q9ER72	#eed0c0	W10
UNIPROT:Q3U716	#eed0c0	W10
UNIPROT:Q3UXN3	#eed0c0	W10
UNIPROT:Q711T7	#d1dae9	W10
UNIPROT:P25322	#5b7ae5	W10
UNIPROT:Q790L7	#5b7ae5	W10
UNIPROT:P97772	#b40426	W10
UNIPROT:Q3V0U2	#b40426	W10
UNIPROT:O54799	#3f53c6	W10
UNIPROT:Q0VEH1	#3f53c6	W10
UNIPROT:Q9WVC6	#b40426	W10
UNIPROT:E9Q1B0	#b40426	W10
UNIPROT:E9Q8C1	#b40426	W10
UNIPROT:Q3SXD3	#ec7f63	W10
UNIPROT:D3Z6H8	#f4c6af	W10
UNIPROT:P0DMN7	#f7ba9f	W10
UNIPROT:Q91WF7	#f7b497	W10
UNIPROT:Q9WVH4	#d8dce2	W10
UNIPROT:Q9CZN8	#e0dbd8	W10
UNIPROT:A0A1W2P6S5	#9dbdff	W10
UNIPROT:Q60715	#aec9fc	W10
UNIPROT:E9Q7B0	#aec9fc	W10
UNIPROT:Q3TTT2	#aec9fc	W10
UNIPROT:Q3UF16	#aec9fc	W10
UNIPROT:E9Q468	#b40426	W10
UNIPROT:Q9D819	#f0cdbb	W10
UNIPROT:Q4FK49	#f0cdbb	W10
UNIPROT:P17710	#b40426	W10
UNIPROT:B4YB29	#b40426	W10
UNIPROT:G3UVV4	#b40426	W10
UNIPROT:Q3TTB4	#b40426	W10
UNIPROT:Q6GQU1	#b40426	W10
UNIPROT:Q923E4	#c6d6f1	W10
UNIPROT:Q3UNI1	#c6d6f1	W10
UNIPROT:Q3USJ2	#c6d6f1	W10
UNIPROT:Q3USY7	#c6d6f1	W10
UNIPROT:Q53Z05	#c6d6f1	W10
UNIPROT:Q6PDY2	#ead4c8	W10
UNIPROT:Q7TT16	#e57058	W10
UNIPROT:D3YWA2	#e57058	W10
UNIPROT:Q8VC97	#f6a385	W10
UNIPROT:Q3UEK4	#f6a385	W10
UNIPROT:Q60928	#f18f71	W10
UNIPROT:Q4FK56	#f18f71	W10
UNIPROT:Q64471	#b40426	W10
UNIPROT:Q9DCY6	#b40426	W10
UNIPROT:Q61133	#b40426	W10
UNIPROT:P34884	#f49a7b	W10
UNIPROT:Q545F0	#f49a7b	W10
UNIPROT:P12382	#f4c6af	W10
UNIPROT:Q9D517	#f7a688	W10
UNIPROT:Q9DAX2	#b40426	W10
UNIPROT:A0A1W2P7I9	#b40426	W10
UNIPROT:G3XA61	#b40426	W10
UNIPROT:O88703	#b40426	W10
UNIPROT:Q91V45	#b40426	W10
UNIPROT:B2CP06	#b40426	W10
UNIPROT:C5H7S2	#b40426	W10
UNIPROT:Q91V24	#a2c1ff	W10
UNIPROT:E9Q6G4	#a2c1ff	W10
UNIPROT:O70325	#f7a889	W10
UNIPROT:Q76LV0	#f7a889	W10
UNIPROT:Q9WTK7	#f4c5ad	W10
UNIPROT:Q3V4A1	#f4c5ad	W10
UNIPROT:Q9D3D9	#f7b99e	W10
UNIPROT:D3Z7S4	#f7b99e	W10
UNIPROT:Q4FK74	#f7b99e	W10
UNIPROT:Q9DC70	#e16751	W10
UNIPROT:O35969	#ed8366	W10
UNIPROT:Q9CPX8	#f7b396	W10
UNIPROT:Q5EC55	#bd1f2d	W10
UNIPROT:P22339	#b40426	W10
UNIPROT:Q63932	#f0cdbb	W10
UNIPROT:Q8CB46	#f0cdbb	W10
UNIPROT:Q91YS7	#f0cdbb	W10
UNIPROT:O70161	#d75445	W10
UNIPROT:F8WHW6	#d75445	W10
UNIPROT:P30987	#f29274	W10
UNIPROT:Q5FW61	#f29274	W10
UNIPROT:P21278	#e7d7ce	W10
UNIPROT:Q3UPA1	#e7d7ce	W10
UNIPROT:P59941	#97b8ff	W10
UNIPROT:Q3UKP1	#97b8ff	W10
UNIPROT:Q8C025	#dfdbd9	W10
UNIPROT:D3YU39	#dfdbd9	W10
UNIPROT:Q7TMF3	#ee8468	W10
UNIPROT:A0A0R4J275	#ee8468	W10
UNIPROT:G5E829	#b40426	W10
UNIPROT:Q9DBR7	#a7c5fe	W10
UNIPROT:Q9JIN6	#b40426	W10
UNIPROT:P23804	#5b7ae5	W10
UNIPROT:Q99JI6	#d55042	W10
UNIPROT:Q52L50	#d55042	W10
UNIPROT:Q62463	#b40426	W10
UNIPROT:Q3U1H9	#b40426	W10
UNIPROT:Q3UHD9	#b40426	W10
UNIPROT:Q91XU3	#dfdbd9	W10
UNIPROT:P47806	#ecd3c5	W10
UNIPROT:Q4FZG9	#d4dbe6	W10
UNIPROT:Q9CZN7	#a7c5fe	W10
UNIPROT:P56480	#ead5c9	W10
UNIPROT:Q571F8	#b40426	W10
UNIPROT:P97377	#3b4cc0	W10
UNIPROT:Q3U6X7	#3b4cc0	W10
UNIPROT:Q3UGB9	#3b4cc0	W10
UNIPROT:O88673	#b40426	W10
UNIPROT:P15208	#94b6ff	W10
UNIPROT:M4TKR7	#94b6ff	W10
UNIPROT:Q3TPM5	#94b6ff	W10
UNIPROT:Q3TRM4	#b40426	W10
UNIPROT:A0A140LI54	#b40426	W10
UNIPROT:P81122	#f49a7b	W10
UNIPROT:Q8BYM8	#ead4c8	W10
UNIPROT:G3X975	#ead4c8	W10
UNIPROT:Q8BY51	#ead4c8	W10
UNIPROT:Q9D2Y6	#f1cdba	W10
UNIPROT:A0A1B0GRC8	#f1cdba	W10
UNIPROT:Q3UYF5	#f1cdba	W10
UNIPROT:Q9D1E8	#9bbcff	W10
UNIPROT:Q60931	#da5a49	W10
UNIPROT:Q3TX38	#da5a49	W10
UNIPROT:Q5EBQ0	#da5a49	W10
UNIPROT:O88351	#c7d7f0	W10
UNIPROT:A0A0R4J0T4	#c7d7f0	W10
UNIPROT:Q5D0E0	#c7d7f0	W10
UNIPROT:Q8K2C8	#e4d9d2	W10
UNIPROT:Q3UMZ3	#b40426	W10
UNIPROT:Q6P6K4	#b40426	W10
UNIPROT:O54982	#bd1f2d	W10
UNIPROT:G3X9P7	#bd1f2d	W10
UNIPROT:P47791	#dfdbd9	W10
UNIPROT:Q9Z2C9	#f59c7d	W10
UNIPROT:P48962	#ee8669	W10
UNIPROT:Q8K2D6	#f1ccb8	W10
UNIPROT:G3X908	#f1ccb8	W10
UNIPROT:Q04573	#b40426	W10
UNIPROT:Q3V1K5	#b40426	W10
UNIPROT:P62814	#e0654f	W10
UNIPROT:Q6P290	#d4dbe6	W10
UNIPROT:Q9ERS2	#f59c7d	W10
UNIPROT:Q99JP6	#3b4cc0	W10
UNIPROT:Q9JHU9	#f7a688	W10
UNIPROT:O08908	#ec7f63	W10
UNIPROT:Q9CQ60	#e26952	W10
UNIPROT:D3Z4X1	#e26952	W10
UNIPROT:Q60843	#b40426	W10
UNIPROT:Q3V293	#b40426	W10
UNIPROT:P14901	#b40426	W10
UNIPROT:Q3U5U6	#b40426	W10
UNIPROT:Q61614	#b40426	W10
UNIPROT:Q9CR61	#f0cdbb	W10
UNIPROT:Q9CY27	#c53334	W10
UNIPROT:G3UWE1	#c53334	W10
UNIPROT:P05132	#f39475	W10
UNIPROT:Q9CQT1	#88abfd	W10
UNIPROT:Q8C0C7	#ebd3c6	W10
UNIPROT:Q3UIZ8	#94b6ff	W10
UNIPROT:D3Z630	#94b6ff	W10
UNIPROT:Q8BGT5	#dfdbd9	W10
UNIPROT:Q64700	#f7aa8c	W10
UNIPROT:A0A1B0GR06	#f7aa8c	W10
UNIPROT:A0A1B0GRM0	#f7aa8c	W10
UNIPROT:Q8BYI6	#f6a385	W10
UNIPROT:E1AZ71	#3b4cc0	W10
UNIPROT:E9PXX0	#3b4cc0	W10
UNIPROT:Q80VQ4	#3b4cc0	W10
UNIPROT:Q80XL8	#3b4cc0	W10
UNIPROT:Q91WA8	#3b4cc0	W10
UNIPROT:P05202	#f7ad90	W10
UNIPROT:Q8BN51	#f5c4ac	W10
UNIPROT:Q9ERQ8	#b40426	W10
UNIPROT:G3XA26	#b40426	W10
UNIPROT:Q3UND9	#b40426	W10
UNIPROT:P51863	#f39778	W10
UNIPROT:P16301	#97b8ff	W10
UNIPROT:Q3UZ64	#e5d8d1	W10
UNIPROT:Q8VEB4	#f7ad90	W10
UNIPROT:O35435	#f6bda2	W10
UNIPROT:Q8BGQ7	#f7ba9f	W10
UNIPROT:Q3UD67	#f7ba9f	W10
UNIPROT:P60521	#ead4c8	W10
UNIPROT:Q99MN1	#f29072	W10
UNIPROT:Q3TIV6	#f29072	W10
UNIPROT:Q8R2P8	#f29072	W10
UNIPROT:Q91WK5	#ecd3c5	W10
UNIPROT:Q99J39	#f7b396	W10
UNIPROT:P19783	#f7a98b	W10
UNIPROT:A2RSV8	#f7a98b	W10
UNIPROT:P08030	#f7b093	W10
UNIPROT:Q01727	#f7b99e	W10
UNIPROT:A0A0B6VTJ4	#f7b99e	W10
UNIPROT:Q9JI39	#df634e	W10
UNIPROT:P98192	#c0d4f5	W10
UNIPROT:Q545P6	#c0d4f5	W10
UNIPROT:Q9CT84	#c0d4f5	W10
UNIPROT:Q9CQA9	#b40426	W10
UNIPROT:Q8C373	#b40426	W10
UNIPROT:Q99NH2	#445acc	W10
UNIPROT:A0A0R4J1Y4	#445acc	W10
UNIPROT:A5D6P2	#445acc	W10
UNIPROT:B7ZNY3	#445acc	W10
UNIPROT:E9PYJ2	#445acc	W10
UNIPROT:G3XA13	#445acc	W10
UNIPROT:O89106	#f7a98b	W10
UNIPROT:E9PZ91	#f7a98b	W10
UNIPROT:P37242	#b40426	W10
UNIPROT:Q3UZT5	#b40426	W10
UNIPROT:P48453	#f7b396	W10
UNIPROT:A0A6B9EQU3	#f7b396	W10
UNIPROT:E0CZ78	#f7b396	W10
UNIPROT:G3X8U7	#f7b396	W10
UNIPROT:Q923T9	#f29274	W10
UNIPROT:Q6ZWS7	#f29274	W10
UNIPROT:Q8BW40	#f29274	W10
UNIPROT:P55264	#e26952	W10
UNIPROT:Q8BMC5	#e26952	W10
UNIPROT:Q60930	#f49a7b	W10
UNIPROT:Q08460	#b40426	W10
UNIPROT:A0A087WQ41	#b40426	W10
UNIPROT:A0A087WQN5	#b40426	W10
UNIPROT:A0A087WRS4	#b40426	W10
UNIPROT:A0A286YD35	#b40426	W10
UNIPROT:A0A286YDM6	#b40426	W10
UNIPROT:Q3UXG3	#b40426	W10
UNIPROT:Q99KR7	#bed2f6	W10
UNIPROT:Q99246	#b40426	W10
UNIPROT:A0A286YD72	#b40426	W10
UNIPROT:A0A589Q4M7	#b40426	W10
UNIPROT:P40142	#f5c2aa	W10
UNIPROT:Q91Y86	#efcebd	W10
UNIPROT:A6P3E4	#efcebd	W10
UNIPROT:G3X8U9	#efcebd	W10
UNIPROT:Q544A0	#efcebd	W10
UNIPROT:Q7TSJ7	#efcebd	W10
UNIPROT:P26443	#e4d9d2	W10
UNIPROT:Q3TSQ7	#e4d9d2	W10
UNIPROT:Q61627	#b40426	W10
UNIPROT:P23492	#e97a5f	W10
UNIPROT:Q543K9	#e97a5f	W10
UNIPROT:Q8JZL3	#ccd9ed	W10
UNIPROT:Q8BH04	#c3d5f4	W10
UNIPROT:A0A0R4J0G0	#c3d5f4	W10
UNIPROT:Q99L27	#ead4c8	W10
UNIPROT:O88855	#b40426	W10
UNIPROT:A7VJD3	#b40426	W10
UNIPROT:Q8K120	#9abbff	W10
UNIPROT:Q99KP3	#b40426	W10
UNIPROT:A7VMV2	#b40426	W10
UNIPROT:Q8VE11	#f6a283	W10
UNIPROT:E9Q6H0	#3b4cc0	W10
UNIPROT:Q8BXH3	#3b4cc0	W10
UNIPROT:P97718	#b40426	W10
UNIPROT:Q8BUE5	#b40426	W10
UNIPROT:Q8BXZ4	#b40426	W10
UNIPROT:Q8BZV1	#b40426	W10
UNIPROT:P48455	#b40426	W10
UNIPROT:A0A2I3BPC5	#b40426	W10
UNIPROT:Q80XK0	#b40426	W10
UNIPROT:Q8BMC0	#3b4cc0	W10
UNIPROT:D3YXJ0	#e36c55	W10
UNIPROT:A0A2I3BQ43	#e36c55	W10
UNIPROT:A0JP53	#e36c55	W10
UNIPROT:P48302	#c53334	W10
UNIPROT:E9Q236	#efcebd	W10
UNIPROT:E9Q467	#efcebd	W10
UNIPROT:F8VQK3	#ca3b37	W10
UNIPROT:Q3TNN8	#ca3b37	W10
UNIPROT:Q3UH83	#ca3b37	W10
UNIPROT:Q9CQF6	#d4dbe6	W10
UNIPROT:Q9Z2W8	#b40426	W10
UNIPROT:E9PX01	#b40426	W10
UNIPROT:Q8C069	#b40426	W10
UNIPROT:Q9Z2D1	#dcdddd	W10
UNIPROT:Q6P572	#dcdddd	W10
UNIPROT:P13864	#e9d5cb	W10
UNIPROT:J3QNW0	#e9d5cb	W10
UNIPROT:Q3UHZ3	#e9d5cb	W10
UNIPROT:Q3UWN4	#e9d5cb	W10
UNIPROT:Q7TSJ0	#e9d5cb	W10
UNIPROT:P52592	#6f92f3	W10
UNIPROT:O89084	#e36c55	W10
UNIPROT:B2RTL2	#e36c55	W10
UNIPROT:Q3TUD0	#e36c55	W10
UNIPROT:Q91X56	#b40426	W10
UNIPROT:Q60773	#d24b40	W10
UNIPROT:Q3US51	#d24b40	W10
UNIPROT:Q3UW31	#a1c0ff	W10
UNIPROT:Q8BMF5	#b40426	W10
UNIPROT:Q91WA9	#b40426	W10
UNIPROT:P22907	#f7b093	W10
UNIPROT:Q3UBC6	#f7b093	W10
UNIPROT:Q3UPG1	#f7b093	W10
UNIPROT:Q9CPQ8	#f49a7b	W10
UNIPROT:Q04646	#b40426	W10
UNIPROT:Q6ITT1	#b40426	W10
UNIPROT:Q6ITT2	#b40426	W10
UNIPROT:Q9CXV1	#b40426	W10
UNIPROT:Q62388	#a5c3fe	W10
UNIPROT:B9EHX4	#a5c3fe	W10
UNIPROT:Q8QZT1	#f6a586	W10
UNIPROT:Q2MKA5	#c1d4f4	W10
UNIPROT:Q8BIE9	#c1d4f4	W10
UNIPROT:Q8R4G9	#b40426	W10
UNIPROT:Q0VBK4	#b40426	W10
UNIPROT:Q8R493	#82a6fb	W10
UNIPROT:Q3USV2	#82a6fb	W10
UNIPROT:Q8BZB2	#dfdbd9	W10
UNIPROT:A0A1L1ST77	#dfdbd9	W10
UNIPROT:P12787	#f6bea4	W10
UNIPROT:B2RY58	#b40426	W10
UNIPROT:Q8BUN5	#b40426	W10
UNIPROT:P31938	#d75445	W10
UNIPROT:Q3TMJ8	#d75445	W10
UNIPROT:Q8K2C9	#b1cbfc	W10
UNIPROT:Q9D799	#e6d7cf	W10
UNIPROT:Q3V021	#e6d7cf	W10
UNIPROT:Q8CI85	#f7b093	W10
UNIPROT:A0A0R4J0W4	#f7b093	W10
UNIPROT:Q8K2J1	#f7b093	W10
UNIPROT:P30276	#3b4cc0	W10
UNIPROT:Q8JZS7	#b40426	W10
UNIPROT:P58308	#b40426	W10
UNIPROT:P97494	#c3d5f4	W10
UNIPROT:Q3TEF1	#c3d5f4	W10
UNIPROT:Q3UNA7	#c3d5f4	W10
UNIPROT:Q8BHI7	#cfdaea	W10
UNIPROT:P24472	#b40426	W10
UNIPROT:P48771	#f5a081	W10
UNIPROT:Q9EQC4	#ee8468	W10
UNIPROT:Q61503	#f6bfa6	W10
UNIPROT:Q0VEE0	#f6bfa6	W10
UNIPROT:P97370	#c1d4f4	W10
UNIPROT:Q544Q7	#c1d4f4	W10
UNIPROT:Q99JR6	#d3dbe7	W10
UNIPROT:Q8BTI9	#d8dce2	W10
UNIPROT:Q6P3D0	#f7ad90	W10
UNIPROT:Q8QZY2	#b40426	W10
UNIPROT:A0A0R4J1H2	#b40426	W10
UNIPROT:Q8VC19	#f4c6af	W10
UNIPROT:Q3V0B2	#f4c6af	W10
UNIPROT:Q99JW2	#a1c0ff	W10
UNIPROT:A0A0R4J050	#a1c0ff	W10
UNIPROT:P08752	#afcafc	W10
UNIPROT:Q8CFA2	#b40426	W10
UNIPROT:A2RSW6	#b40426	W10
UNIPROT:Q9QUI0	#afcafc	W10
UNIPROT:Q4VAE6	#afcafc	W10
UNIPROT:P11352	#edd1c2	W10
UNIPROT:A0A0A6YVV2	#edd1c2	W10
UNIPROT:Q8BML9	#e2dad5	W10
UNIPROT:P24547	#ead4c8	W10
UNIPROT:Q3UAT9	#ead4c8	W10
UNIPROT:Q9CZ13	#f4987a	W10
UNIPROT:O88425	#f39778	W10
UNIPROT:P41593	#da5a49	W10
UNIPROT:Q3ULJ0	#b40426	W10
UNIPROT:B2RSR7	#b40426	W10
UNIPROT:Q8R3B1	#b40426	W10
UNIPROT:G5DDB7	#b40426	W10
UNIPROT:Q8VCH0	#b40426	W10
UNIPROT:Q3UKM0	#b40426	W10
UNIPROT:Q921H8	#e9d5cb	W10
UNIPROT:Q3TNA1	#f7b093	W10
UNIPROT:Q3TMS3	#f7b093	W10
UNIPROT:P09240	#b40426	W10
UNIPROT:Q8R041	#b40426	W10
UNIPROT:P97751	#779af7	W10
UNIPROT:Q8VDC0	#f2cbb7	W10
UNIPROT:Q9EP69	#dedcdb	W10
UNIPROT:Q8K296	#f1cdba	W10
UNIPROT:B1ATD5	#f1cdba	W10
UNIPROT:Q80U24	#f1cdba	W10
UNIPROT:Q8R1I1	#e36c55	W10
UNIPROT:Q5NCJ9	#e36c55	W10
UNIPROT:P52792	#e9785d	W10
UNIPROT:Q5SVI5	#e9785d	W10
UNIPROT:Q5SVI6	#e9785d	W10
UNIPROT:P28652	#b40426	W10
UNIPROT:Q5SVI0	#b40426	W10
UNIPROT:Q5SVI2	#b40426	W10
UNIPROT:Q5SVJ0	#b40426	W10
UNIPROT:Q5SVJ1	#b40426	W10
UNIPROT:Q68EG2	#b40426	W10
UNIPROT:Q8BL41	#b40426	W10
UNIPROT:O88444	#b40426	W10
UNIPROT:Q63810	#b40426	W10
UNIPROT:Q91ZJ5	#b40426	W10
UNIPROT:Q3U548	#b40426	W10
UNIPROT:P14152	#ec8165	W10
UNIPROT:A0A5F8MPN8	#ec8165	W10
UNIPROT:Q9CQG1	#df634e	W10
UNIPROT:Q8R2W9	#abc8fd	W10
UNIPROT:Q5SXA7	#abc8fd	W10
UNIPROT:Q9D0I9	#d8dce2	W10
UNIPROT:Q99LB6	#f5c0a7	W10
UNIPROT:P22723	#b40426	W10
UNIPROT:P62812	#b40426	W10
UNIPROT:Q3URD4	#b40426	W10
UNIPROT:Q544F7	#b40426	W10
UNIPROT:P63137	#b40426	W10
UNIPROT:Q9DBL0	#b40426	W10
UNIPROT:Q9Z2Z9	#f7ad90	W10
UNIPROT:Q3V0X4	#f7ad90	W10
UNIPROT:Q9WTU6	#de614d	W10
UNIPROT:Q5NCK8	#de614d	W10
UNIPROT:Q8C094	#de614d	W10
UNIPROT:Q60932	#f29274	W10
UNIPROT:Q9CQ69	#e7745b	W10
UNIPROT:Q60716	#f3c8b2	W10
UNIPROT:Q3UQ81	#f3c8b2	W10
UNIPROT:Q5SX74	#f3c8b2	W10
UNIPROT:Q5SX75	#f3c8b2	W10
UNIPROT:P46412	#e6d7cf	W10
UNIPROT:Q64018	#f1cdba	W10
UNIPROT:Q5NCT9	#f1cdba	W10
UNIPROT:P23818	#b40426	W10
UNIPROT:F6YNQ1	#b40426	W10
UNIPROT:Q7TNB5	#b40426	W10
UNIPROT:Q64520	#e57058	W10
UNIPROT:E9Q7K1	#e57058	W10
UNIPROT:Q8VCE6	#dd5f4b	W10
UNIPROT:Q61907	#c83836	W10
UNIPROT:P50431	#f7ba9f	W10
UNIPROT:P47740	#c6d6f1	W10
UNIPROT:B1AV77	#c6d6f1	W10
UNIPROT:Q8CFY5	#f7a98b	W10
UNIPROT:Q3U3N1	#f7a98b	W10
UNIPROT:Q3UDN4	#f7a98b	W10
UNIPROT:Q99KS6	#a7c5fe	W10
UNIPROT:Q5SUR0	#f7b599	W10
UNIPROT:P14231	#b40426	W10
UNIPROT:Q3UR55	#b40426	W10
UNIPROT:Q6P8J2	#f5a081	W10
UNIPROT:A0A158SIT0	#f5a081	W10
UNIPROT:P14142	#e4d9d2	W10
UNIPROT:Q9DCD6	#e5d8d1	W10
UNIPROT:P97813	#b40426	W10
UNIPROT:Q3UNY4	#b40426	W10
UNIPROT:Q5SXG5	#b40426	W10
UNIPROT:Q6NV49	#b40426	W10
UNIPROT:Q80ZW1	#b40426	W10
UNIPROT:B9EHM6	#536edd	W10
UNIPROT:Q3UYI1	#536edd	W10
UNIPROT:Q9QZX7	#d0473d	W10
UNIPROT:Q8C5L6	#e6d7cf	W10
UNIPROT:Q5ND43	#e6d7cf	W10
UNIPROT:Q9D826	#7a9df8	W10
UNIPROT:Q3UEJ8	#7a9df8	W10
UNIPROT:P05063	#f5c2aa	W10
UNIPROT:O54949	#f6a283	W10
UNIPROT:Q3TV73	#f6a283	W10
UNIPROT:Q91XS1	#9abbff	W10
UNIPROT:Q9R1C6	#ead4c8	W10
UNIPROT:Q6P8I6	#f4987a	W10
UNIPROT:Q01768	#f5c2aa	W10
UNIPROT:Q5NC82	#f5c2aa	W10
UNIPROT:P15532	#f39577	W10
UNIPROT:Q5NC81	#f39577	W10
UNIPROT:Q9CR84	#d95847	W10
UNIPROT:Q80XI4	#d1493f	W10
UNIPROT:Q3UJ95	#d1493f	W10
UNIPROT:Q60829	#f7b89c	W10
UNIPROT:P40935	#f7a98b	W10
UNIPROT:Q0VB50	#f7a98b	W10
UNIPROT:P63058	#d85646	W10
UNIPROT:Q3UFY7	#e57058	W10
UNIPROT:P42227	#a6c4fe	W10
UNIPROT:Q3ULI4	#a6c4fe	W10
UNIPROT:Q6GU23	#a6c4fe	W10
UNIPROT:Q9Z1G4	#f49a7b	W10
UNIPROT:Q3TXT5	#f49a7b	W10
UNIPROT:Q3TY98	#f49a7b	W10
UNIPROT:Q9DBL7	#ead5c9	W10
UNIPROT:Q812C9	#bcd2f7	W10
UNIPROT:Q6NSQ9	#b40426	W10
UNIPROT:Q8K2J0	#b40426	W10
UNIPROT:P35347	#b40426	W10
UNIPROT:K9J9G1	#b40426	W10
UNIPROT:Q0VGH2	#b40426	W10
UNIPROT:Q3ZAT0	#b40426	W10
UNIPROT:P27601	#bad0f8	W10
UNIPROT:Q3UE40	#bad0f8	W10
UNIPROT:Q8K086	#bad0f8	W10
UNIPROT:Q9D034	#bad0f8	W10
UNIPROT:Q8K440	#f6a586	W10
UNIPROT:A2AM56	#f6a586	W10
UNIPROT:Q8K442	#b40426	W10
UNIPROT:A4PBQ7	#b40426	W10
UNIPROT:F8WGE3	#b40426	W10
UNIPROT:Q8K448	#f18f71	W10
UNIPROT:Q04887	#3b4cc0	W10
UNIPROT:P30875	#3b4cc0	W10
UNIPROT:Q9DCX2	#f5c2aa	W10
UNIPROT:Q9JM14	#f7a889	W10
UNIPROT:A2A9X5	#f7a889	W10
UNIPROT:Q60631	#c6d6f1	W10
UNIPROT:Q3U1Q4	#c6d6f1	W10
UNIPROT:Q3U5I5	#c6d6f1	W10
UNIPROT:Q9R0H0	#f3c7b1	W10
UNIPROT:P04184	#3b4cc0	W10
UNIPROT:Q6XPS7	#b40426	W10
UNIPROT:Q8BHF7	#f18d6f	W10
UNIPROT:B9EKS7	#f18d6f	W10
UNIPROT:Q8VCF1	#efcfbf	W10
UNIPROT:Q922E4	#e97a5f	W10
UNIPROT:A2ABY3	#e97a5f	W10
UNIPROT:Q3USD5	#e97a5f	W10
UNIPROT:Q8BKJ9	#ebd3c6	W10
UNIPROT:Q922W5	#a3c2fe	W10
UNIPROT:Q3UTR5	#a3c2fe	W10
UNIPROT:P60764	#b40426	W10
UNIPROT:Q14A12	#b40426	W10
UNIPROT:Q91X52	#3b4cc0	W10
UNIPROT:A2AC16	#3b4cc0	W10
UNIPROT:Q9WUA3	#b40426	W10
UNIPROT:Q8C605	#b40426	W10
UNIPROT:Q9ERZ3	#d55042	W10
UNIPROT:Q542R4	#d55042	W10
UNIPROT:E9Q401	#b40426	W10
UNIPROT:Q60835	#b40426	W10
UNIPROT:Q80ZZ5	#b40426	W10
UNIPROT:A6H5Y3	#9ebeff	W10
UNIPROT:Q61602	#3b4cc0	W10
UNIPROT:B2RUG4	#3b4cc0	W10
UNIPROT:Q3TYX7	#3b4cc0	W10
UNIPROT:Q8BWF0	#c0282f	W10
UNIPROT:B2RS41	#c0282f	W10
UNIPROT:Q8BH98	#b40426	W10
UNIPROT:P29754	#5e7de7	W10
UNIPROT:Q9CR68	#f2c9b4	W10
UNIPROT:Q99M01	#c1d4f4	W10
UNIPROT:G3X9Q4	#c1d4f4	W10
UNIPROT:Q8BW46	#c1d4f4	W10
UNIPROT:Q9JLJ4	#cad8ef	W10
UNIPROT:A0A0R4J1P7	#cad8ef	W10
UNIPROT:Q543J1	#cad8ef	W10
UNIPROT:Q8K2C6	#edd2c3	W10
UNIPROT:A0A1Y7VM56	#edd2c3	W10
UNIPROT:Q9DCZ1	#df634e	W10
UNIPROT:Q6P1C1	#b1cbfc	W10
UNIPROT:A0A217FL54	#b1cbfc	W10
UNIPROT:Q8BU30	#cad8ef	W10
UNIPROT:Q9R0S0	#ccd9ed	W10
UNIPROT:Q8R0J8	#c0d4f5	W10
UNIPROT:D3Z4J6	#c0d4f5	W10
UNIPROT:Q61115	#e2dad5	W10
UNIPROT:Q3TQB0	#e2dad5	W10
UNIPROT:Q3UUD4	#e2dad5	W10
UNIPROT:Q5R252	#e2dad5	W10
UNIPROT:Q9CQB4	#f18d6f	W10
UNIPROT:Q99LH2	#f18d6f	W10
UNIPROT:Q3V1Q3	#b40426	W10
UNIPROT:P52503	#f59f80	W10
UNIPROT:Q3TFD2	#f7b194	W10
UNIPROT:Q8K2B3	#ead4c8	W10
UNIPROT:Q8CFN5	#b40426	W10
UNIPROT:A0A0G2JEC2	#b40426	W10
UNIPROT:A0A0H2UH28	#b40426	W10
UNIPROT:A0A0H2UKB6	#b40426	W10
UNIPROT:Q3V1B5	#b40426	W10
UNIPROT:P17665	#f4c5ad	W10
UNIPROT:Q9Z2Y3	#c53334	W10
UNIPROT:Q3UVL6	#c53334	W10
UNIPROT:Q5D052	#c53334	W10
UNIPROT:P30558	#3b4cc0	W10
UNIPROT:Q8VCP8	#f7b79b	W10
UNIPROT:P24860	#3b4cc0	W10
UNIPROT:Q3TQW9	#3b4cc0	W10
UNIPROT:P26450	#b40426	W10
UNIPROT:Q3TP23	#b40426	W10
UNIPROT:Q80UI5	#b40426	W10
UNIPROT:Q8C7P2	#b40426	W10
UNIPROT:Q9D2Y9	#dedcdb	W10
UNIPROT:Q01063	#cad8ef	W10
UNIPROT:A2RSH1	#cad8ef	W10
UNIPROT:A6XDA7	#cad8ef	W10
UNIPROT:A6XDB0	#cad8ef	W10
UNIPROT:B2KF84	#cad8ef	W10
UNIPROT:E9PVU7	#cad8ef	W10
UNIPROT:P53351	#b40426	W10
UNIPROT:Q3TV29	#b40426	W10
UNIPROT:Q548A9	#b40426	W10
UNIPROT:Q61469	#b40426	W10
UNIPROT:Q9D7B7	#b40426	W10
UNIPROT:A0A338P7G6	#b40426	W10
UNIPROT:Q9CXZ1	#f7ad90	W10
UNIPROT:E9QPX3	#f7ad90	W10
UNIPROT:Q8BGK0	#506bda	W10
UNIPROT:Q8C1W8	#506bda	W10
UNIPROT:Q8JZK9	#c43032	W10
UNIPROT:O88508	#d0473d	W10
UNIPROT:P01193	#d6dce4	W10
UNIPROT:Q8VHH7	#f7aa8c	W10
UNIPROT:B8JK56	#f7aa8c	W10
UNIPROT:Q80TY9	#f7aa8c	W10
UNIPROT:Q91ZP3	#688aef	W10
UNIPROT:A0A1Y7VLN4	#688aef	W10
UNIPROT:A0A5F8MQ53	#688aef	W10
UNIPROT:E9QKQ5	#688aef	W10
UNIPROT:Q8CD95	#688aef	W10
UNIPROT:P70310	#f39577	W10
UNIPROT:P70336	#c0d4f5	W10
UNIPROT:F8VPK5	#c0d4f5	W10
UNIPROT:Q3TR46	#c0d4f5	W10
UNIPROT:P00860	#89acfd	W10
UNIPROT:P11157	#ee8468	W10
UNIPROT:Q8R3I2	#ccd9ed	W10
UNIPROT:Q8BN01	#ccd9ed	W10
UNIPROT:Q3U5Q7	#df634e	W10
UNIPROT:Q99JT9	#3b4cc0	W10
UNIPROT:Q9D358	#f6a283	W10
UNIPROT:Q4VAI2	#f6a283	W10
UNIPROT:Q561M1	#f6a283	W10
UNIPROT:O08749	#f2cbb7	W10
UNIPROT:Q99KQ4	#d9dce1	W10
UNIPROT:Q60987	#3b4cc0	W10
UNIPROT:Q3V1Q8	#3b4cc0	W10
UNIPROT:Q9Z1E3	#b3cdfb	W10
UNIPROT:G3UXL2	#455cce	W10
UNIPROT:Q3UYQ0	#455cce	W10
UNIPROT:P30873	#b40426	W10
UNIPROT:Q543T0	#b40426	W10
UNIPROT:Q02384	#ebd3c6	W10
UNIPROT:A0A0A0MQ87	#ebd3c6	W10
UNIPROT:Q91YP0	#f7aa8c	W10
UNIPROT:Q9CXA2	#f5c4ac	W10
UNIPROT:P57746	#e36b54	W10
UNIPROT:Q3U861	#e36b54	W10
UNIPROT:O08691	#ead4c8	W10
UNIPROT:S4R2P9	#b40426	W10
UNIPROT:E9PX50	#b40426	W10
UNIPROT:Q3UTP5	#b40426	W10
UNIPROT:Q8BXN1	#b40426	W10
UNIPROT:Q9QYR9	#cad8ef	W10
UNIPROT:Q6P2K2	#cad8ef	W10
UNIPROT:O55137	#9bbcff	W10
UNIPROT:Q8R1S0	#c7d7f0	W10
UNIPROT:Q9WUZ9	#b40426	W10
UNIPROT:Q3TQC7	#b40426	W10
UNIPROT:Q9EQ20	#cad8ef	W10
UNIPROT:Q8K0L1	#cad8ef	W10
UNIPROT:O89016	#b7cff9	W10
UNIPROT:P01101	#b40426	W10
UNIPROT:Q3TRQ9	#dedcdb	W10
UNIPROT:Q91YU7	#dedcdb	W10
UNIPROT:Q9WVL0	#e4d9d2	W10
UNIPROT:A0A1Y7VNC1	#e4d9d2	W10
UNIPROT:Q9JJA0	#e4d9d2	W10
UNIPROT:P47750	#b40426	W10
UNIPROT:Q78U67	#b40426	W10
UNIPROT:P0DP26	#b40426	W10
UNIPROT:P0DP27	#b40426	W10
UNIPROT:P0DP28	#b40426	W10
UNIPROT:Q3UKW2	#b40426	W10
UNIPROT:Q8BYN3	#b3cdfb	W10
UNIPROT:Q9D2H2	#f39778	W10
UNIPROT:F8WIC0	#f39778	W10
UNIPROT:P32921	#ead4c8	W10
UNIPROT:Q3U6U7	#ead4c8	W10
UNIPROT:Q04447	#e2dad5	W10
UNIPROT:P31750	#9ebeff	W10
UNIPROT:Q9D0K2	#bd1f2d	W10
UNIPROT:Q5EG47	#f7af91	W10
UNIPROT:Q3TUQ7	#f7af91	W10
UNIPROT:Q8BUX6	#f7af91	W10
UNIPROT:Q8C5H8	#90b2fe	W10
UNIPROT:Q9CUB4	#90b2fe	W10
UNIPROT:Q9Z0Z3	#9ebeff	W10
UNIPROT:A0A087WQ11	#9ebeff	W10
UNIPROT:Q569Z9	#9ebeff	W10
UNIPROT:Q9D0R2	#cad8ef	W10
UNIPROT:Q9CPQ1	#f5a081	W10
UNIPROT:Q6PEE3	#eed0c0	W10
UNIPROT:Q9Z1G3	#ec7f63	W10
UNIPROT:P21761	#bd1f2d	W10
UNIPROT:Q32MS1	#bd1f2d	W10
UNIPROT:Q9CPU7	#7396f5	W10
UNIPROT:Q9CQJ8	#f7b99e	W10
UNIPROT:P0DP60	#b40426	W10
UNIPROT:Q8CC86	#e67259	W10
UNIPROT:Q9DCC4	#e3d9d3	W10
UNIPROT:Q8K010	#b40426	W10
UNIPROT:Q9D0M3	#f7ba9f	W10
UNIPROT:Q8QZR5	#f3c7b1	W10
UNIPROT:Q566C3	#f3c7b1	W10
UNIPROT:P52196	#b5cdfa	W10
UNIPROT:Q545S0	#b5cdfa	W10
UNIPROT:Q99J99	#d3dbe7	W10
UNIPROT:P30935	#485fd1	W10
UNIPROT:O88986	#ed8366	W10
UNIPROT:E9PWY6	#ed8366	W10
UNIPROT:Q9CZ08	#ed8366	W10
UNIPROT:P97819	#b5cdfa	W10
UNIPROT:Q3U613	#b5cdfa	W10
UNIPROT:Q3UN31	#b5cdfa	W10
UNIPROT:Q9JMK2	#d9dce1	W10
UNIPROT:Q3TYE1	#d9dce1	W10
UNIPROT:Q06507	#c1d4f4	W10
UNIPROT:Q8CF69	#c1d4f4	W10
UNIPROT:P54822	#f7ba9f	W10
UNIPROT:Q8JZL2	#b40426	W10
UNIPROT:B2RWS6	#4e68d8	W10
UNIPROT:Q8BJ14	#4e68d8	W10
UNIPROT:Q9CQZ5	#ee8468	W10
UNIPROT:P50637	#b1cbfc	W10
UNIPROT:O08911	#f08b6e	W10
UNIPROT:Q9WUI1	#abc8fd	W10
UNIPROT:O55229	#f7a889	W10
UNIPROT:Q54AG5	#f7a889	W10
UNIPROT:Q61285	#3b4cc0	W10
UNIPROT:P47857	#d75445	W10
UNIPROT:Q01341	#f6a283	W10
UNIPROT:A0A2I3BRC5	#f6a283	W10
UNIPROT:F8VQ52	#f6a283	W10
UNIPROT:O54950	#e9d5cb	W10
UNIPROT:Q3TWR3	#e9d5cb	W10
UNIPROT:P13707	#a9c6fd	W10
UNIPROT:Q9DBE0	#8caffe	W10
UNIPROT:A0A2R8VHX0	#8caffe	W10
UNIPROT:P56383	#c6d6f1	W10
UNIPROT:Q01065	#f6bfa6	W10
UNIPROT:A0A2I3BPC1	#f6bfa6	W10
UNIPROT:Q6PDS5	#f6bfa6	W10
UNIPROT:Q9DBS6	#f6bfa6	W10
UNIPROT:A0A0U1RQB6	#9dbdff	W10
UNIPROT:F8VPR5	#9dbdff	W10
UNIPROT:Q6GQV9	#9dbdff	W10
UNIPROT:P51830	#b40426	W10
UNIPROT:E9Q706	#b40426	W10
UNIPROT:O70252	#f6a385	W10
UNIPROT:Q544R7	#f6a385	W10
UNIPROT:P61922	#f6a283	W10
UNIPROT:Q6A4J8	#d4dbe6	W10
UNIPROT:E9PXY8	#d4dbe6	W10
UNIPROT:F8VPX1	#d4dbe6	W10
UNIPROT:P35436	#b40426	W10
UNIPROT:O35379	#8fb1fe	W10
UNIPROT:A5D6P3	#8fb1fe	W10
UNIPROT:Q8BYL4	#f5c2aa	W10
UNIPROT:Q8BJJ2	#f5c2aa	W10
UNIPROT:P63085	#edd1c2	W10
UNIPROT:E9Q3L2	#f59d7e	W10
UNIPROT:A0A140T8I9	#f59d7e	W10
UNIPROT:A0A1S6GWJ7	#f59d7e	W10
UNIPROT:Q9WU79	#b7cff9	W10
UNIPROT:O88587	#b40426	W10
UNIPROT:Q9R1X5	#f7b599	W10
UNIPROT:Q6P8Q2	#f7b599	W10
UNIPROT:P60041	#b40426	W10
UNIPROT:Q545V6	#b40426	W10
UNIPROT:P41183	#eb7d62	W10
UNIPROT:Q544F9	#eb7d62	W10
UNIPROT:Q80XN0	#f1cdba	W10
UNIPROT:P49586	#e2dad5	W10
UNIPROT:P13439	#f7b194	W10
UNIPROT:Q544K9	#f7b194	W10
UNIPROT:Q9D3B1	#f7b396	W10
UNIPROT:P84309	#b40426	W10
UNIPROT:Q9CQC7	#e9785d	W10
UNIPROT:Q6PCP7	#abc8fd	W10
UNIPROT:A0A0R4J0P3	#abc8fd	W10
UNIPROT:P56394	#b6cefa	W10
UNIPROT:Q54AC6	#b6cefa	W10
UNIPROT:Q8VI78	#9fbfff	W10
UNIPROT:P50516	#da5a49	W10
UNIPROT:Q9JHW2	#de614d	W10
UNIPROT:P36552	#f7b093	W10
UNIPROT:Q02284	#b40426	W10
UNIPROT:Q543V2	#b40426	W10
UNIPROT:P97450	#f7b79b	W10
UNIPROT:E9Q1R7	#e7745b	W10
UNIPROT:G3UWG2	#e7745b	W10
UNIPROT:Q3UHH6	#e7745b	W10
UNIPROT:Q3UVX2	#e7745b	W10
UNIPROT:Q6P1D6	#e7745b	W10
UNIPROT:D3Z656	#f39475	W10
UNIPROT:E9Q7S0	#f39475	W10
UNIPROT:Q64737	#adc9fd	W10
UNIPROT:Q9DB20	#f59f80	W10
UNIPROT:Q8CA95	#ead5c9	W10
UNIPROT:A0A384DV92	#ead5c9	W10
UNIPROT:Q7TPG2	#ead5c9	W10
UNIPROT:Q8K4X7	#f5c0a7	W10
UNIPROT:Q80X81	#3b4cc0	W10
UNIPROT:Q8CAY6	#f5a081	W10
UNIPROT:P09671	#f3c7b1	W10
UNIPROT:Q4FJX9	#f3c7b1	W10
UNIPROT:Q9Z2A0	#cedaeb	W10
UNIPROT:F2Z3X6	#cedaeb	W10
UNIPROT:Q3TRL2	#cedaeb	W10
UNIPROT:Q3UGN6	#cedaeb	W10
UNIPROT:Q3UHZ0	#cedaeb	W10
UNIPROT:P63082	#bcd2f7	W10
UNIPROT:A3KML5	#bcd2f7	W10
UNIPROT:Q8R420	#ba162b	W10
UNIPROT:Q3TN91	#ba162b	W10
UNIPROT:Q6AXE3	#ba162b	W10
UNIPROT:Q9DCS9	#f7a98b	W10
UNIPROT:Q8R0F8	#f7a889	W10
UNIPROT:Q9WV85	#e9d5cb	W10
UNIPROT:Q9WV84	#799cf8	W10
UNIPROT:Q9CQD8	#3b4cc0	W10
UNIPROT:P70227	#f7b79b	W10
UNIPROT:P47811	#f6bda2	W10
UNIPROT:Q5U421	#f6bda2	W10
UNIPROT:P39689	#b40426	W10
UNIPROT:Q564P6	#b40426	W10
UNIPROT:Q64343	#7b9ff9	W10
UNIPROT:Q0VDW9	#7b9ff9	W10
UNIPROT:O70628	#7396f5	W10
UNIPROT:D3Z408	#7396f5	W10
UNIPROT:Q8BSU4	#7396f5	W10
UNIPROT:Q8BK30	#e16751	W10
UNIPROT:Q3U422	#e16751	W10
UNIPROT:Q91WT9	#be242e	W10
UNIPROT:Q9Z1P6	#f7ad90	W10
UNIPROT:P21958	#81a4fb	W10
UNIPROT:Q3TBA3	#81a4fb	W10
UNIPROT:Q3U6V4	#81a4fb	W10
UNIPROT:P36371	#ead4c8	W10
UNIPROT:Q792S7	#ead4c8	W10
UNIPROT:O35083	#f5c4ac	W10
UNIPROT:A0A0R4J263	#f5c4ac	W10
UNIPROT:A0A0A0MQ69	#f7b79b	W10
UNIPROT:Q3UJ07	#f7b79b	W10
UNIPROT:Q9Z1Q9	#dcdddd	W10
UNIPROT:Q790I0	#dcdddd	W10
UNIPROT:Q9WTT4	#b40426	W10
UNIPROT:G5E923	#b40426	W10
UNIPROT:Q54A87	#b40426	W10
UNIPROT:Q3U2A8	#f0cdbb	W10
UNIPROT:Q9WV18	#de614d	W10
UNIPROT:Q8BTJ4	#e8d6cc	W10
UNIPROT:Q14CH7	#f59c7d	W10
UNIPROT:Q8R4P9	#f7b497	W10
UNIPROT:Q9JM73	#f3c8b2	W10
UNIPROT:Q9QXF8	#f2cab5	W10
UNIPROT:G5E814	#f59c7d	W10
UNIPROT:Q9D6J6	#f49a7b	W10
UNIPROT:Q99PI5	#f7b89c	W10
UNIPROT:E9PWN0	#f7b89c	W10
UNIPROT:Q3UN02	#b40426	W10
UNIPROT:B0V2Q7	#b40426	W10
UNIPROT:Q62245	#c0d4f5	W10
UNIPROT:Q3USK4	#c0d4f5	W10
UNIPROT:P70414	#e8765c	W10
UNIPROT:A0A3Q4EBU5	#e8765c	W10
UNIPROT:G3X9J1	#e8765c	W10
UNIPROT:Q27PY9	#e8765c	W10
UNIPROT:Q68FL0	#e8765c	W10
UNIPROT:Q61387	#efcebd	W10
UNIPROT:E9PZS8	#efcebd	W10
UNIPROT:Q3UDK5	#efcebd	W10
UNIPROT:P16054	#c43032	W10
UNIPROT:P0DP26	#df634e	W10
UNIPROT:P0DP27	#df634e	W10
UNIPROT:P0DP28	#df634e	W10
UNIPROT:O70176	#b40426	W10
UNIPROT:Q3UYH8	#b40426	W10
UNIPROT:Q8BJT8	#b40426	W10
UNIPROT:P70335	#3b4cc0	W10
UNIPROT:Q3UE22	#3b4cc0	W10
UNIPROT:Q6PF93	#f2c9b4	W10
UNIPROT:Q8BGR3	#b40426	W10
UNIPROT:Q9CQ75	#e9d5cb	W10
UNIPROT:Q61035	#f59d7e	W10
UNIPROT:Q99KK9	#d6dce4	W10
UNIPROT:G5E823	#d6dce4	W10
UNIPROT:P06537	#b40426	W10
UNIPROT:Q8BMJ2	#d1dae9	W10
UNIPROT:Q7TSZ3	#d1dae9	W10
UNIPROT:P60334	#b40426	W10
UNIPROT:Q9CQY1	#d1dae9	W10
UNIPROT:P51660	#b6cefa	W10
UNIPROT:Q9DBF1	#d7dce3	W10
UNIPROT:P11798	#b40426	W10
UNIPROT:F8WHB5	#b40426	W10
UNIPROT:F8WIS9	#b40426	W10
UNIPROT:Q8K0A8	#cd423b	W10
UNIPROT:Q4QRK2	#b8122a	W10
UNIPROT:Q544X6	#b8122a	W10
UNIPROT:Q8BP47	#f6a586	W10
UNIPROT:A0A498WGK2	#f6a586	W10
UNIPROT:Q8R1I2	#b40426	W10
UNIPROT:P56450	#b40426	W10
UNIPROT:Q91UZ5	#b50927	W10
UNIPROT:Q3U3B7	#b50927	W10
UNIPROT:P97471	#5875e1	W10
UNIPROT:Q03265	#edd2c3	W10
UNIPROT:Q9D1A2	#f7ad90	W10
UNIPROT:P47212	#b40426	W10
UNIPROT:A0A498WGR4	#b40426	W10
UNIPROT:Q3V002	#b40426	W10
UNIPROT:O54804	#f29072	W10
UNIPROT:Q9JHF5	#d24b40	W10
UNIPROT:Q8K3J1	#ee8669	W10
UNIPROT:Q3UY05	#ee8669	W10
UNIPROT:Q5M9P5	#ee8669	W10
UNIPROT:Q91YT0	#f7ac8e	W10
UNIPROT:P19157	#f6a283	W10
UNIPROT:P46425	#aec9fc	W10
UNIPROT:E9PX09	#e3d9d3	W10
UNIPROT:P62137	#f08a6c	W10
UNIPROT:Q04207	#d2dbe8	W10
UNIPROT:Q548Y4	#d2dbe8	W10
UNIPROT:Q61337	#e36b54	W10
UNIPROT:Q3U9H3	#e36b54	W10
UNIPROT:P51432	#b3cdfb	W10
UNIPROT:Q8CI86	#b3cdfb	W10
UNIPROT:Q64445	#f39475	W10
UNIPROT:P12657	#b40426	W10
UNIPROT:Q8C0M9	#e8765c	W10
UNIPROT:Q9Z0R9	#ec8165	W10
UNIPROT:Q920L1	#cdd9ec	W10
UNIPROT:Q99K85	#efcfbf	W10
UNIPROT:Q3U6K9	#efcfbf	W10
UNIPROT:Q543K5	#efcfbf	W10
UNIPROT:P21279	#f6bea4	W10
UNIPROT:Q3UHH5	#f6bea4	W10
UNIPROT:Q8CFV9	#d3dbe7	W10
UNIPROT:Q91W63	#e1dad6	W10
UNIPROT:Q80UY1	#81a4fb	W10
UNIPROT:O35943	#f6bfa6	W10
UNIPROT:Q3TV21	#f6bfa6	W10
UNIPROT:P70181	#688aef	W10
UNIPROT:Q9WTP7	#e67259	W10
UNIPROT:A2RTV8	#b40426	W10
UNIPROT:Q91W43	#3b4cc0	W10
UNIPROT:P0C605	#b40426	W10
UNIPROT:Q8BND1	#b40426	W10
UNIPROT:Q9Z2L6	#f49a7b	W10
UNIPROT:O08586	#c9d7f0	W10
UNIPROT:A0A6G7SF19	#c9d7f0	W10
UNIPROT:Q3UUT8	#c9d7f0	W10
UNIPROT:Q8K4K6	#ead5c9	W10
UNIPROT:Q543J7	#ead5c9	W10
UNIPROT:Q8K4S1	#3b4cc0	W10
UNIPROT:Q9Z110	#6282ea	W10
UNIPROT:Q9DBJ1	#ed8366	W10
UNIPROT:Q3U7Z6	#ed8366	W10
UNIPROT:Q9DCU9	#b40426	W10
UNIPROT:Q2TBE6	#8badfd	W10
UNIPROT:P05201	#f6a283	W10
UNIPROT:Q8BJ03	#b40426	W10
UNIPROT:E9Q605	#afcafc	W10
UNIPROT:E9QNL4	#afcafc	W10
UNIPROT:Q3TPN9	#afcafc	W10
UNIPROT:Q3UDK0	#afcafc	W10
UNIPROT:Q8CBT3	#afcafc	W10
UNIPROT:P13011	#f6bfa6	W10
UNIPROT:Q6T707	#e4d9d2	W10
UNIPROT:P13516	#b40426	W10
UNIPROT:Q547C4	#b40426	W10
UNIPROT:Q9D6J5	#dc5d4a	W10
UNIPROT:Q3V406	#dc5d4a	W10
UNIPROT:Q3V1L4	#f7b093	W10
UNIPROT:A0A494B9X3	#f7b093	W10
UNIPROT:E9Q9M1	#f7b093	W10
UNIPROT:O09131	#c0282f	W10
UNIPROT:Q8K2Q2	#d3dbe7	W10
UNIPROT:Q8BW12	#d3dbe7	W10
UNIPROT:Q9D2S1	#d3dbe7	W10
UNIPROT:Q61586	#f7b194	W10
UNIPROT:P34971	#b40426	W10
C00022	#c7d7f0	W15
C00041	#b2ccfb	W15
C00213	#d7dce3	W15
C00186	#b9d0f9	W15
C00116	#d9dce1	W15
C01026	#ead5c9	W15
C00334	#ef886b	W15
C01089	#bfd3f6	W15
C00065	#bed2f6	W15
C00519	#4f69d9	W15
C00106	#e2dad5	W15
C00791	#b6cefa	W15
C00148	#adc9fd	W15
C00581	#b40426	W15
C00719	#6485ec	W15
C00188	#3b4cc0	W15
C00263	#ead4c8	W15
C00153	#f6a586	W15
C00245	#dcdddd	W15
C01879	#dbdcde	W15
C02714	#a7c5fe	W15
C01157	#b3cdfb	W15
C00123	#aec9fc	W15
C00407	#a5c3fe	W15
C00152	#84a7fc	W15
C00077	#ef886b	W15
C00049	#eed0c0	W15
C00262	#f7a98b	W15
C00064	#ccd9ed	W15
C00047	#b2ccfb	W15
C00025	#b3cdfb	W15
C00979	#a5c3fe	W15
C00073	#aac7fd	W15
C00242	#3b4cc0	W15
C00385	#ee8468	W15
C00295	#7597f6	W15
C02989	#5470de	W15
C00079	#98b9ff	W15
C00366	#3b4cc0	W15
C01152	#6384eb	W15
C00111	#b40426	W15
C00093	#b6cefa	W15
C03771	#f4987a	W15
C00062	#c5d6f2	W15
C00327	#dddcdc	W15
C00072	#f5c0a7	W15
C00082	#f18d6f	W15
C03964	#f7b194	W15
C00158	#e8d6cc	W15
C00257	#82a6fb	W15
C00078	#90b2fe	W15
C02305	#3b4cc0	W15
C02291	#b40426	W15
C00386	#b40426	W15
C00881	#b40426	W15
C00199	#b40426	W15
C00214	#b70d28	W15
C00475	#f7b093	W15
C00299	#cb3e38	W15
C00670	#3b4cc0	W15
C00103	#e36b54	W15
C00092	#c83836	W15
C00378	#f7af91	W15
C00212	#b40426	W15
C00294	#b40426	W15
C00345	#b40426	W15
C00387	#b40426	W15
C05382	#f08a6c	W15
C03406	#5e7de7	W15
C00051	#8badfd	W15
C00364	#799cf8	W15
C00055	#df634e	W15
C00105	#d95847	W15
C00020	#f6a586	W15
C00130	#b40426	W15
C00144	#b40426	W15
C00255	#aac7fd	W15
C00021	#e1dad6	W15
C00019	#ccd9ed	W15
C00363	#3b4cc0	W15
C00112	#455cce	W15
C02477	#6b8df0	W15
C00035	#d5dbe5	W15
C00570	#b7cff9	W15
C00063	#3b4cc0	W15
C00307	#7ea1fa	W15
C00002	#3b4cc0	W15
C05122	#b40426	W15
C00044	#93b5fe	W15
C00029	#a7c5fe	W15
C00043	#a1c0ff	W15
C00127	#d9dce1	W15
C00005	#3b4cc0	W15
C00010	#e5d8d1	W15
C00016	#d5dbe5	W15
C00114	#b3cdfb	W15
C02835	#b40426	W15
C00300	#cad8ef	W15
C05828	#d1493f	W15
C00346	#edd1c2	W15
C00532	#c6d6f1	W15
C00606	#8db0fe	W15
C01042	#f7ac8e	W15
C00620	#b40426	W15
C02067	#f5c4ac	W15
C01595	#e7745b	W15
C01530	#a9c6fd	W15
C00170	#a9c6fd	W15
C12270	#f18f71	W15
C00219	#b40426	W15
C03242	#d1493f	W15
C16525	#f39475	W15
C06429	#ea7b60	W15
C16513	#f7b396	W15
C16527	#ea7b60	W15
C01083	#3b4cc0	W15
C00015	#3b4cc0	W15
C00008	#4f69d9	W15
C00167	#b5cdfa	W15
