UNIPROT:P97823	#f2c9b4	W10
UNIPROT:Q8BVE3	#c9d7f0	W10
UNIPROT:A0A0A6YX18	#c9d7f0	W10
UNIPROT:Q9D881	#f39577	W10
UNIPROT:Q9EPW0	#ee8468	W10
UNIPROT:A0A0R4J0Q2	#ee8468	W10
UNIPROT:D3YUD3	#ee8468	W10
UNIPROT:D3YUL8	#ee8468	W10
UNIPROT:D3Z230	#ee8468	W10
UNIPROT:E9Q9A0	#ee8468	W10
UNIPROT:E9QAD0	#ee8468	W10
UNIPROT:F6V2U0	#ee8468	W10
UNIPROT:Q3UEQ1	#ee8468	W10
UNIPROT:D3Z7P3	#f1cdba	W10
UNIPROT:P49442	#b1cbfc	W10
UNIPROT:Q8QZS1	#d9dce1	W10
UNIPROT:Q499X9	#8badfd	W10
UNIPROT:A2RT28	#8badfd	W10
UNIPROT:Q9CQZ6	#efcebd	W10
UNIPROT:Q91VD9	#c4d5f3	W10
UNIPROT:Q01147	#cfdaea	W10
UNIPROT:Q543W0	#cfdaea	W10
UNIPROT:Q547S9	#cfdaea	W10
UNIPROT:Q62347	#cfdaea	W10
UNIPROT:O88844	#c6d6f1	W10
UNIPROT:Q9Z1T6	#bfd3f6	W10
UNIPROT:D3Z5N5	#bfd3f6	W10
UNIPROT:Q8VEE0	#e9d5cb	W10
UNIPROT:B2KGF0	#e9d5cb	W10
UNIPROT:O89112	#f7ac8e	W10
UNIPROT:Q8C196	#f39577	W10
UNIPROT:Q9CWJ9	#e0dbd8	W10
UNIPROT:Q9DC29	#f6a385	W10
UNIPROT:Q9WUA2	#dddcdc	W10
UNIPROT:Q9CZU5	#dddcdc	W10
UNIPROT:P35569	#f29072	W10
UNIPROT:Q543V3	#f29072	W10
UNIPROT:O55057	#f4987a	W10
UNIPROT:Q3TDQ8	#f4987a	W10
UNIPROT:Q61839	#f7b093	W10
UNIPROT:Q544K5	#f7b093	W10
UNIPROT:E9PUQ8	#f18f71	W10
UNIPROT:Q99LC3	#f5c2aa	W10
UNIPROT:P97930	#f6a586	W10
UNIPROT:Q6GRA7	#f6a586	W10
UNIPROT:Q922B2	#f7af91	W10
UNIPROT:Q8BJY7	#f7af91	W10
UNIPROT:E9QAN8	#c3d5f4	W10
UNIPROT:Q6Q477	#f1ccb8	W10
UNIPROT:D1FNM8	#f1ccb8	W10
UNIPROT:D1FNM9	#f1ccb8	W10
UNIPROT:E9Q828	#f1ccb8	W10
UNIPROT:F7AAP4	#f1ccb8	W10
UNIPROT:Q3UPA8	#f1ccb8	W10
UNIPROT:O08849	#e3d9d3	W10
UNIPROT:Q8BNJ3	#cfdaea	W10
UNIPROT:Q5HZI3	#cfdaea	W10
UNIPROT:P15105	#abc8fd	W10
UNIPROT:Q8BIP0	#b1cbfc	W10
UNIPROT:O08709	#dbdcde	W10
UNIPROT:D3Z0Y2	#dbdcde	W10
UNIPROT:Q6GT24	#dbdcde	W10
UNIPROT:Q3UMG6	#8fb1fe	W10
UNIPROT:Q8BUH2	#8fb1fe	W10
UNIPROT:P14094	#b40426	W10
UNIPROT:Q3TV47	#b40426	W10
UNIPROT:Q545P0	#b40426	W10
UNIPROT:Q8C0T9	#e5d8d1	W10
UNIPROT:E9Q9T4	#e5d8d1	W10
UNIPROT:Q99PM9	#f18f71	W10
UNIPROT:Q543C2	#f18f71	W10
UNIPROT:Q9JLJ2	#f39577	W10
UNIPROT:Q3TMT4	#f39577	W10
UNIPROT:Q3U367	#f39577	W10
UNIPROT:Q3V1N7	#f39577	W10
UNIPROT:Q9CPU4	#f39577	W10
UNIPROT:Q9CZB0	#ecd3c5	W10
UNIPROT:Q91WD5	#e2dad5	W10
UNIPROT:P51175	#516ddb	W10
UNIPROT:Q3UQA3	#516ddb	W10
UNIPROT:Q9WUA6	#abc8fd	W10
UNIPROT:Q8C6X4	#abc8fd	W10
UNIPROT:P46664	#f7b599	W10
UNIPROT:B9EIE9	#f7b599	W10
UNIPROT:Q922Q4	#f1ccb8	W10
UNIPROT:Q3TMZ1	#f1ccb8	W10
UNIPROT:Q8BIJ6	#97b8ff	W10
UNIPROT:E9PWN3	#97b8ff	W10
UNIPROT:Q8CGC7	#dddcdc	W10
UNIPROT:Q91YX5	#aac7fd	W10
UNIPROT:E9QL80	#aac7fd	W10
UNIPROT:Q3UZK0	#aac7fd	W10
UNIPROT:Q6A0A4	#aac7fd	W10
UNIPROT:Q9JKX6	#b2ccfb	W10
UNIPROT:Q91VR2	#f7b396	W10
UNIPROT:A2AKU9	#f7b396	W10
UNIPROT:Q3UD06	#f7b396	W10
UNIPROT:Q8C2Q8	#f7b396	W10
UNIPROT:Q9QY80	#f7a688	W10
UNIPROT:A2AQ81	#f7a688	W10
UNIPROT:B9EHK9	#f7a688	W10
UNIPROT:Q3V4A5	#f7a688	W10
UNIPROT:O70172	#ccd9ed	W10
UNIPROT:Q544E3	#ccd9ed	W10
UNIPROT:P48320	#7396f5	W10
UNIPROT:Q548L4	#7396f5	W10
UNIPROT:Q91VF2	#d55042	W10
UNIPROT:A2AQK4	#d55042	W10
UNIPROT:A2AJ88	#6180e9	W10
UNIPROT:P35438	#b40426	W10
UNIPROT:A2AI14	#b40426	W10
UNIPROT:A2AI16	#b40426	W10
UNIPROT:A2AI17	#b40426	W10
UNIPROT:A2AI19	#b40426	W10
UNIPROT:A2AI20	#b40426	W10
UNIPROT:A2AI21	#b40426	W10
UNIPROT:A2AJ26	#e67259	W10
UNIPROT:Q9JII1	#f7b89c	W10
UNIPROT:A2AIX0	#f7b89c	W10
UNIPROT:Q60992	#df634e	W10
UNIPROT:Q7TSI6	#df634e	W10
UNIPROT:P52623	#f3c8b2	W10
UNIPROT:A2AN37	#f3c8b2	W10
UNIPROT:Q3V218	#f3c8b2	W10
UNIPROT:Q6U7H8	#d2dbe8	W10
UNIPROT:Q9R0Y5	#f3c7b1	W10
UNIPROT:Q9DCJ5	#f6bea4	W10
UNIPROT:Q9D7F2	#b40426	W10
UNIPROT:Q64521	#b40426	W10
UNIPROT:Q8CGR7	#5d7ce6	W10
UNIPROT:A2APN2	#5d7ce6	W10
UNIPROT:Q3UEN1	#5d7ce6	W10
UNIPROT:Q8BLN7	#5d7ce6	W10
UNIPROT:Q8R093	#5d7ce6	W10
UNIPROT:P48318	#e2dad5	W10
UNIPROT:D3Z1L8	#e2dad5	W10
UNIPROT:Q548L6	#e2dad5	W10
UNIPROT:Q9EQZ6	#efcebd	W10
UNIPROT:A2ASW4	#efcebd	W10
UNIPROT:A2ASW8	#efcebd	W10
UNIPROT:Q571A8	#efcebd	W10
UNIPROT:Q9CS95	#efcebd	W10
UNIPROT:P16951	#f6bda2	W10
UNIPROT:Q543G2	#f6bda2	W10
UNIPROT:Q640L6	#f6bda2	W10
UNIPROT:Q68FE3	#f6bda2	W10
UNIPROT:Q8CBR9	#f6bda2	W10
UNIPROT:P56384	#f3c8b2	W10
UNIPROT:Q14BC2	#f3c8b2	W10
UNIPROT:Q3UR32	#3b4cc0	W10
UNIPROT:Q9DCT2	#f7b99e	W10
UNIPROT:P24638	#bad0f8	W10
UNIPROT:Q3UZN1	#bad0f8	W10
UNIPROT:Q80UP3	#90b2fe	W10
UNIPROT:A0A668KL90	#90b2fe	W10
UNIPROT:A2AHJ7	#90b2fe	W10
UNIPROT:A2AHK0	#90b2fe	W10
UNIPROT:O70503	#d7dce3	W10
UNIPROT:Q0VGQ1	#d7dce3	W10
UNIPROT:Q9WVQ5	#bcd2f7	W10
UNIPROT:P24270	#cdd9ec	W10
UNIPROT:Q8R3J5	#3e51c5	W10
UNIPROT:Q64442	#f08a6c	W10
UNIPROT:Q9D964	#b40426	W10
UNIPROT:Q8VCG1	#d95847	W10
UNIPROT:Q9CQ43	#d95847	W10
UNIPROT:Q9CY64	#e26952	W10
UNIPROT:O54918	#4257c9	W10
UNIPROT:Q3TR86	#4257c9	W10
UNIPROT:Q3U7X3	#4257c9	W10
UNIPROT:Q542N5	#4257c9	W10
UNIPROT:Q6PEB3	#4257c9	W10
UNIPROT:Q9D892	#dcdddd	W10
UNIPROT:Q60I30	#dcdddd	W10
UNIPROT:Q7M753	#dbdcde	W10
UNIPROT:Q99K82	#d5dbe5	W10
UNIPROT:A2ANQ4	#d5dbe5	W10
UNIPROT:Q3TLR8	#d5dbe5	W10
UNIPROT:Q3UPW5	#d5dbe5	W10
UNIPROT:Q99L43	#f6a385	W10
UNIPROT:A2AMQ5	#f6a385	W10
UNIPROT:Q6PBC0	#f6a385	W10
UNIPROT:Q8BX08	#f6a385	W10
UNIPROT:Q8C0L9	#b9d0f9	W10
UNIPROT:Q80ZM8	#3b4cc0	W10
UNIPROT:A0A0C3SFZ5	#3b4cc0	W10
UNIPROT:Q9Z1B3	#b40426	W10
UNIPROT:Q3UPW0	#b40426	W10
UNIPROT:Q91UZ1	#ec8165	W10
UNIPROT:Q3U0P5	#cdd9ec	W10
UNIPROT:Q91W29	#3b4cc0	W10
UNIPROT:P50247	#f39577	W10
UNIPROT:Q3TF14	#f39577	W10
UNIPROT:Q5M9P0	#f39577	W10
UNIPROT:Q99JP7	#f4c5ad	W10
UNIPROT:P51855	#b40426	W10
UNIPROT:Q3UEE2	#b40426	W10
UNIPROT:Q541E2	#b40426	W10
UNIPROT:Q9Z1J3	#edd2c3	W10
UNIPROT:Q9CTB2	#edd2c3	W10
UNIPROT:Q62077	#efcebd	W10
UNIPROT:P03958	#f3c7b1	W10
UNIPROT:Q4FK28	#f3c7b1	W10
UNIPROT:Q9JI11	#7699f6	W10
UNIPROT:Q60591	#b40426	W10
UNIPROT:A2AQC8	#b40426	W10
UNIPROT:B5B2P6	#b40426	W10
UNIPROT:B5B2P7	#b40426	W10
UNIPROT:B5B2P8	#b40426	W10
UNIPROT:B5B2Q2	#b40426	W10
UNIPROT:B5B2Q4	#b40426	W10
UNIPROT:B5B2Q6	#b40426	W10
UNIPROT:B5B2R5	#b40426	W10
UNIPROT:Q3TTU8	#b40426	W10
UNIPROT:Q8C443	#b40426	W10
UNIPROT:P63094	#bad0f8	W10
UNIPROT:Q6R0H6	#bad0f8	W10
UNIPROT:Q6R0H7	#bad0f8	W10
UNIPROT:Q9Z0F1	#bad0f8	W10
UNIPROT:A0A571BEI3	#bad0f8	W10
UNIPROT:P56382	#edd2c3	W10
UNIPROT:Q545F5	#edd2c3	W10
UNIPROT:P58406	#4055c8	W10
UNIPROT:Q3USH0	#4055c8	W10
UNIPROT:Q540P3	#4055c8	W10
UNIPROT:O88319	#f3c8b2	W10
UNIPROT:A2ACT4	#f3c8b2	W10
UNIPROT:Q91YL3	#adc9fd	W10
UNIPROT:P35377	#dedcdb	W10
UNIPROT:A0A5F8MPZ9	#dedcdb	W10
UNIPROT:B0R0C0	#dedcdb	W10
UNIPROT:Q542U1	#dedcdb	W10
UNIPROT:Q64133	#f3c7b1	W10
UNIPROT:Q3TPD9	#f3c7b1	W10
UNIPROT:Q3UJ53	#f3c7b1	W10
UNIPROT:O09111	#f5a081	W10
UNIPROT:P04627	#f7b99e	W10
UNIPROT:Q8CAD1	#f7b99e	W10
UNIPROT:P51881	#e9785d	W10
UNIPROT:Q545A2	#e9785d	W10
UNIPROT:O35683	#f59d7e	W10
UNIPROT:Q545K0	#f59d7e	W10
UNIPROT:Q9Z2W9	#b40426	W10
UNIPROT:B0QZW1	#b40426	W10
UNIPROT:Q0VGS8	#b40426	W10
UNIPROT:Q3UY17	#b40426	W10
UNIPROT:Q6NVF0	#f4c6af	W10
UNIPROT:P00493	#b40426	W10
UNIPROT:Q9Z2C5	#ca3b37	W10
UNIPROT:B1AW21	#ca3b37	W10
UNIPROT:Q3UDN6	#ca3b37	W10
UNIPROT:Q9D4L1	#ca3b37	W10
UNIPROT:Q9Z2C4	#edd1c2	W10
UNIPROT:P26049	#b40426	W10
UNIPROT:Q8CAB3	#b40426	W10
UNIPROT:A2ALL9	#7295f4	W10
UNIPROT:Q0VF55	#7295f4	W10
UNIPROT:Q8C048	#7295f4	W10
UNIPROT:P48410	#f6a385	W10
UNIPROT:Q9R1Q9	#f7ba9f	W10
UNIPROT:Q3TWN7	#f7ba9f	W10
UNIPROT:Q3UWN7	#f7ba9f	W10
UNIPROT:Q00612	#d8dce2	W10
UNIPROT:Q790Y8	#d8dce2	W10
UNIPROT:Q811Q9	#dbdcde	W10
UNIPROT:Q9WVH3	#98b9ff	W10
UNIPROT:B1AUT3	#98b9ff	W10
UNIPROT:Q4KL34	#98b9ff	W10
UNIPROT:Q61102	#e4d9d2	W10
UNIPROT:P56393	#f39778	W10
UNIPROT:Q5FW98	#f39778	W10
UNIPROT:Q8BLG2	#b6cefa	W10
UNIPROT:Q9D7G0	#e7745b	W10
UNIPROT:P08680	#3b4cc0	W10
UNIPROT:A2AFM0	#3b4cc0	W10
UNIPROT:A2AFM1	#3b4cc0	W10
UNIPROT:P48026	#f4987a	W10
UNIPROT:Q3V2Q2	#f4987a	W10
UNIPROT:P97355	#cedaeb	W10
UNIPROT:P70303	#cbd8ee	W10
UNIPROT:Q7TNC8	#c7d7f0	W10
UNIPROT:Q3UTL8	#c7d7f0	W10
UNIPROT:Q9CS42	#f7a98b	W10
UNIPROT:P53702	#e7745b	W10
UNIPROT:Q8BP79	#e7745b	W10
UNIPROT:A0A0A6YW07	#d9dce1	W10
UNIPROT:Q924B0	#d9dce1	W10
UNIPROT:P16015	#82a6fb	W10
UNIPROT:P00920	#4b64d5	W10
UNIPROT:P70453	#6282ea	W10
UNIPROT:Q3U3Y7	#6282ea	W10
UNIPROT:Q6P5G2	#6282ea	W10
UNIPROT:Q9CZM9	#dbdcde	W10
UNIPROT:P42337	#6180e9	W10
UNIPROT:Q9CQH3	#f6bfa6	W10
UNIPROT:D3Z568	#f6bfa6	W10
UNIPROT:Q64702	#bed2f6	W10
UNIPROT:Q9CQY9	#f6bea4	W10
UNIPROT:Q8VHL1	#e2dad5	W10
UNIPROT:Q9R1E0	#f5a081	W10
UNIPROT:Q4KWH5	#a7c5fe	W10
UNIPROT:H3BKK4	#a7c5fe	W10
UNIPROT:Q3THK7	#a1c0ff	W10
UNIPROT:B2RRH9	#a1c0ff	W10
UNIPROT:Q4LG64	#f1cdba	W10
UNIPROT:P48168	#b40426	W10
UNIPROT:A1KR23	#b40426	W10
UNIPROT:P97295	#c5d6f2	W10
UNIPROT:Q3SWR9	#c5d6f2	W10
UNIPROT:Q99JT1	#bb1b2c	W10
UNIPROT:Q63943	#d65244	W10
UNIPROT:E9QKT0	#d65244	W10
UNIPROT:Q921S6	#d65244	W10
UNIPROT:Q8R123	#d6dce4	W10
UNIPROT:Q9ERK7	#f6bda2	W10
UNIPROT:Q8BKC8	#5a78e4	W10
UNIPROT:P70182	#6788ee	W10
UNIPROT:Q3UQ84	#ecd3c5	W10
UNIPROT:E9Q7H6	#ecd3c5	W10
UNIPROT:Q3TP97	#ecd3c5	W10
UNIPROT:Q922A3	#ecd3c5	W10
UNIPROT:Q6PAM0	#f5a081	W10
UNIPROT:Q61753	#f7b194	W10
UNIPROT:Q9CYK1	#4961d2	W10
UNIPROT:Q8VDN2	#be242e	W10
UNIPROT:Q3TMF4	#afcafc	W10
UNIPROT:Q4FJP3	#afcafc	W10
UNIPROT:Q9D091	#afcafc	W10
UNIPROT:P62835	#dddcdc	W10
UNIPROT:Q3U7U8	#dddcdc	W10
UNIPROT:Q3V3W9	#dddcdc	W10
UNIPROT:Q8BGS7	#c4d5f3	W10
UNIPROT:Q80SW1	#f6bda2	W10
UNIPROT:P48774	#f7b79b	W10
UNIPROT:Q80W21	#3b4cc0	W10
UNIPROT:O35660	#6282ea	W10
UNIPROT:P10649	#f7ba9f	W10
UNIPROT:A2AE89	#f7ba9f	W10
UNIPROT:Q8R5I6	#d65244	W10
UNIPROT:A2AE91	#d65244	W10
UNIPROT:Q9DBT5	#f4c5ad	W10
UNIPROT:A2AE27	#f4c5ad	W10
UNIPROT:Q9DC51	#d8dce2	W10
UNIPROT:P26638	#c4d5f3	W10
UNIPROT:Q8C483	#c4d5f3	W10
UNIPROT:P55096	#dfdbd9	W10
UNIPROT:O09172	#cfdaea	W10
UNIPROT:Q4FJZ6	#cfdaea	W10
UNIPROT:Q8CG03	#f39475	W10
UNIPROT:A0A0G2JF67	#f39475	W10
UNIPROT:Q6PHZ2	#b40426	W10
UNIPROT:A0A0G2JGS4	#b40426	W10
UNIPROT:E9Q1T1	#b40426	W10
UNIPROT:E9Q1W0	#b40426	W10
UNIPROT:Q8CCM0	#b40426	W10
UNIPROT:Q920L5	#afcafc	W10
UNIPROT:P01132	#3b4cc0	W10
UNIPROT:A0A0G2JDT8	#3b4cc0	W10
UNIPROT:A0A0G2JF92	#3b4cc0	W10
UNIPROT:Q3UWD7	#3b4cc0	W10
UNIPROT:Q9EPR2	#dc5d4a	W10
UNIPROT:Q61425	#cfdaea	W10
UNIPROT:Q60967	#aac7fd	W10
UNIPROT:Q3TUA8	#aac7fd	W10
UNIPROT:Q6NZM8	#aac7fd	W10
UNIPROT:Q91VM9	#edd2c3	W10
UNIPROT:D3Z636	#edd2c3	W10
UNIPROT:P25799	#6f92f3	W10
UNIPROT:P63328	#f4c5ad	W10
UNIPROT:B2RRX2	#f4c5ad	W10
UNIPROT:P28474	#cfdaea	W10
UNIPROT:Q6P5I3	#cfdaea	W10
UNIPROT:P68181	#f29274	W10
UNIPROT:Q920P5	#b40426	W10
UNIPROT:Q8BMS4	#f5a081	W10
UNIPROT:P47746	#b40426	W10
UNIPROT:A0A385KNU8	#b40426	W10
UNIPROT:Q3U186	#a2c1ff	W10
UNIPROT:Q3UIU2	#f39475	W10
UNIPROT:A2AP31	#f39475	W10
UNIPROT:P56380	#f6a283	W10
UNIPROT:Q3V1C8	#f6a283	W10
UNIPROT:Q3UNH6	#cbd8ee	W10
UNIPROT:Q6VVW5	#90b2fe	W10
UNIPROT:Q91Z53	#e5d8d1	W10
UNIPROT:Q3T9Z2	#e5d8d1	W10
UNIPROT:Q9CZS1	#f2cbb7	W10
UNIPROT:Q80T41	#b40426	W10
UNIPROT:Q64729	#e26952	W10
UNIPROT:Q4FJL1	#e26952	W10
UNIPROT:Q9D5H8	#e26952	W10
UNIPROT:A2AIR5	#b40426	W10
UNIPROT:P41233	#94b6ff	W10
UNIPROT:Q8BPY1	#94b6ff	W10
UNIPROT:P10518	#f7ad90	W10
UNIPROT:Q9DD05	#f7ad90	W10
UNIPROT:Q9CR51	#e4d9d2	W10
UNIPROT:Q5HZY7	#e4d9d2	W10
UNIPROT:Q9CQ65	#e1dad6	W10
UNIPROT:P05627	#b40426	W10
UNIPROT:Q52L79	#b40426	W10
UNIPROT:O54750	#f39475	W10
UNIPROT:Q8CC91	#f39475	W10
UNIPROT:Q7TSV4	#e57058	W10
UNIPROT:Q9WUR9	#b40426	W10
UNIPROT:Q3U489	#b40426	W10
UNIPROT:B1AWC8	#f7a688	W10
UNIPROT:B1AWC9	#f7a688	W10
UNIPROT:B1AWD0	#f7a688	W10
UNIPROT:Q3TTI9	#f7a688	W10
UNIPROT:Q6IQY6	#f7a688	W10
UNIPROT:Q80VK8	#f7a688	W10
UNIPROT:Q8VBU5	#f7a688	W10
UNIPROT:Q8BRK8	#ee8468	W10
UNIPROT:Q99JY8	#edd2c3	W10
UNIPROT:Q8CFI5	#86a9fc	W10
UNIPROT:A8Y5T6	#86a9fc	W10
UNIPROT:P32020	#c5d6f2	W10
UNIPROT:Q99LJ6	#f08b6e	W10
UNIPROT:Q3TNK3	#f08b6e	W10
UNIPROT:Q9CQU0	#dedcdb	W10
UNIPROT:Q9DBP5	#d7dce3	W10
UNIPROT:A0A0R4J093	#d7dce3	W10
UNIPROT:P99028	#edd1c2	W10
UNIPROT:Q64143	#5572df	W10
UNIPROT:Q3UXE9	#5572df	W10
UNIPROT:Q9JII6	#e7d7ce	W10
UNIPROT:Q540D7	#e7d7ce	W10
UNIPROT:Q80XJ7	#e7d7ce	W10
UNIPROT:P70697	#d3dbe7	W10
UNIPROT:Q6P571	#b40426	W10
UNIPROT:Q91V37	#f7b093	W10
UNIPROT:Q3U889	#f7b093	W10
UNIPROT:Q9JLJ5	#f7aa8c	W10
UNIPROT:Q4V9V3	#f7aa8c	W10
UNIPROT:Q548M4	#f7aa8c	W10
UNIPROT:Q8VDG5	#a3c2fe	W10
UNIPROT:Q6PFX8	#8fb1fe	W10
UNIPROT:Q70KY4	#3b4cc0	W10
UNIPROT:P70698	#efcfbf	W10
UNIPROT:Q99LY9	#f7b79b	W10
UNIPROT:Q8K337	#f6a283	W10
UNIPROT:B1AS29	#c1d4f4	W10
UNIPROT:Q8BVM4	#cc403a	W10
UNIPROT:A8Y5E7	#cc403a	W10
UNIPROT:B2RSR5	#cc403a	W10
UNIPROT:Q6P078	#cc403a	W10
UNIPROT:Q9WTP6	#f7b99e	W10
UNIPROT:Q91WQ3	#e9d5cb	W10
UNIPROT:A2A7S7	#e9d5cb	W10
UNIPROT:Q61165	#d7dce3	W10
UNIPROT:Q3UDC9	#d7dce3	W10
UNIPROT:P38060	#cad8ef	W10
UNIPROT:Q9WTL7	#bcd2f7	W10
UNIPROT:Q8CHT0	#edd1c2	W10
UNIPROT:Q9CQA3	#ea7b60	W10
UNIPROT:Q64674	#cf453c	W10
UNIPROT:Q543H0	#cf453c	W10
UNIPROT:P56469	#d95847	W10
UNIPROT:Q9DCD0	#ead4c8	W10
UNIPROT:Q9EPA7	#5875e1	W10
UNIPROT:Q3V449	#5875e1	W10
UNIPROT:O35904	#abc8fd	W10
UNIPROT:Q3T9Y0	#abc8fd	W10
UNIPROT:Q3TBW3	#abc8fd	W10
UNIPROT:Q3UDT3	#abc8fd	W10
UNIPROT:Q8BS14	#abc8fd	W10
UNIPROT:Q8CI98	#abc8fd	W10
UNIPROT:Q91V12	#b40426	W10
UNIPROT:E9PYH2	#b40426	W10
UNIPROT:P58058	#e9d5cb	W10
UNIPROT:Q3UGI1	#e9d5cb	W10
UNIPROT:Q9QYS2	#b40426	W10
UNIPROT:B2RSH2	#eb7d62	W10
UNIPROT:Q9CXJ4	#f6bda2	W10
UNIPROT:Q91WG5	#e9d5cb	W10
UNIPROT:Q3TMN8	#e9d5cb	W10
UNIPROT:Q8BIQ9	#e9d5cb	W10
UNIPROT:P07607	#82a6fb	W10
UNIPROT:Q544L2	#82a6fb	W10
UNIPROT:Q8BMS1	#9abbff	W10
UNIPROT:Q8R1Q9	#3b4cc0	W10
UNIPROT:P62141	#e2dad5	W10
UNIPROT:Q8BSF4	#b2ccfb	W10
UNIPROT:E9PX91	#b2ccfb	W10
UNIPROT:Q505E1	#b2ccfb	W10
UNIPROT:Q3UGX3	#edd1c2	W10
UNIPROT:A0A0R4J0R4	#edd1c2	W10
UNIPROT:Q9EPL9	#c4d5f3	W10
UNIPROT:Q3TAW3	#c4d5f3	W10
UNIPROT:Q9CPY7	#f39778	W10
UNIPROT:Q6P6M7	#dadce0	W10
UNIPROT:Q9D0F9	#b6cefa	W10
UNIPROT:Q3U6X6	#b6cefa	W10
UNIPROT:O70475	#7ea1fa	W10
UNIPROT:Q3TS38	#7ea1fa	W10
UNIPROT:P26048	#c0d4f5	W10
UNIPROT:Q544G1	#c0d4f5	W10
UNIPROT:Q3TKC5	#f7a688	W10
UNIPROT:Q3UGA8	#f7a688	W10
UNIPROT:Q3UGU3	#f7a688	W10
UNIPROT:Q8CIH9	#f7a688	W10
UNIPROT:Q9DCL9	#d9dce1	W10
UNIPROT:P43346	#3b4cc0	W10
UNIPROT:Q545E8	#3b4cc0	W10
UNIPROT:O08918	#6b8df0	W10
UNIPROT:Q3TG40	#6b8df0	W10
UNIPROT:Q5HZK4	#6b8df0	W10
UNIPROT:Q8BGB7	#f1ccb8	W10
UNIPROT:Q66JT7	#f49a7b	W10
UNIPROT:P98191	#f59f80	W10
UNIPROT:Q61831	#d1dae9	W10
UNIPROT:A0A5F8MP75	#d1dae9	W10
UNIPROT:Q3TQZ7	#d1dae9	W10
UNIPROT:Q78GB8	#d1dae9	W10
UNIPROT:Q80W80	#d1dae9	W10
UNIPROT:Q80W81	#d1dae9	W10
UNIPROT:Q80W82	#d1dae9	W10
UNIPROT:Q8C9D4	#d1dae9	W10
UNIPROT:Q8BVU5	#f4987a	W10
UNIPROT:Q06185	#edd1c2	W10
UNIPROT:Q6P5E8	#abc8fd	W10
UNIPROT:Q9D273	#f7b89c	W10
UNIPROT:D3Z1G7	#f7b89c	W10
UNIPROT:Q07417	#b6cefa	W10
UNIPROT:Q9CXI0	#f1ccb8	W10
UNIPROT:Q8CBY0	#dcdddd	W10
UNIPROT:P43024	#f59c7d	W10
UNIPROT:Q9DCW5	#f59c7d	W10
UNIPROT:Q8R216	#dbdcde	W10
UNIPROT:Q9R078	#bcd2f7	W10
UNIPROT:Q542K0	#bcd2f7	W10
UNIPROT:Q8R238	#6b8df0	W10
UNIPROT:P47738	#ebd3c6	W10
UNIPROT:A0A0G2JEU1	#ebd3c6	W10
UNIPROT:Q544B1	#ebd3c6	W10
UNIPROT:P63087	#ebd3c6	W10
UNIPROT:Q6ZWM8	#ebd3c6	W10
UNIPROT:O55143	#f4c6af	W10
UNIPROT:Q5DTI2	#f4c6af	W10
UNIPROT:D3YYR5	#c9d7f0	W10
UNIPROT:D3Z5U5	#c9d7f0	W10
UNIPROT:Q9Z256	#c9d7f0	W10
UNIPROT:Q9Z257	#c9d7f0	W10
UNIPROT:Q8BWG9	#b40426	W10
UNIPROT:A3KCG1	#b40426	W10
UNIPROT:P15920	#84a7fc	W10
UNIPROT:Q9D2R0	#cad8ef	W10
UNIPROT:Q99LS3	#ead4c8	W10
UNIPROT:Q6TEK5	#ead4c8	W10
UNIPROT:A0A0M3HEP8	#ead4c8	W10
UNIPROT:Q0VGU5	#ead4c8	W10
UNIPROT:P12265	#c0282f	W10
UNIPROT:Q91YI0	#f39778	W10
UNIPROT:Q9ESZ8	#e6d7cf	W10
UNIPROT:Q3UHU8	#e6d7cf	W10
UNIPROT:Q9JI57	#afcafc	W10
UNIPROT:Q5XJY7	#afcafc	W10
UNIPROT:Q6PD35	#afcafc	W10
UNIPROT:Q8BP10	#afcafc	W10
UNIPROT:P08249	#f7a98b	W10
UNIPROT:P21836	#b40426	W10
UNIPROT:Q543Z1	#b40426	W10
UNIPROT:P27600	#efcebd	W10
UNIPROT:P63001	#e0dbd8	W10
UNIPROT:K7Q7T7	#e0dbd8	W10
UNIPROT:Q3TLP8	#e0dbd8	W10
UNIPROT:P56135	#eed0c0	W10
UNIPROT:P41539	#a5c3fe	W10
UNIPROT:B7ZMQ2	#a5c3fe	W10
UNIPROT:Q149W7	#a5c3fe	W10
UNIPROT:Q61024	#b40426	W10
UNIPROT:Q62425	#f49a7b	W10
UNIPROT:Q9CPP6	#f5a081	W10
UNIPROT:D3YTQ8	#f5a081	W10
UNIPROT:P50096	#f6a283	W10
UNIPROT:Q9D1K2	#f0cdbb	W10
UNIPROT:Q68FL4	#e2dad5	W10
UNIPROT:F8WGT1	#e2dad5	W10
UNIPROT:F8WI65	#e2dad5	W10
UNIPROT:P45376	#b40426	W10
UNIPROT:Q3UDY1	#b40426	W10
UNIPROT:P45377	#5977e3	W10
UNIPROT:P15327	#eed0c0	W10
UNIPROT:D3YWQ0	#edd1c2	W10
UNIPROT:Q8BH52	#3b4cc0	W10
UNIPROT:Q9CPU2	#ec8165	W10
UNIPROT:P28028	#f49a7b	W10
UNIPROT:Q9DCM2	#536edd	W10
UNIPROT:Q91XE7	#f6bfa6	W10
UNIPROT:A0A0N4SVQ2	#f6bfa6	W10
UNIPROT:P57774	#f6bfa6	W10
UNIPROT:P62897	#eb7d62	W10
UNIPROT:Q56A15	#eb7d62	W10
UNIPROT:Q9D7X8	#f29072	W10
UNIPROT:Q9CZD3	#ead5c9	W10
UNIPROT:P70205	#b40426	W10
UNIPROT:E9Q3E8	#b40426	W10
UNIPROT:E9Q968	#b40426	W10
UNIPROT:Q6NXJ9	#b40426	W10
UNIPROT:Q64338	#f6a586	W10
UNIPROT:A0A0N4SWG4	#f6a586	W10
UNIPROT:A0A5F8MPG4	#f6a586	W10
UNIPROT:E9Q7V6	#f6a586	W10
UNIPROT:Q3USZ6	#f6a586	W10
UNIPROT:Q5D0E7	#f6a586	W10
UNIPROT:Q8CDV2	#f6a586	W10
UNIPROT:Q9D5W0	#f6a586	W10
UNIPROT:Q9D020	#d2dbe8	W10
UNIPROT:Q7TMS5	#f7ba9f	W10
UNIPROT:A0A0R4J0B6	#f7ba9f	W10
UNIPROT:Q61625	#b40426	W10
UNIPROT:Q9JHF7	#3b4cc0	W10
UNIPROT:P48316	#3b4cc0	W10
UNIPROT:Q3UMH6	#3b4cc0	W10
UNIPROT:P47968	#bcd2f7	W10
UNIPROT:Q9QYC7	#4358cb	W10
UNIPROT:B2RS80	#4358cb	W10
UNIPROT:Q3THS6	#b9d0f9	W10
UNIPROT:Q99J57	#b9d0f9	W10
UNIPROT:Q9QX60	#b9d0f9	W10
UNIPROT:Q504N4	#b9d0f9	W10
UNIPROT:P47856	#dbdcde	W10
UNIPROT:Q62361	#3b4cc0	W10
UNIPROT:P11881	#b40426	W10
UNIPROT:Q3UVA1	#b40426	W10
UNIPROT:Q8BQN0	#b40426	W10
UNIPROT:Q8C7X9	#b40426	W10
UNIPROT:Q8C8N0	#b40426	W10
UNIPROT:Q8VEL2	#80a3fa	W10
UNIPROT:Q9R0K7	#c73635	W10
UNIPROT:F8WHB1	#c73635	W10
UNIPROT:Q3UHH0	#c73635	W10
UNIPROT:Q3UHJ3	#c73635	W10
UNIPROT:Q99N57	#d4dbe6	W10
UNIPROT:Q01815	#f2c9b4	W10
UNIPROT:A0A087WS40	#f2c9b4	W10
UNIPROT:A0A087WSE7	#f2c9b4	W10
UNIPROT:C7TQ57	#f2c9b4	W10
UNIPROT:C7TQ58	#f2c9b4	W10
UNIPROT:C7TQ59	#f2c9b4	W10
UNIPROT:C7TQ60	#f2c9b4	W10
UNIPROT:C7TQ61	#f2c9b4	W10
UNIPROT:C7TQ62	#f2c9b4	W10
UNIPROT:F7C376	#f2c9b4	W10
UNIPROT:F8WJL1	#f2c9b4	W10
UNIPROT:Q0PCR6	#f2c9b4	W10
UNIPROT:P50518	#f4c6af	W10
UNIPROT:Q80WS1	#d3dbe7	W10
UNIPROT:Q91V01	#ead5c9	W10
UNIPROT:P17751	#ed8366	W10
UNIPROT:Q9DC69	#f7af91	W10
UNIPROT:P30280	#eb7d62	W10
UNIPROT:Q4FK45	#eb7d62	W10
UNIPROT:Q8R3R8	#d6dce4	W10
UNIPROT:P46414	#e2dad5	W10
UNIPROT:Q01097	#b40426	W10
UNIPROT:G3X9V4	#b40426	W10
UNIPROT:Q9Z0X4	#3b4cc0	W10
UNIPROT:B2RR84	#3b4cc0	W10
UNIPROT:P16125	#c4d5f3	W10
UNIPROT:A0A6I8MX27	#c4d5f3	W10
UNIPROT:Q9D4V0	#f7b79b	W10
UNIPROT:P24288	#f5c4ac	W10
UNIPROT:Q3TJN1	#f5c4ac	W10
UNIPROT:Q8CBC8	#f5c4ac	W10
UNIPROT:P32883	#cbd8ee	W10
UNIPROT:Q0VDV7	#cbd8ee	W10
UNIPROT:Q5J7N1	#cbd8ee	W10
UNIPROT:Q9CQ91	#ead4c8	W10
UNIPROT:Q8CHK3	#ec7f63	W10
UNIPROT:Q8K596	#d44e41	W10
UNIPROT:P0DP26	#cad8ef	W10
UNIPROT:P0DP27	#cad8ef	W10
UNIPROT:P0DP28	#cad8ef	W10
UNIPROT:P70460	#e3d9d3	W10
UNIPROT:Q6PIC6	#f7aa8c	W10
UNIPROT:A0A0G2JGX4	#f7aa8c	W10
UNIPROT:Q8R0E8	#f7aa8c	W10
UNIPROT:Q8VCE0	#f7aa8c	W10
UNIPROT:Q61626	#f08a6c	W10
UNIPROT:Q80WU3	#f08a6c	W10
UNIPROT:P54310	#7da0f9	W10
UNIPROT:Q7TS72	#4358cb	W10
UNIPROT:O35405	#ea7b60	W10
UNIPROT:Q60823	#f4c5ad	W10
UNIPROT:Q3TY95	#f4c5ad	W10
UNIPROT:Q8CE74	#f4c5ad	W10
UNIPROT:Q9JJL8	#8badfd	W10
UNIPROT:Q8VDQ8	#d9dce1	W10
UNIPROT:P56392	#a6c4fe	W10
UNIPROT:Q792A4	#a6c4fe	W10
UNIPROT:P56391	#f7b89c	W10
UNIPROT:P06745	#bd1f2d	W10
UNIPROT:Q9DCQ2	#6c8ff1	W10
UNIPROT:Q9JIF0	#e5d8d1	W10
UNIPROT:A0A140LJ70	#e5d8d1	W10
UNIPROT:Q3UIG8	#e5d8d1	W10
UNIPROT:Q9CX58	#e5d8d1	W10
UNIPROT:O35855	#bbd1f8	W10
UNIPROT:O88374	#bbd1f8	W10
UNIPROT:Q3ULU3	#bbd1f8	W10
UNIPROT:B2RUS7	#516ddb	W10
UNIPROT:P06151	#b40426	W10
UNIPROT:A0A1B0GSX0	#b40426	W10
UNIPROT:Q564E2	#b40426	W10
UNIPROT:P27681	#b40426	W10
UNIPROT:Q8BHJ7	#b40426	W10
UNIPROT:P63080	#f7ac8e	W10
UNIPROT:Q8C446	#f7ac8e	W10
UNIPROT:Q8BLY2	#f59f80	W10
UNIPROT:Q60929	#ef886b	W10
UNIPROT:Q60751	#81a4fb	W10
UNIPROT:E9QNX9	#81a4fb	W10
UNIPROT:Q3U1L4	#81a4fb	W10
UNIPROT:P54071	#5673e0	W10
UNIPROT:Q9D114	#f6a586	W10
UNIPROT:A0A0U1RNF0	#f6a586	W10
UNIPROT:A0A0U1RQ53	#f6a586	W10
UNIPROT:Q9CR53	#c0d4f5	W10
UNIPROT:D3Z621	#c0d4f5	W10
UNIPROT:Q9QWW1	#b40426	W10
UNIPROT:E9Q4F9	#b40426	W10
UNIPROT:Q3UVX5	#f2cbb7	W10
UNIPROT:B2BH30	#f2cbb7	W10
UNIPROT:B7ZMP7	#f2cbb7	W10
UNIPROT:E9QMC2	#f2cbb7	W10
UNIPROT:Q4VA56	#f2cbb7	W10
UNIPROT:Q8BGV0	#f6a283	W10
UNIPROT:Q8BXJ6	#f6a283	W10
UNIPROT:Q9CQ54	#f59d7e	W10
UNIPROT:G5E884	#a7c5fe	W10
UNIPROT:Q922S4	#f4c6af	W10
UNIPROT:A0A1B0GRJ9	#f4c6af	W10
UNIPROT:Q3TYK5	#f4c6af	W10
UNIPROT:Q3TYU3	#f4c6af	W10
UNIPROT:Q5PR72	#f4c6af	W10
UNIPROT:P07742	#7b9ff9	W10
UNIPROT:P56481	#3b4cc0	W10
UNIPROT:Q3ZB46	#3b4cc0	W10
UNIPROT:P62071	#f4987a	W10
UNIPROT:Q9CTF6	#f4987a	W10
UNIPROT:Q61409	#6e90f2	W10
UNIPROT:E9QLQ3	#6e90f2	W10
UNIPROT:Q3UQ25	#6e90f2	W10
UNIPROT:Q61194	#9bbcff	W10
UNIPROT:F8VPL2	#9bbcff	W10
UNIPROT:P97478	#f29072	W10
UNIPROT:Q3TYT1	#f29072	W10
UNIPROT:Q9DB77	#e4d9d2	W10
UNIPROT:Q9CXJ1	#f6a586	W10
UNIPROT:Q9CR21	#f7b396	W10
UNIPROT:Q569N0	#f7b396	W10
UNIPROT:Q07832	#3b4cc0	W10
UNIPROT:Q3TPZ2	#3b4cc0	W10
UNIPROT:Q63844	#f6a283	W10
UNIPROT:P05064	#b40426	W10
UNIPROT:A6ZI44	#b40426	W10
UNIPROT:Q5FWB7	#b40426	W10
UNIPROT:Q8VDP6	#e2dad5	W10
UNIPROT:A0A0U1RPV3	#e2dad5	W10
UNIPROT:Q9QY93	#f08b6e	W10
UNIPROT:Q9CRC0	#e7745b	W10
UNIPROT:Q8CDA1	#ebd3c6	W10
UNIPROT:B2RQ14	#ebd3c6	W10
UNIPROT:Q8BP74	#f7a98b	W10
UNIPROT:P29758	#f2c9b4	W10
UNIPROT:Q3TG75	#f2c9b4	W10
UNIPROT:Q3UKT3	#f2c9b4	W10
UNIPROT:Q9D7I5	#f39577	W10
UNIPROT:P51163	#bfd3f6	W10
UNIPROT:Q3TPL3	#bfd3f6	W10
UNIPROT:Q3UG55	#bfd3f6	W10
UNIPROT:Q3UKR3	#bfd3f6	W10
UNIPROT:O55003	#b40426	W10
UNIPROT:Q7TNC9	#f18d6f	W10
UNIPROT:Q8BH95	#c7d7f0	W10
UNIPROT:Q8R104	#f08b6e	W10
UNIPROT:Q4FJK3	#f08b6e	W10
UNIPROT:Q9Z1X2	#d9dce1	W10
UNIPROT:Q61411	#b3cdfb	W10
UNIPROT:Q93092	#e3d9d3	W10
UNIPROT:Q9ER72	#dcdddd	W10
UNIPROT:Q3U716	#dcdddd	W10
UNIPROT:Q3UXN3	#dcdddd	W10
UNIPROT:Q711T7	#3b4cc0	W10
UNIPROT:P25322	#3b4cc0	W10
UNIPROT:Q790L7	#3b4cc0	W10
UNIPROT:Q9WVC6	#f6a586	W10
UNIPROT:E9Q1B0	#f6a586	W10
UNIPROT:E9Q8C1	#f6a586	W10
UNIPROT:Q3SXD3	#e3d9d3	W10
UNIPROT:P0DMN7	#edd2c3	W10
UNIPROT:Q91WF7	#d5dbe5	W10
UNIPROT:Q9WVH4	#b40426	W10
UNIPROT:Q9CZN8	#b9d0f9	W10
UNIPROT:A0A1W2P6S5	#f2cab5	W10
UNIPROT:Q60715	#5d7ce6	W10
UNIPROT:E9Q7B0	#5d7ce6	W10
UNIPROT:Q3TTT2	#5d7ce6	W10
UNIPROT:Q3UF16	#5d7ce6	W10
UNIPROT:E9Q468	#3b4cc0	W10
UNIPROT:Q9D819	#c9d7f0	W10
UNIPROT:Q4FK49	#c9d7f0	W10
UNIPROT:P17710	#f7b396	W10
UNIPROT:B4YB29	#f7b396	W10
UNIPROT:G3UVV4	#f7b396	W10
UNIPROT:Q3TTB4	#f7b396	W10
UNIPROT:Q6GQU1	#f7b396	W10
UNIPROT:Q6PDY2	#aac7fd	W10
UNIPROT:Q7TT16	#a2c1ff	W10
UNIPROT:D3YWA2	#a2c1ff	W10
UNIPROT:P34884	#eb7d62	W10
UNIPROT:Q545F0	#eb7d62	W10
UNIPROT:P12382	#f0cdbb	W10
UNIPROT:Q9D517	#f7a889	W10
UNIPROT:Q9DAX2	#f7aa8c	W10
UNIPROT:A0A1W2P7I9	#f7aa8c	W10
UNIPROT:G3XA61	#f7aa8c	W10
UNIPROT:Q91V45	#e4d9d2	W10
UNIPROT:B2CP06	#e4d9d2	W10
UNIPROT:C5H7S2	#e4d9d2	W10
UNIPROT:Q91V24	#bcd2f7	W10
UNIPROT:E9Q6G4	#bcd2f7	W10
UNIPROT:O70325	#f59d7e	W10
UNIPROT:Q76LV0	#f59d7e	W10
UNIPROT:Q9WTK7	#d5dbe5	W10
UNIPROT:Q3V4A1	#d5dbe5	W10
UNIPROT:Q9D3D9	#f6a385	W10
UNIPROT:D3Z7S4	#f6a385	W10
UNIPROT:Q4FK74	#f6a385	W10
UNIPROT:Q9DC70	#f59f80	W10
UNIPROT:O35969	#e9785d	W10
UNIPROT:Q9CPX8	#f7a688	W10
UNIPROT:P22339	#b40426	W10
UNIPROT:Q63932	#f1ccb8	W10
UNIPROT:Q8CB46	#f1ccb8	W10
UNIPROT:Q91YS7	#f1ccb8	W10
UNIPROT:O70161	#f18f71	W10
UNIPROT:F8WHW6	#f18f71	W10
UNIPROT:P21278	#d4dbe6	W10
UNIPROT:Q3UPA1	#d4dbe6	W10
UNIPROT:P59941	#bbd1f8	W10
UNIPROT:Q3UKP1	#bbd1f8	W10
UNIPROT:P05017	#b40426	W10
UNIPROT:E9PU89	#b40426	W10
UNIPROT:E9Q138	#b40426	W10
UNIPROT:Q4VJB9	#b40426	W10
UNIPROT:Q4VJC0	#b40426	W10
UNIPROT:Q8CAR0	#b40426	W10
UNIPROT:Q8C025	#f7b497	W10
UNIPROT:D3YU39	#f7b497	W10
UNIPROT:Q7TMF3	#f18d6f	W10
UNIPROT:A0A0R4J275	#f18d6f	W10
UNIPROT:G5E829	#e97a5f	W10
UNIPROT:Q9DBR7	#4e68d8	W10
UNIPROT:Q9JIN6	#eb7d62	W10
UNIPROT:P23804	#7093f3	W10
UNIPROT:Q99JI6	#f7aa8c	W10
UNIPROT:Q52L50	#f7aa8c	W10
UNIPROT:Q3UHD9	#d4dbe6	W10
UNIPROT:Q91XU3	#e3d9d3	W10
UNIPROT:Q9CZN7	#f4987a	W10
UNIPROT:P56480	#efcebd	W10
UNIPROT:P97377	#3b4cc0	W10
UNIPROT:Q3U6X7	#3b4cc0	W10
UNIPROT:Q3UGB9	#3b4cc0	W10
UNIPROT:O88673	#88abfd	W10
UNIPROT:P15208	#a5c3fe	W10
UNIPROT:M4TKR7	#a5c3fe	W10
UNIPROT:Q3TPM5	#a5c3fe	W10
UNIPROT:Q3TRM4	#b40426	W10
UNIPROT:A0A140LI54	#b40426	W10
UNIPROT:P81122	#e4d9d2	W10
UNIPROT:Q8BYM8	#f7ba9f	W10
UNIPROT:G3X975	#f7ba9f	W10
UNIPROT:Q8BY51	#f7ba9f	W10
UNIPROT:Q9D2Y6	#b7cff9	W10
UNIPROT:A0A1B0GRC8	#b7cff9	W10
UNIPROT:Q3UYF5	#b7cff9	W10
UNIPROT:Q9D1E8	#8db0fe	W10
UNIPROT:Q60931	#f29072	W10
UNIPROT:Q3TX38	#f29072	W10
UNIPROT:Q5EBQ0	#f29072	W10
UNIPROT:O88351	#cad8ef	W10
UNIPROT:A0A0R4J0T4	#cad8ef	W10
UNIPROT:Q5D0E0	#cad8ef	W10
UNIPROT:Q8K2C8	#c9d7f0	W10
UNIPROT:Q3UMZ3	#f4c5ad	W10
UNIPROT:Q6P6K4	#f4c5ad	W10
UNIPROT:O54982	#dadce0	W10
UNIPROT:G3X9P7	#dadce0	W10
UNIPROT:P47791	#f0cdbb	W10
UNIPROT:Q9Z2C9	#cfdaea	W10
UNIPROT:P48962	#f7a688	W10
UNIPROT:Q8K2D6	#cd423b	W10
UNIPROT:G3X908	#cd423b	W10
UNIPROT:P0DMC4	#3b4cc0	W10
UNIPROT:P62814	#edd1c2	W10
UNIPROT:Q6P290	#6b8df0	W10
UNIPROT:Q9ERS2	#f29274	W10
UNIPROT:Q99JP6	#5e7de7	W10
UNIPROT:Q9JHU9	#f7b093	W10
UNIPROT:O08908	#f6a385	W10
UNIPROT:Q9CQ60	#f29274	W10
UNIPROT:D3Z4X1	#f29274	W10
UNIPROT:Q60843	#b40426	W10
UNIPROT:Q3V293	#b40426	W10
UNIPROT:P14901	#e6d7cf	W10
UNIPROT:Q3U5U6	#e6d7cf	W10
UNIPROT:Q9CR61	#f6bea4	W10
UNIPROT:Q9CY27	#f29072	W10
UNIPROT:G3UWE1	#f29072	W10
UNIPROT:P05132	#ead5c9	W10
UNIPROT:Q9CQT1	#edd1c2	W10
UNIPROT:Q8C0C7	#a7c5fe	W10
UNIPROT:Q8BGT5	#bed2f6	W10
UNIPROT:Q64700	#c9d7f0	W10
UNIPROT:A0A1B0GR06	#c9d7f0	W10
UNIPROT:A0A1B0GRM0	#c9d7f0	W10
UNIPROT:Q8BYI6	#4055c8	W10
UNIPROT:P05202	#f5c0a7	W10
UNIPROT:Q8BN51	#90b2fe	W10
UNIPROT:P51863	#e4d9d2	W10
UNIPROT:Q3UZ64	#799cf8	W10
UNIPROT:Q8VEB4	#7396f5	W10
UNIPROT:O35435	#edd1c2	W10
UNIPROT:Q8BGQ7	#e7d7ce	W10
UNIPROT:Q3UD67	#e7d7ce	W10
UNIPROT:P60521	#e3d9d3	W10
UNIPROT:Q99MN1	#f7ac8e	W10
UNIPROT:Q3TIV6	#f7ac8e	W10
UNIPROT:Q8R2P8	#f7ac8e	W10
UNIPROT:Q91WK5	#f7ac8e	W10
UNIPROT:Q99J39	#9fbfff	W10
UNIPROT:P19783	#f5c1a9	W10
UNIPROT:A2RSV8	#f5c1a9	W10
UNIPROT:P08030	#b40426	W10
UNIPROT:Q9JI39	#f7ba9f	W10
UNIPROT:P98192	#c6d6f1	W10
UNIPROT:Q545P6	#c6d6f1	W10
UNIPROT:Q9CT84	#c6d6f1	W10
UNIPROT:Q9CQA9	#cfdaea	W10
UNIPROT:Q8C373	#cfdaea	W10
UNIPROT:Q99NH2	#6485ec	W10
UNIPROT:A0A0R4J1Y4	#6485ec	W10
UNIPROT:A5D6P2	#6485ec	W10
UNIPROT:B7ZNY3	#6485ec	W10
UNIPROT:E9PYJ2	#6485ec	W10
UNIPROT:G3XA13	#6485ec	W10
UNIPROT:P48453	#dedcdb	W10
UNIPROT:A0A6B9EQU3	#dedcdb	W10
UNIPROT:E0CZ78	#dedcdb	W10
UNIPROT:G3X8U7	#dedcdb	W10
UNIPROT:Q923T9	#e2dad5	W10
UNIPROT:Q6ZWS7	#e2dad5	W10
UNIPROT:Q8BW40	#e2dad5	W10
UNIPROT:P55264	#cb3e38	W10
UNIPROT:Q8BMC5	#cb3e38	W10
UNIPROT:Q60930	#f7af91	W10
UNIPROT:Q08460	#b40426	W10
UNIPROT:A0A087WQ41	#b40426	W10
UNIPROT:A0A087WQN5	#b40426	W10
UNIPROT:A0A087WRS4	#b40426	W10
UNIPROT:A0A286YD35	#b40426	W10
UNIPROT:A0A286YDM6	#b40426	W10
UNIPROT:Q3UXG3	#b40426	W10
UNIPROT:Q99KR7	#f4c5ad	W10
UNIPROT:Q99246	#e46e56	W10
UNIPROT:A0A286YD72	#e46e56	W10
UNIPROT:A0A589Q4M7	#e46e56	W10
UNIPROT:P40142	#f6bfa6	W10
UNIPROT:Q91Y86	#a5c3fe	W10
UNIPROT:A6P3E4	#a5c3fe	W10
UNIPROT:G3X8U9	#a5c3fe	W10
UNIPROT:Q544A0	#a5c3fe	W10
UNIPROT:Q7TSJ7	#a5c3fe	W10
UNIPROT:P26443	#eed0c0	W10
UNIPROT:Q3TSQ7	#eed0c0	W10
UNIPROT:Q61627	#b40426	W10
UNIPROT:P23492	#81a4fb	W10
UNIPROT:Q543K9	#81a4fb	W10
UNIPROT:Q91Z83	#6384eb	W10
UNIPROT:B2RXX9	#6384eb	W10
UNIPROT:Q8JZL3	#a9c6fd	W10
UNIPROT:Q8BH04	#b1cbfc	W10
UNIPROT:A0A0R4J0G0	#b1cbfc	W10
UNIPROT:Q99L27	#f6bfa6	W10
UNIPROT:Q99KP3	#c43032	W10
UNIPROT:A7VMV2	#c43032	W10
UNIPROT:Q8VE11	#e9d5cb	W10
UNIPROT:P48455	#f7b497	W10
UNIPROT:A0A2I3BPC5	#f7b497	W10
UNIPROT:Q80XK0	#f7b497	W10
UNIPROT:P48302	#f7aa8c	W10
UNIPROT:Q9CQF6	#c0d4f5	W10
UNIPROT:Q9Z2W8	#81a4fb	W10
UNIPROT:E9PX01	#81a4fb	W10
UNIPROT:Q8C069	#81a4fb	W10
UNIPROT:Q9Z2D1	#d8dce2	W10
UNIPROT:Q6P572	#d8dce2	W10
UNIPROT:P13864	#d4dbe6	W10
UNIPROT:J3QNW0	#d4dbe6	W10
UNIPROT:Q3UHZ3	#d4dbe6	W10
UNIPROT:Q3UWN4	#d4dbe6	W10
UNIPROT:Q7TSJ0	#d4dbe6	W10
UNIPROT:P52592	#4358cb	W10
UNIPROT:O89084	#dadce0	W10
UNIPROT:B2RTL2	#dadce0	W10
UNIPROT:Q3TUD0	#dadce0	W10
UNIPROT:Q60773	#e9d5cb	W10
UNIPROT:Q3US51	#e9d5cb	W10
UNIPROT:Q91WA9	#f7af91	W10
UNIPROT:P22907	#f29072	W10
UNIPROT:Q3UBC6	#f29072	W10
UNIPROT:Q3UPG1	#f29072	W10
UNIPROT:Q9CPQ8	#f7b093	W10
UNIPROT:Q04646	#b40426	W10
UNIPROT:Q6ITT1	#b40426	W10
UNIPROT:Q6ITT2	#b40426	W10
UNIPROT:O55239	#b40426	W10
UNIPROT:D3YX59	#b40426	W10
UNIPROT:Q9D9X3	#b40426	W10
UNIPROT:Q9CXV1	#d95847	W10
UNIPROT:Q62388	#86a9fc	W10
UNIPROT:B9EHX4	#86a9fc	W10
UNIPROT:Q8QZT1	#f7ac8e	W10
UNIPROT:Q8R4G9	#eed0c0	W10
UNIPROT:Q0VBK4	#eed0c0	W10
UNIPROT:Q8BZB2	#bbd1f8	W10
UNIPROT:A0A1L1ST77	#bbd1f8	W10
UNIPROT:P12787	#eed0c0	W10
UNIPROT:Q8BUN5	#85a8fc	W10
UNIPROT:P31938	#ea7b60	W10
UNIPROT:Q3TMJ8	#ea7b60	W10
UNIPROT:Q8K2C9	#aec9fc	W10
UNIPROT:Q9D799	#afcafc	W10
UNIPROT:Q3V021	#afcafc	W10
UNIPROT:Q8CI85	#f59d7e	W10
UNIPROT:A0A0R4J0W4	#f59d7e	W10
UNIPROT:Q8K2J1	#f59d7e	W10
UNIPROT:P30276	#3b4cc0	W10
UNIPROT:Q8JZS7	#f7a688	W10
UNIPROT:P97494	#b6cefa	W10
UNIPROT:Q3TEF1	#b6cefa	W10
UNIPROT:Q3UNA7	#b6cefa	W10
UNIPROT:Q8BHI7	#ebd3c6	W10
UNIPROT:P24472	#e6d7cf	W10
UNIPROT:P48771	#f7b79b	W10
UNIPROT:Q9EQC4	#f7af91	W10
UNIPROT:Q61503	#7b9ff9	W10
UNIPROT:Q0VEE0	#7b9ff9	W10
UNIPROT:P97370	#d3dbe7	W10
UNIPROT:Q544Q7	#d3dbe7	W10
UNIPROT:Q8BTI9	#a9c6fd	W10
UNIPROT:Q6P3D0	#d3dbe7	W10
UNIPROT:Q8VC19	#d9dce1	W10
UNIPROT:Q3V0B2	#d9dce1	W10
UNIPROT:Q99JW2	#d1dae9	W10
UNIPROT:A0A0R4J050	#d1dae9	W10
UNIPROT:Q14BI2	#eed0c0	W10
UNIPROT:P08752	#6e90f2	W10
UNIPROT:Q8CFA2	#c0282f	W10
UNIPROT:A2RSW6	#c0282f	W10
UNIPROT:Q9QUI0	#80a3fa	W10
UNIPROT:Q4VAE6	#80a3fa	W10
UNIPROT:P11352	#f6a586	W10
UNIPROT:A0A0A6YVV2	#f6a586	W10
UNIPROT:Q8BML9	#cbd8ee	W10
UNIPROT:P24547	#f5c2aa	W10
UNIPROT:Q3UAT9	#f5c2aa	W10
UNIPROT:Q9CZ13	#f29274	W10
UNIPROT:O88425	#f2c9b4	W10
UNIPROT:P41593	#a3c2fe	W10
UNIPROT:Q3ULJ0	#b40426	W10
UNIPROT:B2RSR7	#b40426	W10
UNIPROT:Q8R3B1	#e9785d	W10
UNIPROT:G5DDB7	#e9785d	W10
UNIPROT:Q921H8	#abc8fd	W10
UNIPROT:P09240	#ecd3c5	W10
UNIPROT:Q8R041	#ecd3c5	W10
UNIPROT:Q8VDC0	#cd423b	W10
UNIPROT:Q9EP69	#e0dbd8	W10
UNIPROT:Q8K296	#bbd1f8	W10
UNIPROT:B1ATD5	#bbd1f8	W10
UNIPROT:Q80U24	#bbd1f8	W10
UNIPROT:Q8R1I1	#ec7f63	W10
UNIPROT:Q5NCJ9	#ec7f63	W10
UNIPROT:P52792	#c4d5f3	W10
UNIPROT:Q5SVI5	#c4d5f3	W10
UNIPROT:Q5SVI6	#c4d5f3	W10
UNIPROT:P28652	#b40426	W10
UNIPROT:Q5SVI0	#b40426	W10
UNIPROT:Q5SVI2	#b40426	W10
UNIPROT:Q5SVJ0	#b40426	W10
UNIPROT:Q5SVJ1	#b40426	W10
UNIPROT:Q68EG2	#b40426	W10
UNIPROT:Q8BL41	#b40426	W10
UNIPROT:O88444	#b40426	W10
UNIPROT:Q63810	#b40426	W10
UNIPROT:Q91ZJ5	#f7b79b	W10
UNIPROT:Q3U548	#f7b79b	W10
UNIPROT:P14152	#f7ad90	W10
UNIPROT:A0A5F8MPN8	#f7ad90	W10
UNIPROT:Q9CQG1	#f3c7b1	W10
UNIPROT:Q8R2W9	#6384eb	W10
UNIPROT:Q5SXA7	#6384eb	W10
UNIPROT:Q9D0I9	#bed2f6	W10
UNIPROT:Q99LB6	#e1dad6	W10
UNIPROT:P22723	#e8765c	W10
UNIPROT:Q9Z2Z9	#e6d7cf	W10
UNIPROT:Q3V0X4	#e6d7cf	W10
UNIPROT:Q9WTU6	#eed0c0	W10
UNIPROT:Q5NCK8	#eed0c0	W10
UNIPROT:Q8C094	#eed0c0	W10
UNIPROT:Q60932	#f0cdbb	W10
UNIPROT:Q9CQ69	#e97a5f	W10
UNIPROT:Q60716	#f49a7b	W10
UNIPROT:Q3UQ81	#f49a7b	W10
UNIPROT:Q5SX74	#f49a7b	W10
UNIPROT:Q5SX75	#f49a7b	W10
UNIPROT:Q64018	#3b4cc0	W10
UNIPROT:Q5NCT9	#3b4cc0	W10
UNIPROT:P23818	#86a9fc	W10
UNIPROT:F6YNQ1	#86a9fc	W10
UNIPROT:Q7TNB5	#86a9fc	W10
UNIPROT:Q64520	#f29072	W10
UNIPROT:E9Q7K1	#f29072	W10
UNIPROT:Q8VCE6	#f59f80	W10
UNIPROT:Q61907	#e97a5f	W10
UNIPROT:P47740	#e7d7ce	W10
UNIPROT:B1AV77	#e7d7ce	W10
UNIPROT:Q8CFY5	#f1ccb8	W10
UNIPROT:Q3U3N1	#f1ccb8	W10
UNIPROT:Q3UDN4	#f1ccb8	W10
UNIPROT:Q99KS6	#96b7ff	W10
UNIPROT:Q5SUR0	#f6a283	W10
UNIPROT:P14231	#b40426	W10
UNIPROT:Q3UR55	#b40426	W10
UNIPROT:Q6P8J2	#b40426	W10
UNIPROT:A0A158SIT0	#b40426	W10
UNIPROT:Q9DCD6	#dbdcde	W10
UNIPROT:P97813	#bb1b2c	W10
UNIPROT:Q3UNY4	#bb1b2c	W10
UNIPROT:Q5SXG5	#bb1b2c	W10
UNIPROT:Q6NV49	#bb1b2c	W10
UNIPROT:Q80ZW1	#bb1b2c	W10
UNIPROT:Q9QZX7	#dddcdc	W10
UNIPROT:Q8C5L6	#bad0f8	W10
UNIPROT:Q5ND43	#bad0f8	W10
UNIPROT:Q9D826	#f7b093	W10
UNIPROT:Q3UEJ8	#f7b093	W10
UNIPROT:P05063	#f6a586	W10
UNIPROT:O54949	#dddcdc	W10
UNIPROT:Q3TV73	#dddcdc	W10
UNIPROT:Q91XS1	#98b9ff	W10
UNIPROT:Q9R1C6	#f7b093	W10
UNIPROT:Q6P8I6	#d3dbe7	W10
UNIPROT:Q01768	#edd1c2	W10
UNIPROT:Q5NC82	#edd1c2	W10
UNIPROT:P15532	#f6a586	W10
UNIPROT:Q5NC81	#f6a586	W10
UNIPROT:Q9CR84	#d24b40	W10
UNIPROT:Q80XI4	#f18d6f	W10
UNIPROT:Q3UJ95	#f18d6f	W10
UNIPROT:Q60829	#f7b599	W10
UNIPROT:P63058	#c5d6f2	W10
UNIPROT:Q3UFY7	#ee8669	W10
UNIPROT:P42227	#dbdcde	W10
UNIPROT:Q3ULI4	#dbdcde	W10
UNIPROT:Q6GU23	#dbdcde	W10
UNIPROT:Q9Z1G4	#f6bfa6	W10
UNIPROT:Q3TXT5	#f6bfa6	W10
UNIPROT:Q3TY98	#f6bfa6	W10
UNIPROT:Q9DBL7	#c9d7f0	W10
UNIPROT:Q6NSQ9	#f7b99e	W10
UNIPROT:P27601	#9dbdff	W10
UNIPROT:Q3UE40	#9dbdff	W10
UNIPROT:Q8K086	#9dbdff	W10
UNIPROT:Q9D034	#9dbdff	W10
UNIPROT:Q8K448	#b40426	W10
UNIPROT:Q04887	#d1493f	W10
UNIPROT:P30875	#e2dad5	W10
UNIPROT:Q9DCX2	#f5c0a7	W10
UNIPROT:Q9JM14	#f1cdba	W10
UNIPROT:A2A9X5	#f1cdba	W10
UNIPROT:Q60631	#94b6ff	W10
UNIPROT:Q3U1Q4	#94b6ff	W10
UNIPROT:Q3U5I5	#94b6ff	W10
UNIPROT:Q9R0H0	#dbdcde	W10
UNIPROT:Q6XPS7	#f6a586	W10
UNIPROT:Q8BHF7	#dbdcde	W10
UNIPROT:B9EKS7	#dbdcde	W10
UNIPROT:Q8VCF1	#d3dbe7	W10
UNIPROT:Q922E4	#f6bea4	W10
UNIPROT:A2ABY3	#f6bea4	W10
UNIPROT:Q3USD5	#f6bea4	W10
UNIPROT:Q8BKJ9	#c5d6f2	W10
UNIPROT:Q922W5	#b5cdfa	W10
UNIPROT:Q3UTR5	#b5cdfa	W10
UNIPROT:P60764	#b40426	W10
UNIPROT:Q14A12	#b40426	W10
UNIPROT:Q9WUA3	#b40426	W10
UNIPROT:Q8C605	#b40426	W10
UNIPROT:Q9ERZ3	#f7b79b	W10
UNIPROT:Q542R4	#f7b79b	W10
UNIPROT:E9Q401	#b40426	W10
UNIPROT:Q60835	#b40426	W10
UNIPROT:Q80ZZ5	#b40426	W10
UNIPROT:A6H5Y3	#3b4cc0	W10
UNIPROT:Q8BWF0	#b40426	W10
UNIPROT:B2RS41	#b40426	W10
UNIPROT:Q9CR68	#e7d7ce	W10
UNIPROT:Q99M01	#e9d5cb	W10
UNIPROT:G3X9Q4	#e9d5cb	W10
UNIPROT:Q8BW46	#e9d5cb	W10
UNIPROT:Q9JLJ4	#6f92f3	W10
UNIPROT:A0A0R4J1P7	#6f92f3	W10
UNIPROT:Q543J1	#6f92f3	W10
UNIPROT:Q8K2C6	#dcdddd	W10
UNIPROT:A0A1Y7VM56	#dcdddd	W10
UNIPROT:Q9DCZ1	#e36b54	W10
UNIPROT:Q6P1C1	#bad0f8	W10
UNIPROT:A0A217FL54	#bad0f8	W10
UNIPROT:Q8BU30	#e5d8d1	W10
UNIPROT:Q9Z0U9	#3b4cc0	W10
UNIPROT:Q9R0S0	#b40426	W10
UNIPROT:Q8R0J8	#e2dad5	W10
UNIPROT:D3Z4J6	#e2dad5	W10
UNIPROT:Q61115	#f2c9b4	W10
UNIPROT:Q3TQB0	#f2c9b4	W10
UNIPROT:Q3UUD4	#f2c9b4	W10
UNIPROT:Q5R252	#f2c9b4	W10
UNIPROT:Q9CQB4	#f7b194	W10
UNIPROT:Q99LH2	#ead4c8	W10
UNIPROT:P52503	#f39577	W10
UNIPROT:Q3TFD2	#c0d4f5	W10
UNIPROT:Q8K2B3	#d7dce3	W10
UNIPROT:Q8CFN5	#e8765c	W10
UNIPROT:A0A0G2JEC2	#e8765c	W10
UNIPROT:A0A0H2UH28	#e8765c	W10
UNIPROT:A0A0H2UKB6	#e8765c	W10
UNIPROT:Q3V1B5	#e8765c	W10
UNIPROT:P17665	#f0cdbb	W10
UNIPROT:Q9Z2Y3	#f29274	W10
UNIPROT:Q3UVL6	#f29274	W10
UNIPROT:Q5D052	#f29274	W10
UNIPROT:P30558	#3b4cc0	W10
UNIPROT:Q8VCP8	#bbd1f8	W10
UNIPROT:P24860	#3b4cc0	W10
UNIPROT:Q3TQW9	#3b4cc0	W10
UNIPROT:P26450	#b70d28	W10
UNIPROT:Q3TP23	#b70d28	W10
UNIPROT:Q80UI5	#b70d28	W10
UNIPROT:Q8C7P2	#b70d28	W10
UNIPROT:Q64264	#ead5c9	W10
UNIPROT:Q01063	#f5c4ac	W10
UNIPROT:A2RSH1	#f5c4ac	W10
UNIPROT:A6XDA7	#f5c4ac	W10
UNIPROT:A6XDB0	#f5c4ac	W10
UNIPROT:B2KF84	#f5c4ac	W10
UNIPROT:E9PVU7	#f5c4ac	W10
UNIPROT:P53351	#b6cefa	W10
UNIPROT:Q3TV29	#b6cefa	W10
UNIPROT:Q548A9	#b6cefa	W10
UNIPROT:Q61469	#e3d9d3	W10
UNIPROT:Q9D7B7	#f5c4ac	W10
UNIPROT:A0A338P7G6	#f5c4ac	W10
UNIPROT:Q9CXZ1	#f49a7b	W10
UNIPROT:E9QPX3	#f49a7b	W10
UNIPROT:Q8BGK0	#afcafc	W10
UNIPROT:Q8C1W8	#afcafc	W10
UNIPROT:Q8JZK9	#f59c7d	W10
UNIPROT:O88508	#f7b093	W10
UNIPROT:P01193	#afcafc	W10
UNIPROT:Q8VHH7	#f39475	W10
UNIPROT:B8JK56	#f39475	W10
UNIPROT:Q80TY9	#f39475	W10
UNIPROT:Q91ZP3	#b9d0f9	W10
UNIPROT:A0A1Y7VLN4	#b9d0f9	W10
UNIPROT:A0A5F8MQ53	#b9d0f9	W10
UNIPROT:E9QKQ5	#b9d0f9	W10
UNIPROT:Q8CD95	#b9d0f9	W10
UNIPROT:P70336	#a5c3fe	W10
UNIPROT:F8VPK5	#a5c3fe	W10
UNIPROT:Q3TR46	#a5c3fe	W10
UNIPROT:P00860	#e0dbd8	W10
UNIPROT:P11157	#ead5c9	W10
UNIPROT:Q8R3I2	#6384eb	W10
UNIPROT:Q8BN01	#6384eb	W10
UNIPROT:Q3U5Q7	#ef886b	W10
UNIPROT:Q99JT9	#eed0c0	W10
UNIPROT:Q9D358	#d7dce3	W10
UNIPROT:Q4VAI2	#d7dce3	W10
UNIPROT:Q561M1	#d7dce3	W10
UNIPROT:O08749	#c4d5f3	W10
UNIPROT:Q99KQ4	#f7ad90	W10
UNIPROT:Q60987	#88abfd	W10
UNIPROT:Q3V1Q8	#88abfd	W10
UNIPROT:Q9Z1E3	#7ea1fa	W10
UNIPROT:G3UXL2	#3b4cc0	W10
UNIPROT:Q3UYQ0	#3b4cc0	W10
UNIPROT:P30873	#ba162b	W10
UNIPROT:Q543T0	#ba162b	W10
UNIPROT:Q02384	#f7aa8c	W10
UNIPROT:A0A0A0MQ87	#f7aa8c	W10
UNIPROT:Q91YP0	#9abbff	W10
UNIPROT:Q9CXA2	#e8765c	W10
UNIPROT:P57746	#ead4c8	W10
UNIPROT:Q3U861	#ead4c8	W10
UNIPROT:O08691	#a7c5fe	W10
UNIPROT:Q9QYR9	#c0d4f5	W10
UNIPROT:Q6P2K2	#c0d4f5	W10
UNIPROT:O55137	#eb7d62	W10
UNIPROT:Q8R1S0	#d6dce4	W10
UNIPROT:Q9WUZ9	#de614d	W10
UNIPROT:Q3TQC7	#de614d	W10
UNIPROT:Q9EQ20	#efcfbf	W10
UNIPROT:Q8K0L1	#efcfbf	W10
UNIPROT:O89016	#7da0f9	W10
UNIPROT:P01101	#b40426	W10
UNIPROT:Q3TRQ9	#4961d2	W10
UNIPROT:Q91YU7	#4961d2	W10
UNIPROT:Q9WVL0	#f7b89c	W10
UNIPROT:A0A1Y7VNC1	#f7b89c	W10
UNIPROT:Q9JJA0	#f7b89c	W10
UNIPROT:P0DP26	#f7bca1	W10
UNIPROT:P0DP27	#f7bca1	W10
UNIPROT:P0DP28	#f7bca1	W10
UNIPROT:Q3UKW2	#f7bca1	W10
UNIPROT:Q8BYN3	#97b8ff	W10
UNIPROT:P32921	#cedaeb	W10
UNIPROT:Q3U6U7	#cedaeb	W10
UNIPROT:Q04447	#f7a889	W10
UNIPROT:P31750	#7a9df8	W10
UNIPROT:Q9D0K2	#ead5c9	W10
UNIPROT:Q5EG47	#dcdddd	W10
UNIPROT:Q3TUQ7	#dcdddd	W10
UNIPROT:Q8BUX6	#dcdddd	W10
UNIPROT:Q8C5H8	#a7c5fe	W10
UNIPROT:Q9CUB4	#a7c5fe	W10
UNIPROT:Q9Z0Z3	#b6cefa	W10
UNIPROT:A0A087WQ11	#b6cefa	W10
UNIPROT:Q569Z9	#b6cefa	W10
UNIPROT:Q9D0R2	#c3d5f4	W10
UNIPROT:Q9CPQ1	#f7b396	W10
UNIPROT:Q6PEE3	#4c66d6	W10
UNIPROT:Q9Z1G3	#f7aa8c	W10
UNIPROT:Q9EQF5	#3b4cc0	W10
UNIPROT:Q9CPU7	#6384eb	W10
UNIPROT:Q9CQJ8	#f6bfa6	W10
UNIPROT:Q9DCC4	#f7b093	W10
UNIPROT:Q8K010	#d6dce4	W10
UNIPROT:Q9D0M3	#f49a7b	W10
UNIPROT:P52196	#b40426	W10
UNIPROT:Q545S0	#b40426	W10
UNIPROT:Q99J99	#f5c4ac	W10
UNIPROT:O88986	#b40426	W10
UNIPROT:E9PWY6	#b40426	W10
UNIPROT:Q9CZ08	#b40426	W10
UNIPROT:P97819	#d95847	W10
UNIPROT:Q3U613	#d95847	W10
UNIPROT:Q3UN31	#d95847	W10
UNIPROT:Q9JMK2	#b7cff9	W10
UNIPROT:Q3TYE1	#b7cff9	W10
UNIPROT:Q06507	#b5cdfa	W10
UNIPROT:Q8CF69	#b5cdfa	W10
UNIPROT:P54822	#f4c6af	W10
UNIPROT:B2RWS6	#3e51c5	W10
UNIPROT:Q8BJ14	#3e51c5	W10
UNIPROT:Q9CQZ5	#f7a889	W10
UNIPROT:P50637	#3b4cc0	W10
UNIPROT:Q9WUI1	#f7b194	W10
UNIPROT:O55229	#dedcdb	W10
UNIPROT:Q54AG5	#dedcdb	W10
UNIPROT:P47857	#f7a98b	W10
UNIPROT:O54950	#aec9fc	W10
UNIPROT:Q3TWR3	#aec9fc	W10
UNIPROT:Q9DBE0	#84a7fc	W10
UNIPROT:A0A2R8VHX0	#84a7fc	W10
UNIPROT:P56383	#e1dad6	W10
UNIPROT:Q01065	#ee8468	W10
UNIPROT:A0A2I3BPC1	#ee8468	W10
UNIPROT:Q6PDS5	#ee8468	W10
UNIPROT:Q9DBS6	#ee8468	W10
UNIPROT:A0A0U1RQB6	#a7c5fe	W10
UNIPROT:F8VPR5	#a7c5fe	W10
UNIPROT:Q6GQV9	#a7c5fe	W10
UNIPROT:P51830	#ec8165	W10
UNIPROT:E9Q706	#ec8165	W10
UNIPROT:O70252	#ead4c8	W10
UNIPROT:Q544R7	#ead4c8	W10
UNIPROT:P61922	#b40426	W10
UNIPROT:Q6A4J8	#c4d5f3	W10
UNIPROT:E9PXY8	#c4d5f3	W10
UNIPROT:F8VPX1	#c4d5f3	W10
UNIPROT:P35436	#b40426	W10
UNIPROT:O35379	#e57058	W10
UNIPROT:A5D6P3	#e57058	W10
UNIPROT:Q8BYL4	#ef886b	W10
UNIPROT:Q8BJJ2	#ef886b	W10
UNIPROT:P63085	#d3dbe7	W10
UNIPROT:E9Q3L2	#e6d7cf	W10
UNIPROT:A0A140T8I9	#e6d7cf	W10
UNIPROT:A0A1S6GWJ7	#e6d7cf	W10
UNIPROT:Q9WU79	#799cf8	W10
UNIPROT:O88587	#f5c0a7	W10
UNIPROT:Q9R1X5	#c1d4f4	W10
UNIPROT:Q6P8Q2	#c1d4f4	W10
UNIPROT:Q91WG7	#779af7	W10
UNIPROT:Q570Z5	#779af7	W10
UNIPROT:Q8C413	#779af7	W10
UNIPROT:P60041	#b5cdfa	W10
UNIPROT:Q545V6	#b5cdfa	W10
UNIPROT:Q80XN0	#f6a586	W10
UNIPROT:P49586	#b6cefa	W10
UNIPROT:P13439	#d8dce2	W10
UNIPROT:Q544K9	#d8dce2	W10
UNIPROT:Q9D3B1	#f7b89c	W10
UNIPROT:P84309	#e97a5f	W10
UNIPROT:Q9CQC7	#f49a7b	W10
UNIPROT:Q6PCP7	#a5c3fe	W10
UNIPROT:A0A0R4J0P3	#a5c3fe	W10
UNIPROT:P56394	#c1d4f4	W10
UNIPROT:Q54AC6	#c1d4f4	W10
UNIPROT:P50516	#f7b599	W10
UNIPROT:Q9JHW2	#f7b89c	W10
UNIPROT:P36552	#e97a5f	W10
UNIPROT:P97450	#f7b79b	W10
UNIPROT:A0A2I3BPT2	#a7c5fe	W10
UNIPROT:A0A2I3BQM2	#a7c5fe	W10
UNIPROT:Q3UZT1	#a7c5fe	W10
UNIPROT:Q8BQZ0	#a7c5fe	W10
UNIPROT:Q8BRT2	#a7c5fe	W10
UNIPROT:Q8C825	#a7c5fe	W10
UNIPROT:E9Q1R7	#e2dad5	W10
UNIPROT:G3UWG2	#e2dad5	W10
UNIPROT:Q3UHH6	#e2dad5	W10
UNIPROT:Q3UVX2	#e2dad5	W10
UNIPROT:Q6P1D6	#e2dad5	W10
UNIPROT:D3Z656	#e0dbd8	W10
UNIPROT:E9Q7S0	#e0dbd8	W10
UNIPROT:Q64737	#f6bea4	W10
UNIPROT:Q9DB20	#ec8165	W10
UNIPROT:Q8CA95	#f3c8b2	W10
UNIPROT:A0A384DV92	#f3c8b2	W10
UNIPROT:Q7TPG2	#f3c8b2	W10
UNIPROT:Q8K4X7	#b5cdfa	W10
UNIPROT:Q8CAY6	#f6bea4	W10
UNIPROT:P09671	#f2cab5	W10
UNIPROT:Q4FJX9	#f2cab5	W10
UNIPROT:Q9Z2A0	#aec9fc	W10
UNIPROT:F2Z3X6	#aec9fc	W10
UNIPROT:Q3TRL2	#aec9fc	W10
UNIPROT:Q3UGN6	#aec9fc	W10
UNIPROT:Q3UHZ0	#aec9fc	W10
UNIPROT:Q8R420	#f7b093	W10
UNIPROT:Q3TN91	#f7b093	W10
UNIPROT:Q6AXE3	#f7b093	W10
UNIPROT:Q9DCS9	#f4987a	W10
UNIPROT:Q8R0F8	#edd1c2	W10
UNIPROT:Q9WV84	#d65244	W10
UNIPROT:Q9CQD8	#bcd2f7	W10
UNIPROT:Q68EF4	#6485ec	W10
UNIPROT:A0A140T8R6	#6485ec	W10
UNIPROT:G3XA00	#6485ec	W10
UNIPROT:P47811	#bcd2f7	W10
UNIPROT:Q5U421	#bcd2f7	W10
UNIPROT:P39689	#b40426	W10
UNIPROT:Q564P6	#b40426	W10
UNIPROT:Q64343	#3d50c3	W10
UNIPROT:Q0VDW9	#3d50c3	W10
UNIPROT:O70628	#465ecf	W10
UNIPROT:D3Z408	#465ecf	W10
UNIPROT:Q8BSU4	#465ecf	W10
UNIPROT:Q8BK30	#f59f80	W10
UNIPROT:Q3U422	#f59f80	W10
UNIPROT:Q9Z1P6	#f1cdba	W10
UNIPROT:O35083	#b1cbfc	W10
UNIPROT:A0A0R4J263	#b1cbfc	W10
UNIPROT:A0A0A0MQ69	#f7bca1	W10
UNIPROT:Q3UJ07	#f7bca1	W10
UNIPROT:Q9Z1Q9	#edd1c2	W10
UNIPROT:Q790I0	#edd1c2	W10
UNIPROT:Q9WTT4	#b40426	W10
UNIPROT:G5E923	#b40426	W10
UNIPROT:Q54A87	#b40426	W10
UNIPROT:Q3U2A8	#e0dbd8	W10
UNIPROT:Q9WV18	#f7ba9f	W10
UNIPROT:Q8BTJ4	#9dbdff	W10
UNIPROT:Q14CH7	#f18d6f	W10
UNIPROT:Q8R4P9	#adc9fd	W10
UNIPROT:Q9JM73	#b40426	W10
UNIPROT:G5E814	#f6a385	W10
UNIPROT:P01027	#3b4cc0	W10
UNIPROT:Q9D6J6	#f18d6f	W10
UNIPROT:Q99PI5	#e4d9d2	W10
UNIPROT:E9PWN0	#e4d9d2	W10
UNIPROT:Q3UN02	#f5a081	W10
UNIPROT:B0V2Q7	#f5a081	W10
UNIPROT:Q62245	#dbdcde	W10
UNIPROT:Q3USK4	#dbdcde	W10
UNIPROT:P70414	#cbd8ee	W10
UNIPROT:A0A3Q4EBU5	#cbd8ee	W10
UNIPROT:G3X9J1	#cbd8ee	W10
UNIPROT:Q27PY9	#cbd8ee	W10
UNIPROT:Q68FL0	#cbd8ee	W10
UNIPROT:Q61387	#d3dbe7	W10
UNIPROT:E9PZS8	#d3dbe7	W10
UNIPROT:Q3UDK5	#d3dbe7	W10
UNIPROT:P16054	#b40426	W10
UNIPROT:P0DP26	#f7ba9f	W10
UNIPROT:P0DP27	#f7ba9f	W10
UNIPROT:P0DP28	#f7ba9f	W10
UNIPROT:P70335	#3b4cc0	W10
UNIPROT:Q3UE22	#3b4cc0	W10
UNIPROT:Q6PF93	#a9c6fd	W10
UNIPROT:Q8BGR3	#b40426	W10
UNIPROT:Q9CQ75	#e5d8d1	W10
UNIPROT:Q61035	#ebd3c6	W10
UNIPROT:Q99KK9	#a2c1ff	W10
UNIPROT:G5E823	#a2c1ff	W10
UNIPROT:Q8BMJ2	#8fb1fe	W10
UNIPROT:Q7TSZ3	#8fb1fe	W10
UNIPROT:P60334	#e3d9d3	W10
UNIPROT:Q9CQY1	#afcafc	W10
UNIPROT:P51660	#a3c2fe	W10
UNIPROT:Q9DBF1	#f7b79b	W10
UNIPROT:Q4QRK2	#f08b6e	W10
UNIPROT:Q544X6	#f08b6e	W10
UNIPROT:Q8BP47	#d5dbe5	W10
UNIPROT:A0A498WGK2	#d5dbe5	W10
UNIPROT:P97471	#6180e9	W10
UNIPROT:Q03265	#d9dce1	W10
UNIPROT:Q9D1A2	#f5c4ac	W10
UNIPROT:O54804	#d7dce3	W10
UNIPROT:Q8K3J1	#e97a5f	W10
UNIPROT:Q3UY05	#e97a5f	W10
UNIPROT:Q5M9P5	#e97a5f	W10
UNIPROT:Q91YT0	#edd2c3	W10
UNIPROT:P19157	#f29072	W10
UNIPROT:P62137	#f5c1a9	W10
UNIPROT:Q04207	#e46e56	W10
UNIPROT:Q548Y4	#e46e56	W10
UNIPROT:Q61337	#edd1c2	W10
UNIPROT:Q3U9H3	#edd1c2	W10
UNIPROT:Q64445	#f7b599	W10
UNIPROT:Q8C0M9	#dedcdb	W10
UNIPROT:Q9Z0R9	#a3c2fe	W10
UNIPROT:Q920L1	#bad0f8	W10
UNIPROT:Q99K85	#b40426	W10
UNIPROT:Q3U6K9	#b40426	W10
UNIPROT:Q543K5	#b40426	W10
UNIPROT:P21279	#c9d7f0	W10
UNIPROT:Q3UHH5	#c9d7f0	W10
UNIPROT:Q8CFV9	#f7bca1	W10
UNIPROT:Q91W63	#98b9ff	W10
UNIPROT:Q80UY1	#8db0fe	W10
UNIPROT:O35943	#cf453c	W10
UNIPROT:Q3TV21	#cf453c	W10
UNIPROT:P70181	#89acfd	W10
UNIPROT:Q9WTP7	#f7bca1	W10
UNIPROT:A2RTV8	#f7a98b	W10
UNIPROT:Q91W43	#3b4cc0	W10
UNIPROT:Q9Z2L6	#b9d0f9	W10
UNIPROT:O08586	#9fbfff	W10
UNIPROT:A0A6G7SF19	#9fbfff	W10
UNIPROT:Q3UUT8	#9fbfff	W10
UNIPROT:Q8K4K6	#f6bea4	W10
UNIPROT:Q543J7	#f6bea4	W10
UNIPROT:Q9Z110	#a1c0ff	W10
UNIPROT:Q9DBJ1	#f6a385	W10
UNIPROT:Q3U7Z6	#f6a385	W10
UNIPROT:Q2TBE6	#3f53c6	W10
UNIPROT:P05201	#f2c9b4	W10
UNIPROT:Q8BJ03	#ba162b	W10
UNIPROT:E9Q605	#b5cdfa	W10
UNIPROT:E9QNL4	#b5cdfa	W10
UNIPROT:Q3TPN9	#b5cdfa	W10
UNIPROT:Q3UDK0	#b5cdfa	W10
UNIPROT:Q8CBT3	#b5cdfa	W10
UNIPROT:Q99PL7	#94b6ff	W10
UNIPROT:P13011	#ef886b	W10
UNIPROT:Q9D6J5	#e16751	W10
UNIPROT:Q3V406	#e16751	W10
UNIPROT:Q3V1L4	#b7cff9	W10
UNIPROT:A0A494B9X3	#b7cff9	W10
UNIPROT:E9Q9M1	#b7cff9	W10
UNIPROT:O09131	#b40426	W10
UNIPROT:P34971	#edd2c3	W10
C00022	#c7d7f0	W15
C00041	#b2ccfb	W15
C00213	#d7dce3	W15
C00186	#b9d0f9	W15
C00116	#d9dce1	W15
C01026	#ead5c9	W15
C00334	#ef886b	W15
C01089	#bfd3f6	W15
C00065	#bed2f6	W15
C00519	#4f69d9	W15
C00106	#e2dad5	W15
C00791	#b6cefa	W15
C00148	#adc9fd	W15
C00581	#b40426	W15
C00719	#6485ec	W15
C00188	#3b4cc0	W15
C00263	#ead4c8	W15
C00153	#f6a586	W15
C00245	#dcdddd	W15
C01879	#dbdcde	W15
C02714	#a7c5fe	W15
C01157	#b3cdfb	W15
C00123	#aec9fc	W15
C00407	#a5c3fe	W15
C00152	#84a7fc	W15
C00077	#ef886b	W15
C00049	#eed0c0	W15
C00262	#f7a98b	W15
C00064	#ccd9ed	W15
C00047	#b2ccfb	W15
C00025	#b3cdfb	W15
C00979	#a5c3fe	W15
C00073	#aac7fd	W15
C00242	#3b4cc0	W15
C00385	#ee8468	W15
C00295	#7597f6	W15
C02989	#5470de	W15
C00079	#98b9ff	W15
C00366	#3b4cc0	W15
C01152	#6384eb	W15
C00111	#b40426	W15
C00093	#b6cefa	W15
C03771	#f4987a	W15
C00062	#c5d6f2	W15
C00327	#dddcdc	W15
C00072	#f5c0a7	W15
C00082	#f18d6f	W15
C03964	#f7b194	W15
C00158	#e8d6cc	W15
C00257	#82a6fb	W15
C00078	#90b2fe	W15
C02305	#3b4cc0	W15
C02291	#b40426	W15
C00386	#b40426	W15
C00881	#b40426	W15
C00199	#b40426	W15
C00214	#b70d28	W15
C00475	#f7b093	W15
C00299	#cb3e38	W15
C00670	#3b4cc0	W15
C00103	#e36b54	W15
C00092	#c83836	W15
C00378	#f7af91	W15
C00212	#b40426	W15
C00294	#b40426	W15
C00345	#b40426	W15
C00387	#b40426	W15
C05382	#f08a6c	W15
C03406	#5e7de7	W15
C00051	#8badfd	W15
C00364	#799cf8	W15
C00055	#df634e	W15
C00105	#d95847	W15
C00020	#f6a586	W15
C00130	#b40426	W15
C00144	#b40426	W15
C00255	#aac7fd	W15
C00021	#e1dad6	W15
C00019	#ccd9ed	W15
C00363	#3b4cc0	W15
C00112	#455cce	W15
C02477	#6b8df0	W15
C00035	#d5dbe5	W15
C00570	#b7cff9	W15
C00063	#3b4cc0	W15
C00307	#7ea1fa	W15
C00002	#3b4cc0	W15
C05122	#b40426	W15
C00044	#93b5fe	W15
C00029	#a7c5fe	W15
C00043	#a1c0ff	W15
C00127	#d9dce1	W15
C00005	#3b4cc0	W15
C00010	#e5d8d1	W15
C00016	#d5dbe5	W15
C00114	#b3cdfb	W15
C02835	#b40426	W15
C00300	#cad8ef	W15
C05828	#d1493f	W15
C00346	#edd1c2	W15
C00532	#c6d6f1	W15
C00606	#8db0fe	W15
C01042	#f7ac8e	W15
C00620	#b40426	W15
C02067	#f5c4ac	W15
C01595	#e7745b	W15
C01530	#a9c6fd	W15
C00170	#a9c6fd	W15
C12270	#f18f71	W15
C00219	#b40426	W15
C03242	#d1493f	W15
C16525	#f39475	W15
C06429	#ea7b60	W15
C16513	#f7b396	W15
C16527	#ea7b60	W15
C01083	#3b4cc0	W15
C00015	#3b4cc0	W15
C00008	#4f69d9	W15
C00167	#b5cdfa	W15
