UNIPROT:Q8BVE3	#f2c9b4	W10
UNIPROT:A0A0A6YX18	#f2c9b4	W10
UNIPROT:P33534	#e97a5f	W10
UNIPROT:A0A5F8MP90	#e97a5f	W10
UNIPROT:Q14AL5	#e97a5f	W10
UNIPROT:Q3UVW8	#e97a5f	W10
UNIPROT:P49681	#bfd3f6	W10
UNIPROT:Q9ERE3	#eb7d62	W10
UNIPROT:Q9D881	#3b4cc0	W10
UNIPROT:Q9EPW0	#f18f71	W10
UNIPROT:A0A0R4J0Q2	#f18f71	W10
UNIPROT:D3YUD3	#f18f71	W10
UNIPROT:D3YUL8	#f18f71	W10
UNIPROT:D3Z230	#f18f71	W10
UNIPROT:E9Q9A0	#f18f71	W10
UNIPROT:E9QAD0	#f18f71	W10
UNIPROT:F6V2U0	#f18f71	W10
UNIPROT:Q3UEQ1	#f18f71	W10
UNIPROT:D3Z7P3	#b40426	W10
UNIPROT:P49442	#d6dce4	W10
UNIPROT:Q8QZS1	#efcfbf	W10
UNIPROT:Q499X9	#f5c4ac	W10
UNIPROT:A2RT28	#f5c4ac	W10
UNIPROT:Q3TYQ9	#ed8366	W10
UNIPROT:Q9CQZ6	#8fb1fe	W10
UNIPROT:Q91VD9	#cbd8ee	W10
UNIPROT:Q01147	#c43032	W10
UNIPROT:Q543W0	#c43032	W10
UNIPROT:Q547S9	#c43032	W10
UNIPROT:Q62347	#c43032	W10
UNIPROT:O88844	#3b4cc0	W10
UNIPROT:Q9Z1T6	#b40426	W10
UNIPROT:D3Z5N5	#b40426	W10
UNIPROT:Q8VEE0	#f5c1a9	W10
UNIPROT:B2KGF0	#f5c1a9	W10
UNIPROT:O89112	#d8dce2	W10
UNIPROT:Q9CWJ9	#5e7de7	W10
UNIPROT:Q9DC29	#3b4cc0	W10
UNIPROT:Q9WUA2	#6f92f3	W10
UNIPROT:Q9CZU5	#6f92f3	W10
UNIPROT:P35569	#b40426	W10
UNIPROT:Q543V3	#b40426	W10
UNIPROT:Q02152	#dbdcde	W10
UNIPROT:O55057	#3b4cc0	W10
UNIPROT:Q3TDQ8	#3b4cc0	W10
UNIPROT:Q61839	#3b4cc0	W10
UNIPROT:Q544K5	#3b4cc0	W10
UNIPROT:Q9ES52	#f7ac8e	W10
UNIPROT:E9PUQ8	#f7a98b	W10
UNIPROT:Q99LC3	#5e7de7	W10
UNIPROT:P97930	#445acc	W10
UNIPROT:Q6GRA7	#445acc	W10
UNIPROT:Q922B2	#8fb1fe	W10
UNIPROT:Q8BJY7	#8fb1fe	W10
UNIPROT:P18893	#b40426	W10
UNIPROT:A0A7R8GUQ3	#b40426	W10
UNIPROT:Q3U879	#b40426	W10
UNIPROT:E9QAN8	#aac7fd	W10
UNIPROT:A7MCT6	#ee8468	W10
UNIPROT:Q6Q477	#b40426	W10
UNIPROT:D1FNM8	#b40426	W10
UNIPROT:D1FNM9	#b40426	W10
UNIPROT:E9Q828	#b40426	W10
UNIPROT:F7AAP4	#b40426	W10
UNIPROT:Q3UPA8	#b40426	W10
UNIPROT:Q60612	#b40426	W10
UNIPROT:Q3URG8	#b40426	W10
UNIPROT:Q3UYG0	#b40426	W10
UNIPROT:Q6AXD8	#b40426	W10
UNIPROT:Q8CAH1	#b40426	W10
UNIPROT:O08849	#9abbff	W10
UNIPROT:Q8BNJ3	#b40426	W10
UNIPROT:Q5HZI3	#b40426	W10
UNIPROT:P15105	#6a8bef	W10
UNIPROT:Q8BIP0	#d3dbe7	W10
UNIPROT:O08709	#445acc	W10
UNIPROT:D3Z0Y2	#445acc	W10
UNIPROT:Q6GT24	#445acc	W10
UNIPROT:Q3UMG6	#ecd3c5	W10
UNIPROT:Q8BUH2	#ecd3c5	W10
UNIPROT:P14094	#f5c0a7	W10
UNIPROT:Q3TV47	#f5c0a7	W10
UNIPROT:Q545P0	#f5c0a7	W10
UNIPROT:Q8C0T9	#b40426	W10
UNIPROT:E9Q9T4	#b40426	W10
UNIPROT:Q99PM9	#d9dce1	W10
UNIPROT:Q543C2	#d9dce1	W10
UNIPROT:Q9JLJ2	#6384eb	W10
UNIPROT:Q3TMT4	#6384eb	W10
UNIPROT:Q3U367	#6384eb	W10
UNIPROT:Q3V1N7	#6384eb	W10
UNIPROT:Q9CPU4	#3b4cc0	W10
UNIPROT:Q9CZB0	#cad8ef	W10
UNIPROT:Q91WD5	#3b4cc0	W10
UNIPROT:P51175	#84a7fc	W10
UNIPROT:Q3UQA3	#84a7fc	W10
UNIPROT:Q6PIE5	#be242e	W10
UNIPROT:Q3UHK5	#be242e	W10
UNIPROT:Q9WUA6	#b40426	W10
UNIPROT:Q8C6X4	#b40426	W10
UNIPROT:P46664	#d6dce4	W10
UNIPROT:B9EIE9	#d6dce4	W10
UNIPROT:B2RXC2	#b40426	W10
UNIPROT:Q922Q4	#6687ed	W10
UNIPROT:Q3TMZ1	#6687ed	W10
UNIPROT:Q8BIJ6	#e46e56	W10
UNIPROT:E9PWN3	#e46e56	W10
UNIPROT:Q8CGC7	#3b4cc0	W10
UNIPROT:P27090	#b40426	W10
UNIPROT:A0A0A6YXU9	#b40426	W10
UNIPROT:Q3TWH5	#b40426	W10
UNIPROT:Q8CDZ9	#b40426	W10
UNIPROT:Q91YX5	#b40426	W10
UNIPROT:E9QL80	#b40426	W10
UNIPROT:Q3UZK0	#b40426	W10
UNIPROT:Q6A0A4	#b40426	W10
UNIPROT:Q9JKX6	#f7ad90	W10
UNIPROT:Q91VR2	#3b4cc0	W10
UNIPROT:A2AKU9	#3b4cc0	W10
UNIPROT:Q3UD06	#3b4cc0	W10
UNIPROT:Q8C2Q8	#3b4cc0	W10
UNIPROT:Q9QY80	#97b8ff	W10
UNIPROT:A2AQ81	#97b8ff	W10
UNIPROT:B9EHK9	#97b8ff	W10
UNIPROT:Q3V4A5	#97b8ff	W10
UNIPROT:O70172	#d0473d	W10
UNIPROT:Q544E3	#d0473d	W10
UNIPROT:P48320	#b40426	W10
UNIPROT:Q548L4	#b40426	W10
UNIPROT:Q91VF2	#e0dbd8	W10
UNIPROT:A2AQK4	#e0dbd8	W10
UNIPROT:A2AJ88	#b40426	W10
UNIPROT:P35438	#b40426	W10
UNIPROT:A2AI14	#b40426	W10
UNIPROT:A2AI16	#b40426	W10
UNIPROT:A2AI17	#b40426	W10
UNIPROT:A2AI19	#b40426	W10
UNIPROT:A2AI20	#b40426	W10
UNIPROT:A2AI21	#b40426	W10
UNIPROT:A2AJ26	#df634e	W10
UNIPROT:Q9JII1	#f29274	W10
UNIPROT:A2AIX0	#f29274	W10
UNIPROT:Q64237	#3b4cc0	W10
UNIPROT:Q60992	#3b4cc0	W10
UNIPROT:Q7TSI6	#3b4cc0	W10
UNIPROT:Q32M07	#b50927	W10
UNIPROT:P16460	#3b4cc0	W10
UNIPROT:Q3UJ34	#3b4cc0	W10
UNIPROT:P52623	#3b4cc0	W10
UNIPROT:A2AN37	#3b4cc0	W10
UNIPROT:Q3V218	#3b4cc0	W10
UNIPROT:Q6U7H8	#bcd2f7	W10
UNIPROT:Q9R0Y5	#b1cbfc	W10
UNIPROT:Q9DCJ5	#3b4cc0	W10
UNIPROT:Q9D7F2	#5a78e4	W10
UNIPROT:Q8BPP5	#4a63d3	W10
UNIPROT:Q64521	#bed2f6	W10
UNIPROT:Q8CGR7	#b40426	W10
UNIPROT:A2APN2	#b40426	W10
UNIPROT:Q3UEN1	#b40426	W10
UNIPROT:Q8BLN7	#b40426	W10
UNIPROT:Q8R093	#b40426	W10
UNIPROT:P48318	#e46e56	W10
UNIPROT:D3Z1L8	#e46e56	W10
UNIPROT:Q548L6	#e46e56	W10
UNIPROT:Q9EQZ6	#b40426	W10
UNIPROT:A2ASW4	#b40426	W10
UNIPROT:A2ASW8	#b40426	W10
UNIPROT:Q571A8	#b40426	W10
UNIPROT:Q9CS95	#b40426	W10
UNIPROT:P04756	#be242e	W10
UNIPROT:Q05A24	#be242e	W10
UNIPROT:P16951	#dd5f4b	W10
UNIPROT:Q543G2	#dd5f4b	W10
UNIPROT:Q640L6	#dd5f4b	W10
UNIPROT:Q68FE3	#dd5f4b	W10
UNIPROT:Q8CBR9	#dd5f4b	W10
UNIPROT:P56384	#8db0fe	W10
UNIPROT:Q14BC2	#8db0fe	W10
UNIPROT:P0C1Q2	#e16751	W10
UNIPROT:Q61481	#b40426	W10
UNIPROT:Q9R1W5	#7295f4	W10
UNIPROT:A2AR99	#7295f4	W10
UNIPROT:Q9WV08	#d7dce3	W10
UNIPROT:Q9DCT2	#3b4cc0	W10
UNIPROT:P24638	#f59d7e	W10
UNIPROT:Q3UZN1	#f59d7e	W10
UNIPROT:Q80UP3	#b40426	W10
UNIPROT:A0A668KL90	#b40426	W10
UNIPROT:A2AHJ7	#b40426	W10
UNIPROT:A2AHK0	#b40426	W10
UNIPROT:Q9Z125	#3b4cc0	W10
UNIPROT:A0A0R4J082	#3b4cc0	W10
UNIPROT:O70503	#d7dce3	W10
UNIPROT:Q0VGQ1	#d7dce3	W10
UNIPROT:Q9WVQ5	#688aef	W10
UNIPROT:P24270	#3b4cc0	W10
UNIPROT:P21237	#b40426	W10
UNIPROT:Q541P3	#b40426	W10
UNIPROT:Q6NVG1	#b40426	W10
UNIPROT:A3KGF7	#dc5d4a	W10
UNIPROT:E9PYI3	#dc5d4a	W10
UNIPROT:Q3V3V2	#dc5d4a	W10
UNIPROT:Q8R3J5	#dfdbd9	W10
UNIPROT:Q8R071	#b40426	W10
UNIPROT:Q50L42	#b40426	W10
UNIPROT:Q50L43	#3b4cc0	W10
UNIPROT:Q50L41	#e6d7cf	W10
UNIPROT:P30275	#d1dae9	W10
UNIPROT:Q545N7	#d1dae9	W10
UNIPROT:Q64442	#a9c6fd	W10
UNIPROT:Q9D964	#3b4cc0	W10
UNIPROT:Q8VCG1	#6384eb	W10
UNIPROT:Q9CQ43	#6384eb	W10
UNIPROT:Q9CY64	#7396f5	W10
UNIPROT:O35852	#b40426	W10
UNIPROT:Q3UZW2	#b40426	W10
UNIPROT:P35454	#ec8165	W10
UNIPROT:Q545V4	#ec8165	W10
UNIPROT:Q9D892	#8badfd	W10
UNIPROT:Q60I30	#8badfd	W10
UNIPROT:Q7M753	#de614d	W10
UNIPROT:Q99K82	#7597f6	W10
UNIPROT:A2ANQ4	#7597f6	W10
UNIPROT:Q3TLR8	#7597f6	W10
UNIPROT:Q3UPW5	#7597f6	W10
UNIPROT:Q99L43	#b40426	W10
UNIPROT:A2AMQ5	#b40426	W10
UNIPROT:Q6PBC0	#b40426	W10
UNIPROT:Q8BX08	#b40426	W10
UNIPROT:Q8C0L9	#f39577	W10
UNIPROT:Q80ZM8	#b40426	W10
UNIPROT:A0A0C3SFZ5	#b40426	W10
UNIPROT:Q9Z1B3	#b40426	W10
UNIPROT:Q3UPW0	#b40426	W10
UNIPROT:Q91UZ1	#b40426	W10
UNIPROT:Q3U0P5	#c7d7f0	W10
UNIPROT:O88509	#ee8669	W10
UNIPROT:Q3KR45	#ee8669	W10
UNIPROT:Q541E5	#ee8669	W10
UNIPROT:P50247	#a1c0ff	W10
UNIPROT:Q3TF14	#a1c0ff	W10
UNIPROT:Q5M9P0	#a1c0ff	W10
UNIPROT:Q99JP7	#ebd3c6	W10
UNIPROT:P51855	#9abbff	W10
UNIPROT:Q3UEE2	#9abbff	W10
UNIPROT:Q541E2	#9abbff	W10
UNIPROT:Q9Z1J3	#e6d7cf	W10
UNIPROT:Q9CTB2	#e6d7cf	W10
UNIPROT:Q9CQ19	#3b4cc0	W10
UNIPROT:Q62077	#e67259	W10
UNIPROT:Q9JI11	#e57058	W10
UNIPROT:Q60591	#b2ccfb	W10
UNIPROT:A2AQC8	#b2ccfb	W10
UNIPROT:B5B2P6	#b2ccfb	W10
UNIPROT:B5B2P7	#b2ccfb	W10
UNIPROT:B5B2P8	#b2ccfb	W10
UNIPROT:B5B2Q2	#b2ccfb	W10
UNIPROT:B5B2Q4	#b2ccfb	W10
UNIPROT:B5B2Q6	#b2ccfb	W10
UNIPROT:B5B2R5	#b2ccfb	W10
UNIPROT:Q3TTU8	#b2ccfb	W10
UNIPROT:Q8C443	#b2ccfb	W10
UNIPROT:P63094	#b1cbfc	W10
UNIPROT:Q6R0H6	#b1cbfc	W10
UNIPROT:Q6R0H7	#b1cbfc	W10
UNIPROT:Q9Z0F1	#b1cbfc	W10
UNIPROT:A0A571BEI3	#b1cbfc	W10
UNIPROT:P56382	#81a4fb	W10
UNIPROT:Q545F5	#81a4fb	W10
UNIPROT:P58406	#be242e	W10
UNIPROT:Q3USH0	#be242e	W10
UNIPROT:Q540P3	#be242e	W10
UNIPROT:O88319	#3b4cc0	W10
UNIPROT:A2ACT4	#3b4cc0	W10
UNIPROT:O70174	#da5a49	W10
UNIPROT:Q53YK0	#da5a49	W10
UNIPROT:Q91YL3	#7396f5	W10
UNIPROT:P35377	#e5d8d1	W10
UNIPROT:A0A5F8MPZ9	#e5d8d1	W10
UNIPROT:B0R0C0	#e5d8d1	W10
UNIPROT:Q542U1	#e5d8d1	W10
UNIPROT:Q64133	#d7dce3	W10
UNIPROT:Q3TPD9	#d7dce3	W10
UNIPROT:Q3UJ53	#d7dce3	W10
UNIPROT:Q8BW75	#e7d7ce	W10
UNIPROT:O09111	#3b4cc0	W10
UNIPROT:P04627	#a1c0ff	W10
UNIPROT:Q8CAD1	#a1c0ff	W10
UNIPROT:P51881	#3b4cc0	W10
UNIPROT:Q545A2	#3b4cc0	W10
UNIPROT:O35683	#4b64d5	W10
UNIPROT:Q545K0	#4b64d5	W10
UNIPROT:Q9Z2W9	#b40426	W10
UNIPROT:B0QZW1	#b40426	W10
UNIPROT:Q0VGS8	#b40426	W10
UNIPROT:Q3UY17	#b40426	W10
UNIPROT:Q6NVF0	#b40426	W10
UNIPROT:Q9R0R4	#d85646	W10
UNIPROT:Q544B5	#d85646	W10
UNIPROT:P00493	#a6c4fe	W10
UNIPROT:Q9Z2C5	#b40426	W10
UNIPROT:B1AW21	#b40426	W10
UNIPROT:Q3UDN6	#b40426	W10
UNIPROT:Q9D4L1	#b40426	W10
UNIPROT:Q9Z2C4	#b50927	W10
UNIPROT:P26049	#b40426	W10
UNIPROT:Q8CAB3	#b40426	W10
UNIPROT:A2ALL9	#b40426	W10
UNIPROT:Q0VF55	#b40426	W10
UNIPROT:Q8C048	#b40426	W10
UNIPROT:P48410	#f7a889	W10
UNIPROT:Q9R1Q9	#e3d9d3	W10
UNIPROT:Q3TWN7	#e3d9d3	W10
UNIPROT:Q3UWN7	#e3d9d3	W10
UNIPROT:Q00612	#7da0f9	W10
UNIPROT:Q790Y8	#7da0f9	W10
UNIPROT:Q811Q9	#e9d5cb	W10
UNIPROT:Q9WVH3	#d65244	W10
UNIPROT:B1AUT3	#d65244	W10
UNIPROT:Q4KL34	#d65244	W10
UNIPROT:Q61102	#b40426	W10
UNIPROT:P56393	#7ea1fa	W10
UNIPROT:Q5FW98	#7ea1fa	W10
UNIPROT:Q9D7G0	#7597f6	W10
UNIPROT:P48026	#cbd8ee	W10
UNIPROT:Q3V2Q2	#cbd8ee	W10
UNIPROT:P97355	#a9c6fd	W10
UNIPROT:P70303	#e5d8d1	W10
UNIPROT:Q7TNC8	#cad8ef	W10
UNIPROT:Q3UTL8	#cad8ef	W10
UNIPROT:Q9CS42	#ed8366	W10
UNIPROT:P53702	#3b4cc0	W10
UNIPROT:Q8BP79	#3b4cc0	W10
UNIPROT:A0A0A6YW07	#b2ccfb	W10
UNIPROT:Q924B0	#b2ccfb	W10
UNIPROT:P13634	#b40426	W10
UNIPROT:P16015	#3b4cc0	W10
UNIPROT:P00920	#f3c8b2	W10
UNIPROT:P70453	#d95847	W10
UNIPROT:Q3U3Y7	#d95847	W10
UNIPROT:Q6P5G2	#d95847	W10
UNIPROT:Q8CIT0	#f5a081	W10
UNIPROT:D6RH77	#b50927	W10
UNIPROT:Q3UWT7	#b50927	W10
UNIPROT:Q6NVF2	#b50927	W10
UNIPROT:Q9CZM9	#3b4cc0	W10
UNIPROT:P42337	#b40426	W10
UNIPROT:Q9CQH3	#3b4cc0	W10
UNIPROT:D3Z568	#3b4cc0	W10
UNIPROT:Q64702	#b6cefa	W10
UNIPROT:Q9CQY9	#445acc	W10
UNIPROT:Q8VHL1	#b40426	W10
UNIPROT:A2RST1	#5a78e4	W10
UNIPROT:A0A0A6YWX7	#5a78e4	W10
UNIPROT:Q9R1E0	#6788ee	W10
UNIPROT:Q9ESG6	#b40426	W10
UNIPROT:A0A0G2JEW9	#b40426	W10
UNIPROT:Q544F4	#b40426	W10
UNIPROT:Q4KWH5	#b40426	W10
UNIPROT:H3BKK4	#b40426	W10
UNIPROT:Q3THK7	#f7a889	W10
UNIPROT:B2RRH9	#f7a889	W10
UNIPROT:Q6R6I7	#ec7f63	W10
UNIPROT:Q4LG64	#b40426	W10
UNIPROT:P48168	#d85646	W10
UNIPROT:A1KR23	#d85646	W10
UNIPROT:P97295	#f29274	W10
UNIPROT:Q3SWR9	#f29274	W10
UNIPROT:Q99JT1	#dfdbd9	W10
UNIPROT:Q63943	#b40426	W10
UNIPROT:E9QKT0	#b40426	W10
UNIPROT:Q921S6	#b40426	W10
UNIPROT:Q8R123	#4961d2	W10
UNIPROT:Q9ERK7	#f7a98b	W10
UNIPROT:Q9D2A5	#6e90f2	W10
UNIPROT:Q8BKC8	#b40426	W10
UNIPROT:P70182	#b40426	W10
UNIPROT:Q3UQ84	#afcafc	W10
UNIPROT:E9Q7H6	#afcafc	W10
UNIPROT:Q3TP97	#afcafc	W10
UNIPROT:Q922A3	#afcafc	W10
UNIPROT:Q6PAM0	#e8765c	W10
UNIPROT:Q61753	#3b4cc0	W10
UNIPROT:Q9CYK1	#cb3e38	W10
UNIPROT:Q8VDN2	#b40426	W10
UNIPROT:Q3TMF4	#86a9fc	W10
UNIPROT:Q4FJP3	#86a9fc	W10
UNIPROT:Q9D091	#86a9fc	W10
UNIPROT:P62835	#8badfd	W10
UNIPROT:Q3U7U8	#8badfd	W10
UNIPROT:Q3V3W9	#8badfd	W10
UNIPROT:Q8BGS7	#ee8669	W10
UNIPROT:Q80SW1	#de614d	W10
UNIPROT:P48774	#3b4cc0	W10
UNIPROT:Q80W21	#3b4cc0	W10
UNIPROT:O35660	#3b4cc0	W10
UNIPROT:P10649	#3b4cc0	W10
UNIPROT:A2AE89	#3b4cc0	W10
UNIPROT:Q8R5I6	#5572df	W10
UNIPROT:A2AE91	#5572df	W10
UNIPROT:Q9DBT5	#b9d0f9	W10
UNIPROT:A2AE27	#b9d0f9	W10
UNIPROT:Q9DC51	#7b9ff9	W10
UNIPROT:P26638	#94b6ff	W10
UNIPROT:Q8C483	#94b6ff	W10
UNIPROT:Q9R0C8	#b40426	W10
UNIPROT:Q8CHR6	#b40426	W10
UNIPROT:P55096	#b9d0f9	W10
UNIPROT:O35600	#b8122a	W10
UNIPROT:O09172	#b8122a	W10
UNIPROT:Q4FJZ6	#b8122a	W10
UNIPROT:Q8CG03	#f1cdba	W10
UNIPROT:A0A0G2JF67	#f1cdba	W10
UNIPROT:Q6PHZ2	#b40426	W10
UNIPROT:A0A0G2JGS4	#b40426	W10
UNIPROT:E9Q1T1	#b40426	W10
UNIPROT:E9Q1W0	#b40426	W10
UNIPROT:Q8CCM0	#b40426	W10
UNIPROT:Q920L5	#edd1c2	W10
UNIPROT:P01132	#b40426	W10
UNIPROT:A0A0G2JDT8	#b40426	W10
UNIPROT:A0A0G2JF92	#b40426	W10
UNIPROT:Q3UWD7	#b40426	W10
UNIPROT:Q9EPR2	#c4d5f3	W10
UNIPROT:Q61425	#ebd3c6	W10
UNIPROT:Q60967	#84a7fc	W10
UNIPROT:Q3TUA8	#84a7fc	W10
UNIPROT:Q6NZM8	#84a7fc	W10
UNIPROT:Q91VM9	#5977e3	W10
UNIPROT:D3Z636	#5977e3	W10
UNIPROT:P47937	#b40426	W10
UNIPROT:P25799	#b40426	W10
UNIPROT:P63328	#b40426	W10
UNIPROT:B2RRX2	#b40426	W10
UNIPROT:P28474	#3b4cc0	W10
UNIPROT:Q6P5I3	#3b4cc0	W10
UNIPROT:Q9EQ31	#d44e41	W10
UNIPROT:Q544B4	#d44e41	W10
UNIPROT:P25688	#b40426	W10
UNIPROT:Q543J0	#b40426	W10
UNIPROT:P68181	#c73635	W10
UNIPROT:Q920P5	#b40426	W10
UNIPROT:Q6PDF2	#85a8fc	W10
UNIPROT:P22005	#b40426	W10
UNIPROT:Q3UXY8	#b40426	W10
UNIPROT:P28651	#445acc	W10
UNIPROT:Q8BMS4	#f5c1a9	W10
UNIPROT:P56476	#f2cab5	W10
UNIPROT:P47746	#e3d9d3	W10
UNIPROT:A0A385KNU8	#e3d9d3	W10
UNIPROT:Q3U186	#f29274	W10
UNIPROT:Q3UIU2	#3b4cc0	W10
UNIPROT:A2AP31	#3b4cc0	W10
UNIPROT:P56380	#3b4cc0	W10
UNIPROT:Q3V1C8	#3b4cc0	W10
UNIPROT:Q3UNH6	#3b4cc0	W10
UNIPROT:Q6VVW5	#e36b54	W10
UNIPROT:Q91Z53	#89acfd	W10
UNIPROT:Q3T9Z2	#89acfd	W10
UNIPROT:Q9CZS1	#3b4cc0	W10
UNIPROT:Q80T41	#b40426	W10
UNIPROT:Q64729	#3b4cc0	W10
UNIPROT:Q4FJL1	#3b4cc0	W10
UNIPROT:Q9D5H8	#3b4cc0	W10
UNIPROT:Q91Y97	#e0654f	W10
UNIPROT:Q3TJ66	#e0654f	W10
UNIPROT:Q3UER1	#e0654f	W10
UNIPROT:A2AIR5	#f7b194	W10
UNIPROT:P41233	#f7b396	W10
UNIPROT:Q8BPY1	#f7b396	W10
UNIPROT:P61793	#b40426	W10
UNIPROT:Q544V2	#b40426	W10
UNIPROT:P10518	#3b4cc0	W10
UNIPROT:Q9DD05	#3b4cc0	W10
UNIPROT:Q9CR51	#5b7ae5	W10
UNIPROT:Q5HZY7	#5b7ae5	W10
UNIPROT:A2AKM2	#f7a889	W10
UNIPROT:Q9CQ65	#85a8fc	W10
UNIPROT:P05627	#3b4cc0	W10
UNIPROT:Q52L79	#3b4cc0	W10
UNIPROT:O54750	#a2c1ff	W10
UNIPROT:Q8CC91	#a2c1ff	W10
UNIPROT:Q7TSV4	#f1cdba	W10
UNIPROT:Q9WUR9	#b40426	W10
UNIPROT:Q3U489	#b40426	W10
UNIPROT:P48356	#b40426	W10
UNIPROT:Q3UNU8	#b40426	W10
UNIPROT:Q3US58	#b40426	W10
UNIPROT:Q640Q2	#b40426	W10
UNIPROT:B1AWC8	#b40426	W10
UNIPROT:B1AWC9	#b40426	W10
UNIPROT:B1AWD0	#b40426	W10
UNIPROT:Q3TTI9	#b40426	W10
UNIPROT:Q6IQY6	#b40426	W10
UNIPROT:Q80VK8	#b40426	W10
UNIPROT:Q8VBU5	#b40426	W10
UNIPROT:Q8BRK8	#ec7f63	W10
UNIPROT:Q99JY8	#7b9ff9	W10
UNIPROT:Q8CFI5	#b3cdfb	W10
UNIPROT:A8Y5T6	#b3cdfb	W10
UNIPROT:P32020	#3b4cc0	W10
UNIPROT:Q99LJ6	#3b4cc0	W10
UNIPROT:Q3TNK3	#3b4cc0	W10
UNIPROT:Q9CQU0	#85a8fc	W10
UNIPROT:Q9DBP5	#a5c3fe	W10
UNIPROT:A0A0R4J093	#a5c3fe	W10
UNIPROT:P99028	#98b9ff	W10
UNIPROT:Q64143	#b40426	W10
UNIPROT:Q3UXE9	#b40426	W10
UNIPROT:Q9JII6	#3b4cc0	W10
UNIPROT:Q540D7	#3b4cc0	W10
UNIPROT:Q80XJ7	#3b4cc0	W10
UNIPROT:P70697	#8badfd	W10
UNIPROT:Q6P571	#7093f3	W10
UNIPROT:Q91V37	#6485ec	W10
UNIPROT:Q3U889	#6485ec	W10
UNIPROT:Q9JLJ5	#f6a586	W10
UNIPROT:Q4V9V3	#f6a586	W10
UNIPROT:Q548M4	#f6a586	W10
UNIPROT:Q8VDG5	#7597f6	W10
UNIPROT:Q6PFX8	#3b4cc0	W10
UNIPROT:Q70KY4	#c0282f	W10
UNIPROT:P70698	#5470de	W10
UNIPROT:A3KFX0	#de614d	W10
UNIPROT:Q99LY9	#3b4cc0	W10
UNIPROT:Q8K337	#b40426	W10
UNIPROT:B1AS29	#b40426	W10
UNIPROT:Q8BVM4	#b40426	W10
UNIPROT:A8Y5E7	#b40426	W10
UNIPROT:B2RSR5	#b40426	W10
UNIPROT:Q6P078	#b40426	W10
UNIPROT:Q9WTP6	#8badfd	W10
UNIPROT:Q91WQ3	#a2c1ff	W10
UNIPROT:A2A7S7	#a2c1ff	W10
UNIPROT:P58307	#ec7f63	W10
UNIPROT:Q0VDP6	#ec7f63	W10
UNIPROT:P32300	#b40426	W10
UNIPROT:A2AD37	#b40426	W10
UNIPROT:Q8BLP9	#b40426	W10
UNIPROT:Q61165	#b40426	W10
UNIPROT:Q3UDC9	#b40426	W10
UNIPROT:P38060	#cfdaea	W10
UNIPROT:Q9WTL7	#98b9ff	W10
UNIPROT:P09242	#b3cdfb	W10
UNIPROT:Q3TQ02	#b3cdfb	W10
UNIPROT:P56389	#b40426	W10
UNIPROT:P97391	#b40426	W10
UNIPROT:Q6GTW1	#b40426	W10
UNIPROT:Q9R1C8	#e3d9d3	W10
UNIPROT:Q14AW8	#e3d9d3	W10
UNIPROT:Q9CQA3	#3b4cc0	W10
UNIPROT:Q64674	#3b4cc0	W10
UNIPROT:Q543H0	#3b4cc0	W10
UNIPROT:P56469	#3b4cc0	W10
UNIPROT:Q9DCD0	#84a7fc	W10
UNIPROT:Q9EPA7	#e9785d	W10
UNIPROT:Q3V449	#e9785d	W10
UNIPROT:O35904	#c7d7f0	W10
UNIPROT:Q3T9Y0	#c7d7f0	W10
UNIPROT:Q3TBW3	#c7d7f0	W10
UNIPROT:Q3UDT3	#c7d7f0	W10
UNIPROT:Q8BS14	#c7d7f0	W10
UNIPROT:Q8CI98	#c7d7f0	W10
UNIPROT:Q8CFX1	#e46e56	W10
UNIPROT:A2A7A7	#e46e56	W10
UNIPROT:Q91V12	#3b4cc0	W10
UNIPROT:E9PYH2	#3b4cc0	W10
UNIPROT:A2AP18	#b40426	W10
UNIPROT:F7C3A0	#b40426	W10
UNIPROT:Q6PAS6	#b40426	W10
UNIPROT:P22933	#b40426	W10
UNIPROT:Q14AH9	#b40426	W10
UNIPROT:P58058	#d9dce1	W10
UNIPROT:Q3UGI1	#d9dce1	W10
UNIPROT:P06795	#b40426	W10
UNIPROT:B2RUR3	#b40426	W10
UNIPROT:Q9QYS2	#b40426	W10
UNIPROT:B2RSH2	#e7d7ce	W10
UNIPROT:P70313	#dddcdc	W10
UNIPROT:Q8C5P3	#dddcdc	W10
UNIPROT:Q9CXJ4	#b5cdfa	W10
UNIPROT:Q91WG5	#f5c4ac	W10
UNIPROT:Q3TMN8	#f5c4ac	W10
UNIPROT:Q8BIQ9	#f5c4ac	W10
UNIPROT:P30966	#b40426	W10
UNIPROT:Q3UVG4	#b40426	W10
UNIPROT:P07607	#3b4cc0	W10
UNIPROT:Q544L2	#3b4cc0	W10
UNIPROT:Q8BMS1	#f7b99e	W10
UNIPROT:B2RQC6	#5d7ce6	W10
UNIPROT:G3UWN2	#5d7ce6	W10
UNIPROT:Q8R1Q9	#b40426	W10
UNIPROT:Q3TTY0	#9dbdff	W10
UNIPROT:Q8K255	#9dbdff	W10
UNIPROT:P62141	#dadce0	W10
UNIPROT:Q8BSF4	#b7cff9	W10
UNIPROT:E9PX91	#b7cff9	W10
UNIPROT:Q505E1	#b7cff9	W10
UNIPROT:Q3UGX3	#b40426	W10
UNIPROT:A0A0R4J0R4	#b40426	W10
UNIPROT:Q01337	#b40426	W10
UNIPROT:Q9EPL9	#f4c6af	W10
UNIPROT:Q3TAW3	#f4c6af	W10
UNIPROT:P56528	#b40426	W10
UNIPROT:Q3UCS6	#b40426	W10
UNIPROT:Q4FJL8	#b40426	W10
UNIPROT:Q9CPY7	#3b4cc0	W10
UNIPROT:Q6P6M7	#b40426	W10
UNIPROT:Q8CBQ5	#7295f4	W10
UNIPROT:Q9D0F9	#cfdaea	W10
UNIPROT:Q3U6X6	#cfdaea	W10
UNIPROT:O70475	#c3d5f4	W10
UNIPROT:Q3TS38	#c3d5f4	W10
UNIPROT:Q9R0Y8	#d95847	W10
UNIPROT:P26048	#b40426	W10
UNIPROT:Q544G1	#b40426	W10
UNIPROT:Q9D2H1	#d85646	W10
UNIPROT:Q9D6F4	#b40426	W10
UNIPROT:Q543Z0	#b40426	W10
UNIPROT:P50571	#b40426	W10
UNIPROT:Q53WT3	#b40426	W10
UNIPROT:Q3TKC5	#b2ccfb	W10
UNIPROT:Q3UGA8	#b2ccfb	W10
UNIPROT:Q3UGU3	#b2ccfb	W10
UNIPROT:Q8CIH9	#b2ccfb	W10
UNIPROT:Q9DCL9	#536edd	W10
UNIPROT:P43346	#b40426	W10
UNIPROT:Q545E8	#b40426	W10
UNIPROT:Q924H0	#c43032	W10
UNIPROT:O08918	#c3d5f4	W10
UNIPROT:Q3TG40	#c3d5f4	W10
UNIPROT:Q5HZK4	#c3d5f4	W10
UNIPROT:Q8BGB7	#96b7ff	W10
UNIPROT:Q66JT7	#f3c8b2	W10
UNIPROT:P98191	#b40426	W10
UNIPROT:Q61831	#b40426	W10
UNIPROT:A0A5F8MP75	#b40426	W10
UNIPROT:Q3TQZ7	#b40426	W10
UNIPROT:Q78GB8	#b40426	W10
UNIPROT:Q80W80	#b40426	W10
UNIPROT:Q80W81	#b40426	W10
UNIPROT:Q80W82	#b40426	W10
UNIPROT:Q8C9D4	#b40426	W10
UNIPROT:Q8BVU5	#6282ea	W10
UNIPROT:Q06185	#5e7de7	W10
UNIPROT:Q6P5E8	#f6a385	W10
UNIPROT:Q9D273	#adc9fd	W10
UNIPROT:D3Z1G7	#adc9fd	W10
UNIPROT:Q07417	#f1cdba	W10
UNIPROT:Q9CXI0	#bed2f6	W10
UNIPROT:Q8CBY0	#b9d0f9	W10
UNIPROT:P43024	#3e51c5	W10
UNIPROT:Q9DCW5	#3e51c5	W10
UNIPROT:Q8R216	#bfd3f6	W10
UNIPROT:Q9R078	#a3c2fe	W10
UNIPROT:Q542K0	#a3c2fe	W10
UNIPROT:Q9Z0J4	#5b7ae5	W10
UNIPROT:Q8R238	#4055c8	W10
UNIPROT:P47738	#9dbdff	W10
UNIPROT:A0A0G2JEU1	#9dbdff	W10
UNIPROT:Q544B1	#9dbdff	W10
UNIPROT:P63087	#5a78e4	W10
UNIPROT:Q6ZWM8	#5a78e4	W10
UNIPROT:O55143	#b40426	W10
UNIPROT:Q5DTI2	#b40426	W10
UNIPROT:D3YYR5	#c12b30	W10
UNIPROT:D3Z5U5	#c12b30	W10
UNIPROT:Q9Z256	#c12b30	W10
UNIPROT:Q9Z257	#c12b30	W10
UNIPROT:Q8BWG9	#3b4cc0	W10
UNIPROT:A3KCG1	#3b4cc0	W10
UNIPROT:Q9JJ59	#eb7d62	W10
UNIPROT:P15920	#b40426	W10
UNIPROT:Q9D2R0	#6485ec	W10
UNIPROT:Q99LS3	#d7dce3	W10
UNIPROT:Q6TEK5	#ec8165	W10
UNIPROT:A0A0M3HEP8	#ec8165	W10
UNIPROT:Q0VGU5	#ec8165	W10
UNIPROT:P12265	#9abbff	W10
UNIPROT:Q91YI0	#5977e3	W10
UNIPROT:Q9ESZ8	#ed8366	W10
UNIPROT:Q3UHU8	#ed8366	W10
UNIPROT:Q9JI57	#f3c8b2	W10
UNIPROT:Q5XJY7	#f3c8b2	W10
UNIPROT:Q6PD35	#f3c8b2	W10
UNIPROT:Q8BP10	#f3c8b2	W10
UNIPROT:P08249	#3b4cc0	W10
UNIPROT:P21836	#6788ee	W10
UNIPROT:Q543Z1	#6788ee	W10
UNIPROT:Q64464	#cf453c	W10
UNIPROT:Q3UW87	#cf453c	W10
UNIPROT:P27600	#f7a98b	W10
UNIPROT:P63001	#e6d7cf	W10
UNIPROT:K7Q7T7	#e6d7cf	W10
UNIPROT:Q3TLP8	#e6d7cf	W10
UNIPROT:P56135	#3b4cc0	W10
UNIPROT:Q91ZZ5	#b40426	W10
UNIPROT:A0A0J9YV81	#b40426	W10
UNIPROT:B7ZMU5	#b40426	W10
UNIPROT:E9Q0U9	#b40426	W10
UNIPROT:O35082	#a7c5fe	W10
UNIPROT:Q61024	#3b4cc0	W10
UNIPROT:Q62425	#3b4cc0	W10
UNIPROT:Q9CPP6	#3b4cc0	W10
UNIPROT:D3YTQ8	#3b4cc0	W10
UNIPROT:P47743	#b40426	W10
UNIPROT:B7ZMR4	#b40426	W10
UNIPROT:Q05BD6	#b40426	W10
UNIPROT:P50096	#5673e0	W10
UNIPROT:Q9D1K2	#92b4fe	W10
UNIPROT:Q68FL4	#b40426	W10
UNIPROT:F8WGT1	#b40426	W10
UNIPROT:F8WI65	#b40426	W10
UNIPROT:P45376	#3b4cc0	W10
UNIPROT:Q3UDY1	#3b4cc0	W10
UNIPROT:P45377	#3b4cc0	W10
UNIPROT:G5E895	#b40426	W10
UNIPROT:Q8BIV6	#b40426	W10
UNIPROT:P15327	#5a78e4	W10
UNIPROT:Q9ERZ4	#b40426	W10
UNIPROT:D3YWQ0	#b40426	W10
UNIPROT:Q920R6	#b40426	W10
UNIPROT:Q3UP55	#b40426	W10
UNIPROT:Q9CPU2	#3b4cc0	W10
UNIPROT:P28028	#b40426	W10
UNIPROT:Q792Y8	#b40426	W10
UNIPROT:Q9DCM2	#ccd9ed	W10
UNIPROT:Q9R0M5	#b40426	W10
UNIPROT:Q91XE7	#c6d6f1	W10
UNIPROT:A0A0N4SVQ2	#c6d6f1	W10
UNIPROT:P57774	#3b4cc0	W10
UNIPROT:P62897	#3b4cc0	W10
UNIPROT:Q56A15	#3b4cc0	W10
UNIPROT:Q8K1L0	#3b4cc0	W10
UNIPROT:A0A0N4SUK5	#3b4cc0	W10
UNIPROT:A0A0N4SUW5	#3b4cc0	W10
UNIPROT:A0A0N4SV71	#3b4cc0	W10
UNIPROT:Q9D7X8	#94b6ff	W10
UNIPROT:Q9CZD3	#3b4cc0	W10
UNIPROT:Q60748	#9bbcff	W10
UNIPROT:A0A1D5RLK7	#9bbcff	W10
UNIPROT:E9QNK5	#9bbcff	W10
UNIPROT:Q3UQP0	#9bbcff	W10
UNIPROT:Q5ERJ2	#9bbcff	W10
UNIPROT:P70205	#cd423b	W10
UNIPROT:E9Q3E8	#cd423b	W10
UNIPROT:E9Q968	#cd423b	W10
UNIPROT:Q6NXJ9	#cd423b	W10
UNIPROT:Q64338	#b40426	W10
UNIPROT:A0A0N4SWG4	#b40426	W10
UNIPROT:A0A5F8MPG4	#b40426	W10
UNIPROT:E9Q7V6	#b40426	W10
UNIPROT:Q3USZ6	#b40426	W10
UNIPROT:Q5D0E7	#b40426	W10
UNIPROT:Q8CDV2	#b40426	W10
UNIPROT:Q9D5W0	#b40426	W10
UNIPROT:Q9D020	#7699f6	W10
UNIPROT:Q7TMS5	#7a9df8	W10
UNIPROT:A0A0R4J0B6	#7a9df8	W10
UNIPROT:Q61625	#b40426	W10
UNIPROT:Q9JHF7	#b40426	W10
UNIPROT:P48316	#b40426	W10
UNIPROT:Q3UMH6	#b40426	W10
UNIPROT:P47968	#d5dbe5	W10
UNIPROT:Q9QYC7	#e26952	W10
UNIPROT:B2RS80	#e26952	W10
UNIPROT:Q3THS6	#d6dce4	W10
UNIPROT:Q99J57	#d6dce4	W10
UNIPROT:P30548	#c3d5f4	W10
UNIPROT:Q9QX60	#b5cdfa	W10
UNIPROT:Q504N4	#b5cdfa	W10
UNIPROT:P47856	#f59d7e	W10
UNIPROT:Q62361	#3b4cc0	W10
UNIPROT:P11881	#b40426	W10
UNIPROT:Q3UVA1	#b40426	W10
UNIPROT:Q8BQN0	#b40426	W10
UNIPROT:Q8C7X9	#b40426	W10
UNIPROT:Q8C8N0	#b40426	W10
UNIPROT:Q68ED2	#b40426	W10
UNIPROT:G5E8D5	#b40426	W10
UNIPROT:P97926	#ebd3c6	W10
UNIPROT:Q8VEL2	#688aef	W10
UNIPROT:Q9EQX0	#9fbfff	W10
UNIPROT:A2RSS9	#9fbfff	W10
UNIPROT:Q7TSD1	#9fbfff	W10
UNIPROT:Q811T4	#9fbfff	W10
UNIPROT:Q9R0K7	#b40426	W10
UNIPROT:F8WHB1	#b40426	W10
UNIPROT:Q3UHH0	#b40426	W10
UNIPROT:Q3UHJ3	#b40426	W10
UNIPROT:P70174	#b40426	W10
UNIPROT:B3Y5T0	#b40426	W10
UNIPROT:Q99N57	#82a6fb	W10
UNIPROT:Q01815	#b40426	W10
UNIPROT:A0A087WS40	#b40426	W10
UNIPROT:A0A087WSE7	#b40426	W10
UNIPROT:C7TQ57	#b40426	W10
UNIPROT:C7TQ58	#b40426	W10
UNIPROT:C7TQ59	#b40426	W10
UNIPROT:C7TQ60	#b40426	W10
UNIPROT:C7TQ61	#b40426	W10
UNIPROT:C7TQ62	#b40426	W10
UNIPROT:F7C376	#b40426	W10
UNIPROT:F8WJL1	#b40426	W10
UNIPROT:Q0PCR6	#b40426	W10
UNIPROT:P50518	#abc8fd	W10
UNIPROT:Q80WS1	#3b4cc0	W10
UNIPROT:O09047	#ec8165	W10
UNIPROT:Q5U7A4	#ec8165	W10
UNIPROT:Q91V01	#f3c7b1	W10
UNIPROT:P17751	#d8dce2	W10
UNIPROT:Q9DC69	#3b4cc0	W10
UNIPROT:P30280	#b40426	W10
UNIPROT:Q4FK45	#b40426	W10
UNIPROT:Q8R3R8	#cb3e38	W10
UNIPROT:P46414	#ccd9ed	W10
UNIPROT:Q01097	#b40426	W10
UNIPROT:G3X9V4	#b40426	W10
UNIPROT:Q3UWA6	#cd423b	W10
UNIPROT:P61249	#b40426	W10
UNIPROT:Q91YP3	#dadce0	W10
UNIPROT:Q8K4D7	#3d50c3	W10
UNIPROT:Q9Z0X4	#c32e31	W10
UNIPROT:B2RR84	#c32e31	W10
UNIPROT:P16125	#5e7de7	W10
UNIPROT:A0A6I8MX27	#5e7de7	W10
UNIPROT:Q9D4V0	#b40426	W10
UNIPROT:P24288	#cfdaea	W10
UNIPROT:Q3TJN1	#cfdaea	W10
UNIPROT:Q8CBC8	#cfdaea	W10
UNIPROT:P32883	#e3d9d3	W10
UNIPROT:Q0VDV7	#e3d9d3	W10
UNIPROT:Q5J7N1	#e3d9d3	W10
UNIPROT:Q9CQ91	#3b4cc0	W10
UNIPROT:Q8CHK3	#eb7d62	W10
UNIPROT:P48787	#edd2c3	W10
UNIPROT:Q497F1	#edd2c3	W10
UNIPROT:Q80ZN9	#3b4cc0	W10
UNIPROT:Q059Q8	#3b4cc0	W10
UNIPROT:S4R2Q6	#3b4cc0	W10
UNIPROT:V9GXN3	#3b4cc0	W10
UNIPROT:Q8K596	#b40426	W10
UNIPROT:P0DP26	#f7bca1	W10
UNIPROT:P0DP27	#f7bca1	W10
UNIPROT:P0DP28	#f7bca1	W10
UNIPROT:Q0P543	#3b4cc0	W10
UNIPROT:P70460	#3b4cc0	W10
UNIPROT:Q6PIC6	#b40426	W10
UNIPROT:A0A0G2JGX4	#b40426	W10
UNIPROT:Q8R0E8	#b40426	W10
UNIPROT:Q8VCE0	#b40426	W10
UNIPROT:Q61626	#f59d7e	W10
UNIPROT:Q80WU3	#f59d7e	W10
UNIPROT:P54310	#cb3e38	W10
UNIPROT:P04202	#3b4cc0	W10
UNIPROT:Q3UNK5	#3b4cc0	W10
UNIPROT:Q7TS72	#dbdcde	W10
UNIPROT:Q923D2	#3b4cc0	W10
UNIPROT:E9PZC4	#3b4cc0	W10
UNIPROT:Q3U6G1	#3b4cc0	W10
UNIPROT:O35405	#e6d7cf	W10
UNIPROT:Q60823	#f6bfa6	W10
UNIPROT:Q3TY95	#f6bfa6	W10
UNIPROT:Q8CE74	#f6bfa6	W10
UNIPROT:Q9JJL8	#f59f80	W10
UNIPROT:Q8VDQ8	#85a8fc	W10
UNIPROT:P56392	#c1d4f4	W10
UNIPROT:Q792A4	#c1d4f4	W10
UNIPROT:P56391	#3b4cc0	W10
UNIPROT:Q9Z239	#b40426	W10
UNIPROT:P06745	#dcdddd	W10
UNIPROT:Q9DCQ2	#4f69d9	W10
UNIPROT:O09046	#b40426	W10
UNIPROT:A0A0R4J0C2	#b40426	W10
UNIPROT:Q9JIF0	#3b4cc0	W10
UNIPROT:A0A140LJ70	#3b4cc0	W10
UNIPROT:Q3UIG8	#3b4cc0	W10
UNIPROT:Q9CX58	#3b4cc0	W10
UNIPROT:Q9DBB8	#3b4cc0	W10
UNIPROT:O35855	#e5d8d1	W10
UNIPROT:O88374	#e5d8d1	W10
UNIPROT:Q3ULU3	#e5d8d1	W10
UNIPROT:B2RUS7	#b40426	W10
UNIPROT:P06151	#3b4cc0	W10
UNIPROT:A0A1B0GSX0	#3b4cc0	W10
UNIPROT:Q564E2	#3b4cc0	W10
UNIPROT:P27681	#b40426	W10
UNIPROT:Q8BHJ7	#81a4fb	W10
UNIPROT:P63080	#b40426	W10
UNIPROT:Q8C446	#b40426	W10
UNIPROT:P49582	#b40426	W10
UNIPROT:Q53YJ9	#b40426	W10
UNIPROT:Q8CC01	#b40426	W10
UNIPROT:Q8BLY2	#f2c9b4	W10
UNIPROT:Q60929	#cf453c	W10
UNIPROT:Q60751	#b40426	W10
UNIPROT:E9QNX9	#b40426	W10
UNIPROT:Q3U1L4	#b40426	W10
UNIPROT:P54071	#3b4cc0	W10
UNIPROT:Q9D114	#f7ac8e	W10
UNIPROT:A0A0U1RNF0	#f7ac8e	W10
UNIPROT:A0A0U1RQ53	#f7ac8e	W10
UNIPROT:Q9CR53	#e1dad6	W10
UNIPROT:D3Z621	#e1dad6	W10
UNIPROT:Q9QWW1	#f39475	W10
UNIPROT:E9Q4F9	#f39475	W10
UNIPROT:P35505	#f39475	W10
UNIPROT:P11344	#f7b396	W10
UNIPROT:Q91XK0	#f7b396	W10
UNIPROT:Q3UVX5	#b40426	W10
UNIPROT:B2BH30	#b40426	W10
UNIPROT:B7ZMP7	#b40426	W10
UNIPROT:E9QMC2	#b40426	W10
UNIPROT:Q4VA56	#b40426	W10
UNIPROT:Q8BGV0	#d44e41	W10
UNIPROT:Q8BXJ6	#d44e41	W10
UNIPROT:Q9CQ54	#3b4cc0	W10
UNIPROT:G5E884	#be242e	W10
UNIPROT:Q9ERK9	#b40426	W10
UNIPROT:Q3UQ86	#b40426	W10
UNIPROT:Q922S4	#3b4cc0	W10
UNIPROT:A0A1B0GRJ9	#3b4cc0	W10
UNIPROT:Q3TYK5	#3b4cc0	W10
UNIPROT:Q3TYU3	#3b4cc0	W10
UNIPROT:Q5PR72	#3b4cc0	W10
UNIPROT:Q6P549	#b40426	W10
UNIPROT:P07742	#96b7ff	W10
UNIPROT:P56481	#b40426	W10
UNIPROT:Q3ZB46	#b40426	W10
UNIPROT:O08739	#b40426	W10
UNIPROT:A0A1L1SRX2	#b40426	W10
UNIPROT:P62071	#6b8df0	W10
UNIPROT:Q9CTF6	#6b8df0	W10
UNIPROT:Q61409	#b40426	W10
UNIPROT:E9QLQ3	#b40426	W10
UNIPROT:Q3UQ25	#b40426	W10
UNIPROT:P70160	#3b4cc0	W10
UNIPROT:Q99JA0	#3b4cc0	W10
UNIPROT:Q3V1A7	#3b4cc0	W10
UNIPROT:Q3UW96	#8badfd	W10
UNIPROT:Q61194	#b40426	W10
UNIPROT:F8VPL2	#b40426	W10
UNIPROT:P97478	#3b4cc0	W10
UNIPROT:Q3TYT1	#3b4cc0	W10
UNIPROT:Q9DB77	#3b4cc0	W10
UNIPROT:Q9CXJ1	#d7dce3	W10
UNIPROT:Q9CR21	#3b4cc0	W10
UNIPROT:Q569N0	#3b4cc0	W10
UNIPROT:Q07832	#3b4cc0	W10
UNIPROT:Q3TPZ2	#3b4cc0	W10
UNIPROT:Q63844	#3b4cc0	W10
UNIPROT:P05064	#b3cdfb	W10
UNIPROT:A6ZI44	#b3cdfb	W10
UNIPROT:Q5FWB7	#b3cdfb	W10
UNIPROT:Q8VDP6	#e4d9d2	W10
UNIPROT:A0A0U1RPV3	#e4d9d2	W10
UNIPROT:Q9QY93	#4b64d5	W10
UNIPROT:P43023	#3b4cc0	W10
UNIPROT:Q8CDA1	#bcd2f7	W10
UNIPROT:B2RQ14	#bcd2f7	W10
UNIPROT:Q8BP74	#ef886b	W10
UNIPROT:Q9D7I5	#6788ee	W10
UNIPROT:P51163	#d7dce3	W10
UNIPROT:Q3TPL3	#d7dce3	W10
UNIPROT:Q3UG55	#d7dce3	W10
UNIPROT:Q3UKR3	#d7dce3	W10
UNIPROT:O55003	#bed2f6	W10
UNIPROT:Q7TNC9	#b40426	W10
UNIPROT:Q8BH95	#3b4cc0	W10
UNIPROT:Q9CRB3	#3b4cc0	W10
UNIPROT:A0A0A0MQC3	#3b4cc0	W10
UNIPROT:Q8R104	#e9d5cb	W10
UNIPROT:Q4FJK3	#e9d5cb	W10
UNIPROT:Q9Z1X2	#dfdbd9	W10
UNIPROT:Q61411	#f7b79b	W10
UNIPROT:Q93092	#3b4cc0	W10
UNIPROT:Q9ER72	#9dbdff	W10
UNIPROT:Q3U716	#9dbdff	W10
UNIPROT:Q3UXN3	#9dbdff	W10
UNIPROT:Q711T7	#f7ba9f	W10
UNIPROT:P25322	#b40426	W10
UNIPROT:Q790L7	#b40426	W10
UNIPROT:P97772	#b40426	W10
UNIPROT:Q3V0U2	#b40426	W10
UNIPROT:Q9WVC6	#dddcdc	W10
UNIPROT:E9Q1B0	#dddcdc	W10
UNIPROT:E9Q8C1	#dddcdc	W10
UNIPROT:Q6DYE8	#b40426	W10
UNIPROT:Q3SXD3	#3b4cc0	W10
UNIPROT:D3Z6H8	#b40426	W10
UNIPROT:P0DMN7	#d8dce2	W10
UNIPROT:Q91WF7	#ebd3c6	W10
UNIPROT:Q9WVH4	#b40426	W10
UNIPROT:Q9CZN8	#b9d0f9	W10
UNIPROT:A0A1W2P6S5	#b40426	W10
UNIPROT:P61014	#f6bea4	W10
UNIPROT:Q60715	#b40426	W10
UNIPROT:E9Q7B0	#b40426	W10
UNIPROT:Q3TTT2	#b40426	W10
UNIPROT:Q3UF16	#b40426	W10
UNIPROT:Q9D819	#3b4cc0	W10
UNIPROT:Q4FK49	#3b4cc0	W10
UNIPROT:P17710	#eed0c0	W10
UNIPROT:B4YB29	#eed0c0	W10
UNIPROT:G3UVV4	#eed0c0	W10
UNIPROT:Q3TTB4	#eed0c0	W10
UNIPROT:Q6GQU1	#eed0c0	W10
UNIPROT:Q91W97	#b40426	W10
UNIPROT:Q923E4	#e0654f	W10
UNIPROT:Q3UNI1	#e0654f	W10
UNIPROT:Q3USJ2	#e0654f	W10
UNIPROT:Q3USY7	#e0654f	W10
UNIPROT:Q53Z05	#e0654f	W10
UNIPROT:Q6PDY2	#d3dbe7	W10
UNIPROT:Q7TT16	#e5d8d1	W10
UNIPROT:D3YWA2	#e5d8d1	W10
UNIPROT:Q64471	#8caffe	W10
UNIPROT:Q9DCY6	#8caffe	W10
UNIPROT:Q61133	#e9d5cb	W10
UNIPROT:P34884	#3b4cc0	W10
UNIPROT:Q545F0	#3b4cc0	W10
UNIPROT:P12382	#aec9fc	W10
UNIPROT:Q9D517	#e67259	W10
UNIPROT:Q9DAX2	#3b4cc0	W10
UNIPROT:A0A1W2P7I9	#3b4cc0	W10
UNIPROT:G3XA61	#3b4cc0	W10
UNIPROT:O88703	#b40426	W10
UNIPROT:Q91V45	#ead4c8	W10
UNIPROT:B2CP06	#ead4c8	W10
UNIPROT:C5H7S2	#ead4c8	W10
UNIPROT:Q91V24	#b40426	W10
UNIPROT:E9Q6G4	#b40426	W10
UNIPROT:O70325	#96b7ff	W10
UNIPROT:Q76LV0	#96b7ff	W10
UNIPROT:Q9WTK7	#92b4fe	W10
UNIPROT:Q3V4A1	#92b4fe	W10
UNIPROT:Q9D3D9	#4961d2	W10
UNIPROT:D3Z7S4	#4961d2	W10
UNIPROT:Q4FK74	#4961d2	W10
UNIPROT:Q9DC70	#3b4cc0	W10
UNIPROT:O35969	#3b4cc0	W10
UNIPROT:Q9CPX8	#485fd1	W10
UNIPROT:Q5EC55	#b40426	W10
UNIPROT:P22339	#6282ea	W10
UNIPROT:Q91XE9	#d7dce3	W10
UNIPROT:Q63932	#5572df	W10
UNIPROT:Q8CB46	#5572df	W10
UNIPROT:Q91YS7	#5572df	W10
UNIPROT:Q9D7C9	#c3d5f4	W10
UNIPROT:O70161	#d1493f	W10
UNIPROT:F8WHW6	#d1493f	W10
UNIPROT:P30987	#de614d	W10
UNIPROT:Q5FW61	#de614d	W10
UNIPROT:P21278	#bbd1f8	W10
UNIPROT:Q3UPA1	#bbd1f8	W10
UNIPROT:P59941	#97b8ff	W10
UNIPROT:Q3UKP1	#97b8ff	W10
UNIPROT:P05017	#ead4c8	W10
UNIPROT:E9PU89	#ead4c8	W10
UNIPROT:E9Q138	#ead4c8	W10
UNIPROT:Q4VJB9	#ead4c8	W10
UNIPROT:Q4VJC0	#ead4c8	W10
UNIPROT:Q8CAR0	#ead4c8	W10
UNIPROT:Q8C025	#b40426	W10
UNIPROT:D3YU39	#b40426	W10
UNIPROT:Q9DBA8	#afcafc	W10
UNIPROT:Q7TMF3	#3b4cc0	W10
UNIPROT:A0A0R4J275	#3b4cc0	W10
UNIPROT:G5E829	#e36b54	W10
UNIPROT:Q9DBR7	#b40426	W10
UNIPROT:Q9JIN6	#f7ba9f	W10
UNIPROT:P23804	#f1ccb8	W10
UNIPROT:Q99JI6	#779af7	W10
UNIPROT:Q52L50	#779af7	W10
UNIPROT:Q3UHD9	#b40426	W10
UNIPROT:Q91XU3	#b40426	W10
UNIPROT:Q4FZG9	#3b4cc0	W10
UNIPROT:Q9CZN7	#4257c9	W10
UNIPROT:P56480	#3b4cc0	W10
UNIPROT:Q571F8	#b40426	W10
UNIPROT:O88673	#f7aa8c	W10
UNIPROT:P15208	#b40426	W10
UNIPROT:M4TKR7	#b40426	W10
UNIPROT:Q3TPM5	#b40426	W10
UNIPROT:Q3TRM4	#cedaeb	W10
UNIPROT:A0A140LI54	#cedaeb	W10
UNIPROT:P81122	#d95847	W10
UNIPROT:Q8BYM8	#96b7ff	W10
UNIPROT:G3X975	#96b7ff	W10
UNIPROT:Q8BY51	#96b7ff	W10
UNIPROT:Q9D2Y6	#d3dbe7	W10
UNIPROT:A0A1B0GRC8	#d3dbe7	W10
UNIPROT:Q3UYF5	#d3dbe7	W10
UNIPROT:Q9D1E8	#edd2c3	W10
UNIPROT:Q60931	#3b4cc0	W10
UNIPROT:Q3TX38	#3b4cc0	W10
UNIPROT:Q5EBQ0	#3b4cc0	W10
UNIPROT:O88351	#e0dbd8	W10
UNIPROT:A0A0R4J0T4	#e0dbd8	W10
UNIPROT:Q5D0E0	#e0dbd8	W10
UNIPROT:Q8K2C8	#c4d5f3	W10
UNIPROT:Q3UMZ3	#7093f3	W10
UNIPROT:Q6P6K4	#7093f3	W10
UNIPROT:O54982	#93b5fe	W10
UNIPROT:G3X9P7	#93b5fe	W10
UNIPROT:Q7TSV6	#edd1c2	W10
UNIPROT:P47791	#aec9fc	W10
UNIPROT:Q9Z2C9	#f0cdbb	W10
UNIPROT:P48962	#3b4cc0	W10
UNIPROT:Q8K2D6	#3b4cc0	W10
UNIPROT:G3X908	#3b4cc0	W10
UNIPROT:Q91XP5	#b40426	W10
UNIPROT:G5E811	#b40426	W10
UNIPROT:O70342	#b40426	W10
UNIPROT:Q543U8	#b40426	W10
UNIPROT:Q04573	#f7af91	W10
UNIPROT:Q3V1K5	#f7af91	W10
UNIPROT:P62814	#f1ccb8	W10
UNIPROT:Q6P290	#3b4cc0	W10
UNIPROT:Q99JP6	#3b4cc0	W10
UNIPROT:Q9JHU9	#3b4cc0	W10
UNIPROT:O08908	#3b4cc0	W10
UNIPROT:Q9CQ60	#3b4cc0	W10
UNIPROT:D3Z4X1	#3b4cc0	W10
UNIPROT:Q60843	#3b4cc0	W10
UNIPROT:Q3V293	#3b4cc0	W10
UNIPROT:P14901	#688aef	W10
UNIPROT:Q3U5U6	#688aef	W10
UNIPROT:Q61614	#b40426	W10
UNIPROT:Q6P1Y8	#b40426	W10
UNIPROT:E9PVM1	#b40426	W10
UNIPROT:E9PVM3	#b40426	W10
UNIPROT:Q1A6U9	#b40426	W10
UNIPROT:Q1A6V0	#b40426	W10
UNIPROT:Q1A6V1	#b40426	W10
UNIPROT:Q3URI3	#b40426	W10
UNIPROT:Q9CR61	#4055c8	W10
UNIPROT:Q9CY27	#3b4cc0	W10
UNIPROT:G3UWE1	#3b4cc0	W10
UNIPROT:P05132	#dbdcde	W10
UNIPROT:Q9CQT1	#ecd3c5	W10
UNIPROT:Q8C0C7	#465ecf	W10
UNIPROT:Q8BGT5	#e0654f	W10
UNIPROT:Q80WJ6	#5875e1	W10
UNIPROT:P51829	#dd5f4b	W10
UNIPROT:Q3U1P1	#dd5f4b	W10
UNIPROT:Q3U1X9	#dd5f4b	W10
UNIPROT:Q3UU15	#dd5f4b	W10
UNIPROT:Q64700	#b40426	W10
UNIPROT:A0A1B0GR06	#b40426	W10
UNIPROT:A0A1B0GRM0	#b40426	W10
UNIPROT:Q8BYI6	#d0473d	W10
UNIPROT:P05202	#efcebd	W10
UNIPROT:Q8BN51	#9fbfff	W10
UNIPROT:Q9ERQ8	#b40426	W10
UNIPROT:G3XA26	#b40426	W10
UNIPROT:Q3UND9	#b40426	W10
UNIPROT:P51863	#8caffe	W10
UNIPROT:P16301	#d85646	W10
UNIPROT:Q3UZ64	#b40426	W10
UNIPROT:Q8VEB4	#f29072	W10
UNIPROT:Q64669	#eb7d62	W10
UNIPROT:Q542Y0	#eb7d62	W10
UNIPROT:O35435	#4c66d6	W10
UNIPROT:Q8BGQ7	#5b7ae5	W10
UNIPROT:Q3UD67	#5b7ae5	W10
UNIPROT:P60521	#5470de	W10
UNIPROT:Q99MN1	#3b4cc0	W10
UNIPROT:Q3TIV6	#3b4cc0	W10
UNIPROT:Q8R2P8	#3b4cc0	W10
UNIPROT:Q91WK5	#b9d0f9	W10
UNIPROT:Q99J39	#dfdbd9	W10
UNIPROT:P23589	#8fb1fe	W10
UNIPROT:P08030	#3b4cc0	W10
UNIPROT:Q9JI39	#da5a49	W10
UNIPROT:P98192	#f5c1a9	W10
UNIPROT:Q545P6	#f5c1a9	W10
UNIPROT:Q9CT84	#f5c1a9	W10
UNIPROT:Q9CQA9	#5d7ce6	W10
UNIPROT:Q8C373	#5d7ce6	W10
UNIPROT:Q99NH2	#b40426	W10
UNIPROT:A0A0R4J1Y4	#b40426	W10
UNIPROT:A5D6P2	#b40426	W10
UNIPROT:B7ZNY3	#b40426	W10
UNIPROT:E9PYJ2	#b40426	W10
UNIPROT:G3XA13	#b40426	W10
UNIPROT:O89106	#b40426	W10
UNIPROT:E9PZ91	#b40426	W10
UNIPROT:P37242	#b40426	W10
UNIPROT:Q3UZT5	#b40426	W10
UNIPROT:P48453	#f29072	W10
UNIPROT:A0A6B9EQU3	#f29072	W10
UNIPROT:E0CZ78	#f29072	W10
UNIPROT:G3X8U7	#f29072	W10
UNIPROT:Q923T9	#eb7d62	W10
UNIPROT:Q6ZWS7	#eb7d62	W10
UNIPROT:Q8BW40	#eb7d62	W10
UNIPROT:P55264	#f6bea4	W10
UNIPROT:Q8BMC5	#f6bea4	W10
UNIPROT:Q60930	#4358cb	W10
UNIPROT:Q08460	#b40426	W10
UNIPROT:A0A087WQ41	#b40426	W10
UNIPROT:A0A087WQN5	#b40426	W10
UNIPROT:A0A087WRS4	#b40426	W10
UNIPROT:A0A286YD35	#b40426	W10
UNIPROT:A0A286YDM6	#b40426	W10
UNIPROT:Q3UXG3	#b40426	W10
UNIPROT:Q99KR7	#bfd3f6	W10
UNIPROT:Q8BJ64	#536edd	W10
UNIPROT:Q99246	#b40426	W10
UNIPROT:A0A286YD72	#b40426	W10
UNIPROT:A0A589Q4M7	#b40426	W10
UNIPROT:P40142	#3b4cc0	W10
UNIPROT:Q91Y86	#efcebd	W10
UNIPROT:A6P3E4	#efcebd	W10
UNIPROT:G3X8U9	#efcebd	W10
UNIPROT:Q544A0	#efcebd	W10
UNIPROT:Q7TSJ7	#efcebd	W10
UNIPROT:P26443	#88abfd	W10
UNIPROT:Q3TSQ7	#88abfd	W10
UNIPROT:Q61627	#b40426	W10
UNIPROT:Q62053	#3b4cc0	W10
UNIPROT:Q543A9	#3b4cc0	W10
UNIPROT:P23492	#3b4cc0	W10
UNIPROT:Q543K9	#3b4cc0	W10
UNIPROT:Q91Z83	#f7a688	W10
UNIPROT:B2RXX9	#f7a688	W10
UNIPROT:Q8BH04	#b40426	W10
UNIPROT:A0A0R4J0G0	#b40426	W10
UNIPROT:Q99L27	#cfdaea	W10
UNIPROT:O88855	#3b4cc0	W10
UNIPROT:A7VJD3	#3b4cc0	W10
UNIPROT:Q99KP3	#f7ba9f	W10
UNIPROT:A7VMV2	#f7ba9f	W10
UNIPROT:Q8VE11	#f7b093	W10
UNIPROT:P97718	#b40426	W10
UNIPROT:Q8BUE5	#b40426	W10
UNIPROT:Q8BXZ4	#b40426	W10
UNIPROT:Q8BZV1	#b40426	W10
UNIPROT:P48455	#dd5f4b	W10
UNIPROT:A0A2I3BPC5	#dd5f4b	W10
UNIPROT:Q80XK0	#dd5f4b	W10
UNIPROT:Q8BMC0	#b3cdfb	W10
UNIPROT:P35363	#b40426	W10
UNIPROT:Q543D4	#b40426	W10
UNIPROT:D3YXJ0	#b40426	W10
UNIPROT:A0A2I3BQ43	#b40426	W10
UNIPROT:A0JP53	#b40426	W10
UNIPROT:F8VQK3	#b40426	W10
UNIPROT:Q3TNN8	#b40426	W10
UNIPROT:Q3UH83	#b40426	W10
UNIPROT:Q9CQF6	#5e7de7	W10
UNIPROT:Q9Z2W8	#b40426	W10
UNIPROT:E9PX01	#b40426	W10
UNIPROT:Q8C069	#b40426	W10
UNIPROT:Q61143	#b40426	W10
UNIPROT:Q3UZG1	#b40426	W10
UNIPROT:Q6NV56	#b40426	W10
UNIPROT:Q9Z2D1	#cbd8ee	W10
UNIPROT:Q6P572	#cbd8ee	W10
UNIPROT:P13864	#cedaeb	W10
UNIPROT:J3QNW0	#cedaeb	W10
UNIPROT:Q3UHZ3	#cedaeb	W10
UNIPROT:Q3UWN4	#cedaeb	W10
UNIPROT:Q7TSJ0	#cedaeb	W10
UNIPROT:P52592	#bed2f6	W10
UNIPROT:O89084	#b40426	W10
UNIPROT:B2RTL2	#b40426	W10
UNIPROT:Q3TUD0	#b40426	W10
UNIPROT:Q91X56	#7295f4	W10
UNIPROT:Q60773	#4f69d9	W10
UNIPROT:Q3US51	#4f69d9	W10
UNIPROT:Q3UW31	#c73635	W10
UNIPROT:Q8BMF5	#b40426	W10
UNIPROT:Q91WA9	#f7a688	W10
UNIPROT:P22907	#506bda	W10
UNIPROT:Q3UBC6	#506bda	W10
UNIPROT:Q3UPG1	#506bda	W10
UNIPROT:Q9CPQ8	#3b4cc0	W10
UNIPROT:Q04646	#88abfd	W10
UNIPROT:Q6ITT1	#88abfd	W10
UNIPROT:Q6ITT2	#88abfd	W10
UNIPROT:O55239	#3b4cc0	W10
UNIPROT:D3YX59	#3b4cc0	W10
UNIPROT:Q9D9X3	#3b4cc0	W10
UNIPROT:Q9CXV1	#3b4cc0	W10
UNIPROT:Q62388	#b40426	W10
UNIPROT:B9EHX4	#b40426	W10
UNIPROT:Q8QZT1	#3b4cc0	W10
UNIPROT:Q8R4G9	#abc8fd	W10
UNIPROT:Q0VBK4	#abc8fd	W10
UNIPROT:Q8BZB2	#b40426	W10
UNIPROT:A0A1L1ST77	#b40426	W10
UNIPROT:P12787	#3b4cc0	W10
UNIPROT:B2RY58	#b6cefa	W10
UNIPROT:Q8BUN5	#b40426	W10
UNIPROT:P31938	#b40426	W10
UNIPROT:Q3TMJ8	#b40426	W10
UNIPROT:Q8K2C9	#e7745b	W10
UNIPROT:Q9D799	#7b9ff9	W10
UNIPROT:Q3V021	#7b9ff9	W10
UNIPROT:Q8CI85	#f59f80	W10
UNIPROT:A0A0R4J0W4	#f59f80	W10
UNIPROT:Q8K2J1	#f59f80	W10
UNIPROT:P30276	#d1493f	W10
UNIPROT:Q8JZS7	#b8122a	W10
UNIPROT:P58308	#cfdaea	W10
UNIPROT:P97494	#b40426	W10
UNIPROT:Q3TEF1	#b40426	W10
UNIPROT:Q3UNA7	#b40426	W10
UNIPROT:Q8BHI7	#9dbdff	W10
UNIPROT:P24472	#f59c7d	W10
UNIPROT:P48771	#5b7ae5	W10
UNIPROT:P28334	#b40426	W10
UNIPROT:Q0VES5	#b40426	W10
UNIPROT:Q9EQC4	#e7d7ce	W10
UNIPROT:P97370	#d55042	W10
UNIPROT:Q544Q7	#d55042	W10
UNIPROT:Q99JR6	#b40426	W10
UNIPROT:Q8BTI9	#b40426	W10
UNIPROT:Q6P3D0	#9fbfff	W10
UNIPROT:Q8QZY2	#d55042	W10
UNIPROT:A0A0R4J1H2	#d55042	W10
UNIPROT:Q8VC19	#b1cbfc	W10
UNIPROT:Q3V0B2	#b1cbfc	W10
UNIPROT:Q99JW2	#4a63d3	W10
UNIPROT:A0A0R4J050	#4a63d3	W10
UNIPROT:Q14BI2	#de614d	W10
UNIPROT:P08752	#efcfbf	W10
UNIPROT:Q8CFA2	#f3c7b1	W10
UNIPROT:A2RSW6	#f3c7b1	W10
UNIPROT:Q9QUI0	#e9d5cb	W10
UNIPROT:Q4VAE6	#e9d5cb	W10
UNIPROT:P11352	#a7c5fe	W10
UNIPROT:A0A0A6YVV2	#a7c5fe	W10
UNIPROT:Q8BML9	#3b4cc0	W10
UNIPROT:P24547	#3b4cc0	W10
UNIPROT:Q3UAT9	#3b4cc0	W10
UNIPROT:Q9CZ13	#3b4cc0	W10
UNIPROT:O88425	#3b4cc0	W10
UNIPROT:P41593	#3b4cc0	W10
UNIPROT:Q3ULJ0	#f1ccb8	W10
UNIPROT:B2RSR7	#f1ccb8	W10
UNIPROT:Q8R3B1	#7597f6	W10
UNIPROT:G5DDB7	#7597f6	W10
UNIPROT:Q8VCH0	#3b4cc0	W10
UNIPROT:Q3UKM0	#3b4cc0	W10
UNIPROT:Q921H8	#5e7de7	W10
UNIPROT:Q3TNA1	#b40426	W10
UNIPROT:Q3TMS3	#b40426	W10
UNIPROT:Q8BFW6	#b40426	W10
UNIPROT:P09240	#de614d	W10
UNIPROT:Q8R041	#de614d	W10
UNIPROT:P97751	#b40426	W10
UNIPROT:Q8VDC0	#b40426	W10
UNIPROT:Q9EP69	#c73635	W10
UNIPROT:Q8BZT7	#b40426	W10
UNIPROT:Q6AXH0	#b40426	W10
UNIPROT:P59644	#d85646	W10
UNIPROT:Q8K296	#d85646	W10
UNIPROT:B1ATD5	#d85646	W10
UNIPROT:Q80U24	#d85646	W10
UNIPROT:Q8R1I1	#b3cdfb	W10
UNIPROT:Q5NCJ9	#b3cdfb	W10
UNIPROT:O70250	#eb7d62	W10
UNIPROT:Q5NCI4	#eb7d62	W10
UNIPROT:P52792	#3b4cc0	W10
UNIPROT:Q5SVI5	#3b4cc0	W10
UNIPROT:Q5SVI6	#3b4cc0	W10
UNIPROT:P28652	#f6a586	W10
UNIPROT:Q5SVI0	#f6a586	W10
UNIPROT:Q5SVI2	#f6a586	W10
UNIPROT:Q5SVJ0	#f6a586	W10
UNIPROT:Q5SVJ1	#f6a586	W10
UNIPROT:Q68EG2	#f6a586	W10
UNIPROT:Q8BL41	#f6a586	W10
UNIPROT:O88444	#e7745b	W10
UNIPROT:O88533	#f6a385	W10
UNIPROT:Q5SUV8	#f6a385	W10
UNIPROT:Q63810	#3b4cc0	W10
UNIPROT:Q91ZJ5	#97b8ff	W10
UNIPROT:Q3U548	#97b8ff	W10
UNIPROT:P14152	#7da0f9	W10
UNIPROT:A0A5F8MPN8	#7da0f9	W10
UNIPROT:Q9CQG1	#e1dad6	W10
UNIPROT:Q8R2W9	#e67259	W10
UNIPROT:Q5SXA7	#e67259	W10
UNIPROT:Q9D0I9	#5470de	W10
UNIPROT:Q99LB6	#e6d7cf	W10
UNIPROT:P22723	#e57058	W10
UNIPROT:P62812	#b40426	W10
UNIPROT:Q3URD4	#b40426	W10
UNIPROT:Q544F7	#b40426	W10
UNIPROT:P63137	#b40426	W10
UNIPROT:Q9DBL0	#b40426	W10
UNIPROT:Q9Z2Z9	#445acc	W10
UNIPROT:Q3V0X4	#445acc	W10
UNIPROT:Q9WTU6	#d95847	W10
UNIPROT:Q5NCK8	#d95847	W10
UNIPROT:Q8C094	#d95847	W10
UNIPROT:Q60932	#adc9fd	W10
UNIPROT:Q9CQ69	#4c66d6	W10
UNIPROT:Q60716	#f08b6e	W10
UNIPROT:Q3UQ81	#f08b6e	W10
UNIPROT:Q5SX74	#f08b6e	W10
UNIPROT:Q5SX75	#f08b6e	W10
UNIPROT:P46412	#d5dbe5	W10
UNIPROT:Q64018	#e4d9d2	W10
UNIPROT:Q5NCT9	#e4d9d2	W10
UNIPROT:P23818	#b40426	W10
UNIPROT:F6YNQ1	#b40426	W10
UNIPROT:Q7TNB5	#b40426	W10
UNIPROT:Q64520	#9dbdff	W10
UNIPROT:E9Q7K1	#9dbdff	W10
UNIPROT:Q8VCE6	#96b7ff	W10
UNIPROT:Q61907	#8db0fe	W10
UNIPROT:P50431	#3c4ec2	W10
UNIPROT:P47739	#f2c9b4	W10
UNIPROT:Q3UNF5	#f2c9b4	W10
UNIPROT:P47740	#c43032	W10
UNIPROT:B1AV77	#c43032	W10
UNIPROT:Q8CFY5	#f7b093	W10
UNIPROT:Q3U3N1	#f7b093	W10
UNIPROT:Q3UDN4	#f7b093	W10
UNIPROT:Q99KS6	#efcebd	W10
UNIPROT:Q5IXF8	#b40426	W10
UNIPROT:A0A158RFU9	#b40426	W10
UNIPROT:Q5SW28	#b40426	W10
UNIPROT:A1A4T4	#b40426	W10
UNIPROT:Q3U6Q4	#b40426	W10
UNIPROT:Q5SUR0	#d6dce4	W10
UNIPROT:P52785	#b40426	W10
UNIPROT:P14231	#f29274	W10
UNIPROT:Q3UR55	#f29274	W10
UNIPROT:Q6P8J2	#b7cff9	W10
UNIPROT:A0A158SIT0	#b7cff9	W10
UNIPROT:Q9DCD6	#3b4cc0	W10
UNIPROT:P97813	#3b4cc0	W10
UNIPROT:Q3UNY4	#3b4cc0	W10
UNIPROT:Q5SXG5	#3b4cc0	W10
UNIPROT:Q6NV49	#3b4cc0	W10
UNIPROT:Q80ZW1	#3b4cc0	W10
UNIPROT:Q9QZX7	#f39475	W10
UNIPROT:Q8C5L6	#dfdbd9	W10
UNIPROT:Q5ND43	#dfdbd9	W10
UNIPROT:Q9D826	#3e51c5	W10
UNIPROT:Q3UEJ8	#3e51c5	W10
UNIPROT:P05063	#5f7fe8	W10
UNIPROT:O54949	#b40426	W10
UNIPROT:Q3TV73	#b40426	W10
UNIPROT:Q64444	#b40426	W10
UNIPROT:Q91XS1	#d85646	W10
UNIPROT:Q9R1C6	#b40426	W10
UNIPROT:Q6P8I6	#e9d5cb	W10
UNIPROT:Q01768	#3b4cc0	W10
UNIPROT:Q5NC82	#3b4cc0	W10
UNIPROT:P15532	#3b4cc0	W10
UNIPROT:Q5NC81	#3b4cc0	W10
UNIPROT:Q9CR84	#3b4cc0	W10
UNIPROT:Q80XI4	#f7b396	W10
UNIPROT:Q3UJ95	#f7b396	W10
UNIPROT:Q60829	#c12b30	W10
UNIPROT:P40935	#3b4cc0	W10
UNIPROT:Q0VB50	#3b4cc0	W10
UNIPROT:P63058	#5e7de7	W10
UNIPROT:Q3UFY7	#3b4cc0	W10
UNIPROT:O55241	#d44e41	W10
UNIPROT:Q547R2	#d44e41	W10
UNIPROT:P42227	#b40426	W10
UNIPROT:Q3ULI4	#b40426	W10
UNIPROT:Q6GU23	#b40426	W10
UNIPROT:Q9Z1G4	#b40426	W10
UNIPROT:Q3TXT5	#b40426	W10
UNIPROT:Q3TY98	#b40426	W10
UNIPROT:Q9DBL7	#4257c9	W10
UNIPROT:Q812C9	#b40426	W10
UNIPROT:Q6NSQ9	#c7d7f0	W10
UNIPROT:Q8K2J0	#ec8165	W10
UNIPROT:P35347	#e0dbd8	W10
UNIPROT:K9J9G1	#e0dbd8	W10
UNIPROT:Q0VGH2	#e0dbd8	W10
UNIPROT:Q3ZAT0	#e0dbd8	W10
UNIPROT:P27601	#e0dbd8	W10
UNIPROT:Q3UE40	#e0dbd8	W10
UNIPROT:Q8K086	#e0dbd8	W10
UNIPROT:Q9D034	#e0dbd8	W10
UNIPROT:Q8K441	#f7b89c	W10
UNIPROT:Q8K448	#b40426	W10
UNIPROT:Q04887	#de614d	W10
UNIPROT:P30875	#bbd1f8	W10
UNIPROT:Q9DCX2	#3b4cc0	W10
UNIPROT:Q9JM14	#4b64d5	W10
UNIPROT:A2A9X5	#4b64d5	W10
UNIPROT:Q60631	#bfd3f6	W10
UNIPROT:Q3U1Q4	#bfd3f6	W10
UNIPROT:Q3U5I5	#bfd3f6	W10
UNIPROT:Q9R0H0	#f18d6f	W10
UNIPROT:P04184	#9fbfff	W10
UNIPROT:Q6XPS7	#cad8ef	W10
UNIPROT:Q8BHF7	#c3d5f4	W10
UNIPROT:B9EKS7	#c3d5f4	W10
UNIPROT:Q8VCF1	#c6d6f1	W10
UNIPROT:Q922E4	#a5c3fe	W10
UNIPROT:A2ABY3	#a5c3fe	W10
UNIPROT:Q3USD5	#a5c3fe	W10
UNIPROT:Q8BKJ9	#a2c1ff	W10
UNIPROT:Q922W5	#3b4cc0	W10
UNIPROT:Q3UTR5	#3b4cc0	W10
UNIPROT:P60764	#3b4cc0	W10
UNIPROT:Q14A12	#3b4cc0	W10
UNIPROT:Q91X52	#3b4cc0	W10
UNIPROT:A2AC16	#3b4cc0	W10
UNIPROT:Q9WUA3	#e16751	W10
UNIPROT:Q8C605	#e16751	W10
UNIPROT:Q9ERZ3	#b40426	W10
UNIPROT:Q542R4	#b40426	W10
UNIPROT:E9Q401	#b40426	W10
UNIPROT:Q60835	#b40426	W10
UNIPROT:Q80ZZ5	#b40426	W10
UNIPROT:A6H5Y3	#b40426	W10
UNIPROT:Q61602	#f6a385	W10
UNIPROT:B2RUG4	#f6a385	W10
UNIPROT:Q3TYX7	#f6a385	W10
UNIPROT:Q8BWF0	#f49a7b	W10
UNIPROT:B2RS41	#f49a7b	W10
UNIPROT:Q8BH98	#3b4cc0	W10
UNIPROT:Q9CR68	#3b4cc0	W10
UNIPROT:Q99M01	#b50927	W10
UNIPROT:G3X9Q4	#b50927	W10
UNIPROT:Q8BW46	#b50927	W10
UNIPROT:Q9JLJ4	#3c4ec2	W10
UNIPROT:A0A0R4J1P7	#3c4ec2	W10
UNIPROT:Q543J1	#3c4ec2	W10
UNIPROT:Q8K2C6	#b6cefa	W10
UNIPROT:A0A1Y7VM56	#b6cefa	W10
UNIPROT:Q9DCZ1	#f39475	W10
UNIPROT:Q6P1C1	#dd5f4b	W10
UNIPROT:A0A217FL54	#dd5f4b	W10
UNIPROT:Q8BU30	#f6bfa6	W10
UNIPROT:Q9Z0U9	#b40426	W10
UNIPROT:Q9R0S0	#3b4cc0	W10
UNIPROT:Q61616	#f7b89c	W10
UNIPROT:Q8R0J8	#aec9fc	W10
UNIPROT:D3Z4J6	#aec9fc	W10
UNIPROT:Q61115	#b40426	W10
UNIPROT:Q3TQB0	#b40426	W10
UNIPROT:Q3UUD4	#b40426	W10
UNIPROT:Q5R252	#b40426	W10
UNIPROT:Q9CQB4	#3b4cc0	W10
UNIPROT:Q99LH2	#d6dce4	W10
UNIPROT:Q3V1Q3	#b40426	W10
UNIPROT:P52503	#445acc	W10
UNIPROT:Q3TFD2	#dbdcde	W10
UNIPROT:Q8K2B3	#f1cdba	W10
UNIPROT:Q8CFN5	#a7c5fe	W10
UNIPROT:A0A0G2JEC2	#a7c5fe	W10
UNIPROT:A0A0H2UH28	#a7c5fe	W10
UNIPROT:A0A0H2UKB6	#a7c5fe	W10
UNIPROT:Q3V1B5	#a7c5fe	W10
UNIPROT:P17665	#7396f5	W10
UNIPROT:Q9Z2Y3	#b40426	W10
UNIPROT:Q3UVL6	#b40426	W10
UNIPROT:Q5D052	#b40426	W10
UNIPROT:Q9DBT9	#f18d6f	W10
UNIPROT:E9PX38	#b40426	W10
UNIPROT:E9PXX4	#b40426	W10
UNIPROT:E9PYP0	#b40426	W10
UNIPROT:E9Q8J6	#b40426	W10
UNIPROT:Q8BI47	#b40426	W10
UNIPROT:P30558	#3b4cc0	W10
UNIPROT:O08675	#e8765c	W10
UNIPROT:Q8VCP8	#7ea1fa	W10
UNIPROT:P24860	#b40426	W10
UNIPROT:Q3TQW9	#b40426	W10
UNIPROT:P26450	#ead5c9	W10
UNIPROT:Q3TP23	#ead5c9	W10
UNIPROT:Q80UI5	#ead5c9	W10
UNIPROT:Q8C7P2	#ead5c9	W10
UNIPROT:Q9D2Y9	#b40426	W10
UNIPROT:Q01063	#b40426	W10
UNIPROT:A2RSH1	#b40426	W10
UNIPROT:A6XDA7	#b40426	W10
UNIPROT:A6XDB0	#b40426	W10
UNIPROT:B2KF84	#b40426	W10
UNIPROT:E9PVU7	#b40426	W10
UNIPROT:P53351	#445acc	W10
UNIPROT:Q3TV29	#445acc	W10
UNIPROT:Q548A9	#445acc	W10
UNIPROT:Q61469	#90b2fe	W10
UNIPROT:Q9CXZ1	#799cf8	W10
UNIPROT:E9QPX3	#799cf8	W10
UNIPROT:Q8JZK9	#3b4cc0	W10
UNIPROT:O88508	#b40426	W10
UNIPROT:P01193	#e5d8d1	W10
UNIPROT:Q8VHH7	#c12b30	W10
UNIPROT:B8JK56	#c12b30	W10
UNIPROT:Q80TY9	#c12b30	W10
UNIPROT:Q91ZP3	#e36c55	W10
UNIPROT:A0A1Y7VLN4	#e36c55	W10
UNIPROT:A0A5F8MQ53	#e36c55	W10
UNIPROT:E9QKQ5	#e36c55	W10
UNIPROT:Q8CD95	#e36c55	W10
UNIPROT:P70310	#3b4cc0	W10
UNIPROT:P70336	#b40426	W10
UNIPROT:F8VPK5	#b40426	W10
UNIPROT:Q3TR46	#b40426	W10
UNIPROT:Q99L60	#6788ee	W10
UNIPROT:P00860	#6a8bef	W10
UNIPROT:P11157	#3b4cc0	W10
UNIPROT:Q8R3I2	#d55042	W10
UNIPROT:Q8BN01	#d55042	W10
UNIPROT:Q3U5Q7	#f39475	W10
UNIPROT:Q9JHX6	#a6c4fe	W10
UNIPROT:Q32MW4	#a6c4fe	W10
UNIPROT:Q99JT9	#b40426	W10
UNIPROT:Q9D358	#779af7	W10
UNIPROT:Q4VAI2	#779af7	W10
UNIPROT:Q561M1	#779af7	W10
UNIPROT:O08749	#b3cdfb	W10
UNIPROT:Q99KQ4	#f6bfa6	W10
UNIPROT:Q6NS52	#b40426	W10
UNIPROT:Q60987	#3b4cc0	W10
UNIPROT:Q3V1Q8	#3b4cc0	W10
UNIPROT:Q9Z1E3	#799cf8	W10
UNIPROT:P30873	#779af7	W10
UNIPROT:Q543T0	#779af7	W10
UNIPROT:Q02384	#b40426	W10
UNIPROT:A0A0A0MQ87	#b40426	W10
UNIPROT:Q91YP0	#e36b54	W10
UNIPROT:Q9CXA2	#3b4cc0	W10
UNIPROT:P57746	#89acfd	W10
UNIPROT:Q3U861	#89acfd	W10
UNIPROT:O08691	#3b4cc0	W10
UNIPROT:S4R2P9	#b40426	W10
UNIPROT:E9PX50	#b40426	W10
UNIPROT:Q3UTP5	#b40426	W10
UNIPROT:Q8BXN1	#b40426	W10
UNIPROT:Q9QYR9	#ec8165	W10
UNIPROT:Q6P2K2	#ec8165	W10
UNIPROT:O55137	#6788ee	W10
UNIPROT:Q8R1S0	#86a9fc	W10
UNIPROT:Q9WUZ9	#f7a889	W10
UNIPROT:Q3TQC7	#f7a889	W10
UNIPROT:Q9EQ20	#ee8468	W10
UNIPROT:Q8K0L1	#ee8468	W10
UNIPROT:O89016	#f7b599	W10
UNIPROT:P01101	#3b4cc0	W10
UNIPROT:Q3TRQ9	#b40426	W10
UNIPROT:Q91YU7	#b40426	W10
UNIPROT:Q9WVL0	#f5c4ac	W10
UNIPROT:A0A1Y7VNC1	#f5c4ac	W10
UNIPROT:Q9JJA0	#f5c4ac	W10
UNIPROT:P47750	#a6c4fe	W10
UNIPROT:Q78U67	#a6c4fe	W10
UNIPROT:P0DP26	#5470de	W10
UNIPROT:P0DP27	#5470de	W10
UNIPROT:P0DP28	#5470de	W10
UNIPROT:Q3UKW2	#5470de	W10
UNIPROT:Q8BYN3	#7ea1fa	W10
UNIPROT:P32921	#e0dbd8	W10
UNIPROT:Q3U6U7	#e0dbd8	W10
UNIPROT:Q04447	#dadce0	W10
UNIPROT:P28650	#b40426	W10
UNIPROT:Q3UBP0	#b40426	W10
UNIPROT:P31750	#abc8fd	W10
UNIPROT:P16882	#b40426	W10
UNIPROT:Q3UNY8	#b40426	W10
UNIPROT:Q3UP14	#b40426	W10
UNIPROT:Q9D0K2	#c0d4f5	W10
UNIPROT:Q5EG47	#ee8669	W10
UNIPROT:Q3TUQ7	#ee8669	W10
UNIPROT:Q8BUX6	#ee8669	W10
UNIPROT:P32240	#f3c8b2	W10
UNIPROT:Q91VE4	#f3c8b2	W10
UNIPROT:Q8C5H8	#f7ad90	W10
UNIPROT:Q9CUB4	#f7ad90	W10
UNIPROT:Q9Z0Z3	#f5c0a7	W10
UNIPROT:A0A087WQ11	#f5c0a7	W10
UNIPROT:Q569Z9	#f5c0a7	W10
UNIPROT:Q08501	#b40426	W10
UNIPROT:G3UVW6	#b40426	W10
UNIPROT:Q3TNP6	#b40426	W10
UNIPROT:Q8C5N1	#b40426	W10
UNIPROT:Q9D0R2	#5f7fe8	W10
UNIPROT:Q9CPQ1	#5977e3	W10
UNIPROT:Q6PEE3	#b40426	W10
UNIPROT:Q9Z1G3	#f7b89c	W10
UNIPROT:P21761	#f39778	W10
UNIPROT:Q32MS1	#f39778	W10
UNIPROT:Q9CPU7	#b40426	W10
UNIPROT:Q9CQJ8	#3e51c5	W10
UNIPROT:P97490	#b40426	W10
UNIPROT:A0A2I3BQ46	#b40426	W10
UNIPROT:Q3UUN2	#b40426	W10
UNIPROT:P0DP60	#b40426	W10
UNIPROT:Q8CC86	#b7cff9	W10
UNIPROT:Q9DCC4	#3b4cc0	W10
UNIPROT:Q8K010	#ead4c8	W10
UNIPROT:Q9D0M3	#3b4cc0	W10
UNIPROT:Q8QZR5	#ead5c9	W10
UNIPROT:Q566C3	#ead5c9	W10
UNIPROT:P52196	#3b4cc0	W10
UNIPROT:Q545S0	#3b4cc0	W10
UNIPROT:Q99J99	#3b4cc0	W10
UNIPROT:P30935	#b40426	W10
UNIPROT:P97819	#f7b194	W10
UNIPROT:Q3U613	#f7b194	W10
UNIPROT:Q3UN31	#f7b194	W10
UNIPROT:Q9JMK2	#a9c6fd	W10
UNIPROT:Q3TYE1	#a9c6fd	W10
UNIPROT:Q06507	#ead5c9	W10
UNIPROT:Q8CF69	#ead5c9	W10
UNIPROT:P54822	#7295f4	W10
UNIPROT:Q8JZL2	#b40426	W10
UNIPROT:B2RWS6	#b40426	W10
UNIPROT:Q8BJ14	#b40426	W10
UNIPROT:Q9CQZ5	#5f7fe8	W10
UNIPROT:P50637	#a9c6fd	W10
UNIPROT:P23204	#f7a98b	W10
UNIPROT:Q542P9	#f7a98b	W10
UNIPROT:O08911	#eb7d62	W10
UNIPROT:Q9WUI1	#ec8165	W10
UNIPROT:Q61285	#b40426	W10
UNIPROT:Q8VCC8	#3b4cc0	W10
UNIPROT:E9Q2E5	#3b4cc0	W10
UNIPROT:Q3TES7	#3b4cc0	W10
UNIPROT:Q3UQC2	#3b4cc0	W10
UNIPROT:P47857	#c5d6f2	W10
UNIPROT:Q01341	#c73635	W10
UNIPROT:A0A2I3BRC5	#c73635	W10
UNIPROT:F8VQ52	#c73635	W10
UNIPROT:O54950	#cad8ef	W10
UNIPROT:Q3TWR3	#cad8ef	W10
UNIPROT:P13707	#b40426	W10
UNIPROT:Q9DBE0	#b40426	W10
UNIPROT:A0A2R8VHX0	#b40426	W10
UNIPROT:P56383	#799cf8	W10
UNIPROT:Q01065	#b40426	W10
UNIPROT:A0A2I3BPC1	#b40426	W10
UNIPROT:Q6PDS5	#b40426	W10
UNIPROT:Q9DBS6	#b40426	W10
UNIPROT:A0A0U1RQB6	#bb1b2c	W10
UNIPROT:F8VPR5	#bb1b2c	W10
UNIPROT:Q6GQV9	#bb1b2c	W10
UNIPROT:P51830	#b40426	W10
UNIPROT:E9Q706	#b40426	W10
UNIPROT:O70252	#6b8df0	W10
UNIPROT:Q544R7	#6b8df0	W10
UNIPROT:P61922	#b40426	W10
UNIPROT:Q6A4J8	#ec8165	W10
UNIPROT:E9PXY8	#ec8165	W10
UNIPROT:F8VPX1	#ec8165	W10
UNIPROT:P35436	#b40426	W10
UNIPROT:O35379	#b40426	W10
UNIPROT:A5D6P3	#b40426	W10
UNIPROT:Q8BYL4	#7093f3	W10
UNIPROT:Q8BJJ2	#7093f3	W10
UNIPROT:P63085	#b40426	W10
UNIPROT:E9Q3L2	#b40426	W10
UNIPROT:A0A140T8I9	#b40426	W10
UNIPROT:A0A1S6GWJ7	#b40426	W10
UNIPROT:Q9WU79	#b40426	W10
UNIPROT:O88587	#cad8ef	W10
UNIPROT:Q9R1X5	#cb3e38	W10
UNIPROT:Q6P8Q2	#cb3e38	W10
UNIPROT:Q91WG7	#b40426	W10
UNIPROT:Q570Z5	#b40426	W10
UNIPROT:Q8C413	#b40426	W10
UNIPROT:P60041	#f7a98b	W10
UNIPROT:Q545V6	#f7a98b	W10
UNIPROT:P41183	#d55042	W10
UNIPROT:Q544F9	#d55042	W10
UNIPROT:Q80XN0	#3b4cc0	W10
UNIPROT:P49586	#f6a385	W10
UNIPROT:P13439	#799cf8	W10
UNIPROT:Q544K9	#799cf8	W10
UNIPROT:B1B1A8	#b40426	W10
UNIPROT:Q9D3B1	#d7dce3	W10
UNIPROT:P84309	#f6bea4	W10
UNIPROT:Q9CQC7	#3b4cc0	W10
UNIPROT:Q6PCP7	#f7b79b	W10
UNIPROT:A0A0R4J0P3	#f7b79b	W10
UNIPROT:P56394	#f4c5ad	W10
UNIPROT:Q54AC6	#f4c5ad	W10
UNIPROT:P50516	#b40426	W10
UNIPROT:Q9JHW2	#3b4cc0	W10
UNIPROT:P36552	#e0654f	W10
UNIPROT:Q02284	#b40426	W10
UNIPROT:Q543V2	#b40426	W10
UNIPROT:P97450	#6c8ff1	W10
UNIPROT:A0A2I3BPT2	#b40426	W10
UNIPROT:A0A2I3BQM2	#b40426	W10
UNIPROT:Q3UZT1	#b40426	W10
UNIPROT:Q8BQZ0	#b40426	W10
UNIPROT:Q8BRT2	#b40426	W10
UNIPROT:Q8C825	#b40426	W10
UNIPROT:E9Q1R7	#b40426	W10
UNIPROT:G3UWG2	#b40426	W10
UNIPROT:Q3UHH6	#b40426	W10
UNIPROT:Q3UVX2	#b40426	W10
UNIPROT:Q6P1D6	#b40426	W10
UNIPROT:D3Z656	#b40426	W10
UNIPROT:E9Q7S0	#b40426	W10
UNIPROT:Q64737	#89acfd	W10
UNIPROT:Q9DB20	#3b4cc0	W10
UNIPROT:Q9D2G5	#b40426	W10
UNIPROT:D3YZB2	#b40426	W10
UNIPROT:E9Q4P5	#b40426	W10
UNIPROT:F8WHD8	#b40426	W10
UNIPROT:Q3TTB3	#b40426	W10
UNIPROT:Q8CA95	#b40426	W10
UNIPROT:A0A384DV92	#b40426	W10
UNIPROT:Q7TPG2	#b40426	W10
UNIPROT:Q8K4X7	#9abbff	W10
UNIPROT:P30554	#f1cdba	W10
UNIPROT:Q0VB49	#f1cdba	W10
UNIPROT:Q8CAY6	#3b4cc0	W10
UNIPROT:P09671	#4a63d3	W10
UNIPROT:Q4FJX9	#4a63d3	W10
UNIPROT:Q9Z2A0	#b40426	W10
UNIPROT:F2Z3X6	#b40426	W10
UNIPROT:Q3TRL2	#b40426	W10
UNIPROT:Q3UGN6	#b40426	W10
UNIPROT:Q3UHZ0	#b40426	W10
UNIPROT:E9PX95	#b40426	W10
UNIPROT:Q8R420	#ecd3c5	W10
UNIPROT:Q3TN91	#ecd3c5	W10
UNIPROT:Q6AXE3	#ecd3c5	W10
UNIPROT:Q9DCS9	#6a8bef	W10
UNIPROT:Q8R0F8	#93b5fe	W10
UNIPROT:Q9WV85	#a2c1ff	W10
UNIPROT:O08858	#5470de	W10
UNIPROT:Q9WV84	#85a8fc	W10
UNIPROT:Q9CQD8	#a9c6fd	W10
UNIPROT:P70227	#f18f71	W10
UNIPROT:Q68EF4	#e0654f	W10
UNIPROT:A0A140T8R6	#e0654f	W10
UNIPROT:G3XA00	#e0654f	W10
UNIPROT:P47811	#b40426	W10
UNIPROT:Q5U421	#b40426	W10
UNIPROT:P39689	#f1ccb8	W10
UNIPROT:Q564P6	#f1ccb8	W10
UNIPROT:Q64343	#b40426	W10
UNIPROT:Q0VDW9	#b40426	W10
UNIPROT:O70628	#c6d6f1	W10
UNIPROT:D3Z408	#c6d6f1	W10
UNIPROT:Q8BSU4	#c6d6f1	W10
UNIPROT:Q8BK30	#3b4cc0	W10
UNIPROT:Q3U422	#3b4cc0	W10
UNIPROT:Q9Z1P6	#4055c8	W10
UNIPROT:P21958	#e26952	W10
UNIPROT:Q3TBA3	#e26952	W10
UNIPROT:Q3U6V4	#e26952	W10
UNIPROT:P36371	#b40426	W10
UNIPROT:Q792S7	#b40426	W10
UNIPROT:O35083	#e7745b	W10
UNIPROT:A0A0R4J263	#e7745b	W10
UNIPROT:A0A0A0MQ69	#506bda	W10
UNIPROT:Q3UJ07	#506bda	W10
UNIPROT:Q9Z1Q9	#3b4cc0	W10
UNIPROT:Q790I0	#3b4cc0	W10
UNIPROT:Q9WTT4	#b70d28	W10
UNIPROT:G5E923	#b70d28	W10
UNIPROT:Q54A87	#b70d28	W10
UNIPROT:Q3U2A8	#e0dbd8	W10
UNIPROT:Q9WV18	#d75445	W10
UNIPROT:Q8BTJ4	#f7aa8c	W10
UNIPROT:Q14CH7	#d2dbe8	W10
UNIPROT:Q8R4P9	#cb3e38	W10
UNIPROT:Q9JM73	#f7ad90	W10
UNIPROT:Q9QXF8	#b40426	W10
UNIPROT:G5E814	#3b4cc0	W10
UNIPROT:Q9D6J6	#3b4cc0	W10
UNIPROT:Q3UN02	#b40426	W10
UNIPROT:B0V2Q7	#b40426	W10
UNIPROT:Q62245	#b40426	W10
UNIPROT:Q3USK4	#b40426	W10
UNIPROT:P70414	#b40426	W10
UNIPROT:A0A3Q4EBU5	#b40426	W10
UNIPROT:G3X9J1	#b40426	W10
UNIPROT:Q27PY9	#b40426	W10
UNIPROT:Q68FL0	#b40426	W10
UNIPROT:Q61387	#a1c0ff	W10
UNIPROT:E9PZS8	#a1c0ff	W10
UNIPROT:Q3UDK5	#a1c0ff	W10
UNIPROT:P16054	#b40426	W10
UNIPROT:P0DP26	#6a8bef	W10
UNIPROT:P0DP27	#6a8bef	W10
UNIPROT:P0DP28	#6a8bef	W10
UNIPROT:O70176	#b5cdfa	W10
UNIPROT:Q3UYH8	#b5cdfa	W10
UNIPROT:Q8BJT8	#b5cdfa	W10
UNIPROT:P70335	#b40426	W10
UNIPROT:Q3UE22	#b40426	W10
UNIPROT:Q6PF93	#f7b497	W10
UNIPROT:Q8BGR3	#b40426	W10
UNIPROT:Q9CQ75	#b7cff9	W10
UNIPROT:Q61035	#5572df	W10
UNIPROT:Q99KK9	#a5c3fe	W10
UNIPROT:G5E823	#a5c3fe	W10
UNIPROT:P06537	#b40426	W10
UNIPROT:Q8BMJ2	#edd1c2	W10
UNIPROT:Q7TSZ3	#edd1c2	W10
UNIPROT:P60334	#3b4cc0	W10
UNIPROT:Q9CQY1	#e0dbd8	W10
UNIPROT:P51660	#d8dce2	W10
UNIPROT:Q9DBF1	#ead5c9	W10
UNIPROT:P11798	#b40426	W10
UNIPROT:F8WHB5	#b40426	W10
UNIPROT:F8WIS9	#b40426	W10
UNIPROT:Q4QRK2	#bad0f8	W10
UNIPROT:Q544X6	#bad0f8	W10
UNIPROT:Q8BP47	#b5cdfa	W10
UNIPROT:A0A498WGK2	#b5cdfa	W10
UNIPROT:Q8R1I2	#3b4cc0	W10
UNIPROT:P56450	#3b4cc0	W10
UNIPROT:Q91UZ5	#f0cdbb	W10
UNIPROT:Q3U3B7	#f0cdbb	W10
UNIPROT:P97471	#c53334	W10
UNIPROT:Q03265	#6a8bef	W10
UNIPROT:Q9D1A2	#4055c8	W10
UNIPROT:O54804	#f59f80	W10
UNIPROT:Q9JHF5	#3b4cc0	W10
UNIPROT:Q8K3J1	#3b4cc0	W10
UNIPROT:Q3UY05	#3b4cc0	W10
UNIPROT:Q5M9P5	#3b4cc0	W10
UNIPROT:E9Q3E1	#3b4cc0	W10
UNIPROT:Q91YT0	#3b4cc0	W10
UNIPROT:P19157	#3b4cc0	W10
UNIPROT:E9PX09	#d44e41	W10
UNIPROT:P62137	#3b4cc0	W10
UNIPROT:Q04207	#bad0f8	W10
UNIPROT:Q548Y4	#bad0f8	W10
UNIPROT:Q61337	#6e90f2	W10
UNIPROT:Q3U9H3	#6e90f2	W10
UNIPROT:P51432	#6384eb	W10
UNIPROT:Q8CI86	#6384eb	W10
UNIPROT:Q64445	#e8d6cc	W10
UNIPROT:P12657	#b40426	W10
UNIPROT:Q8C0M9	#a2c1ff	W10
UNIPROT:Q9Z0R9	#8db0fe	W10
UNIPROT:Q920L1	#d5dbe5	W10
UNIPROT:Q99K85	#9dbdff	W10
UNIPROT:Q3U6K9	#9dbdff	W10
UNIPROT:Q543K5	#9dbdff	W10
UNIPROT:P21279	#d65244	W10
UNIPROT:Q3UHH5	#d65244	W10
UNIPROT:Q8CFV9	#e0dbd8	W10
UNIPROT:Q91W63	#f2cbb7	W10
UNIPROT:Q80UY1	#f7b396	W10
UNIPROT:Q9R111	#b40426	W10
UNIPROT:D3YU09	#b40426	W10
UNIPROT:Q548F2	#b40426	W10
UNIPROT:O35943	#7396f5	W10
UNIPROT:Q3TV21	#7396f5	W10
UNIPROT:P70181	#b40426	W10
UNIPROT:Q9WTP7	#e9d5cb	W10
UNIPROT:P0C605	#b40426	W10
UNIPROT:Q8BND1	#b40426	W10
UNIPROT:Q9Z2L6	#e2dad5	W10
UNIPROT:O08586	#b40426	W10
UNIPROT:A0A6G7SF19	#b40426	W10
UNIPROT:Q3UUT8	#b40426	W10
UNIPROT:Q8K4K6	#e36c55	W10
UNIPROT:Q543J7	#e36c55	W10
UNIPROT:P32304	#d55042	W10
UNIPROT:B6VJS3	#d55042	W10
UNIPROT:Q91ZQ1	#edd1c2	W10
UNIPROT:Q8K4S1	#b40426	W10
UNIPROT:Q9Z110	#d9dce1	W10
UNIPROT:P55772	#b40426	W10
UNIPROT:Q544U5	#b40426	W10
UNIPROT:Q8CDV7	#b40426	W10
UNIPROT:Q9DBJ1	#b9d0f9	W10
UNIPROT:Q3U7Z6	#b9d0f9	W10
UNIPROT:Q9DCU9	#3b4cc0	W10
UNIPROT:Q2TBE6	#b40426	W10
UNIPROT:P05201	#ea7b60	W10
UNIPROT:Q8BJ03	#afcafc	W10
UNIPROT:E9Q605	#e8d6cc	W10
UNIPROT:E9QNL4	#e8d6cc	W10
UNIPROT:Q3TPN9	#e8d6cc	W10
UNIPROT:Q3UDK0	#e8d6cc	W10
UNIPROT:Q8CBT3	#e8d6cc	W10
UNIPROT:Q99PL7	#f39577	W10
UNIPROT:P13011	#c0d4f5	W10
UNIPROT:P13516	#9fbfff	W10
UNIPROT:Q547C4	#9fbfff	W10
UNIPROT:Q9D6J5	#3b4cc0	W10
UNIPROT:Q3V406	#3b4cc0	W10
UNIPROT:Q3V1L4	#f4c6af	W10
UNIPROT:A0A494B9X3	#f4c6af	W10
UNIPROT:E9Q9M1	#f4c6af	W10
UNIPROT:O09131	#3b4cc0	W10
UNIPROT:Q8K2Q2	#b40426	W10
UNIPROT:Q8BW12	#b40426	W10
UNIPROT:Q9D2S1	#b40426	W10
UNIPROT:Q01338	#b40426	W10
UNIPROT:Q61586	#b40426	W10
UNIPROT:Q6TL19	#e8765c	W10
UNIPROT:P34971	#b40426	W10
C00022	#dedcdb	W15
C00041	#ead4c8	W15
C00213	#3b4cc0	W15
C00186	#cad8ef	W15
C00116	#d44e41	W15
C01026	#3b4cc0	W15
C00334	#f29274	W15
C01089	#6282ea	W15
C00065	#f4c6af	W15
C00519	#3b4cc0	W15
C00106	#efcebd	W15
C00791	#f7ba9f	W15
C00148	#8db0fe	W15
C00581	#3b4cc0	W15
C00719	#5572df	W15
C00188	#9dbdff	W15
C00263	#5e7de7	W15
C00153	#b40426	W15
C00245	#b9d0f9	W15
C01879	#e46e56	W15
C02714	#3b4cc0	W15
C01157	#3b4cc0	W15
C00123	#b9d0f9	W15
C00407	#b7cff9	W15
C00152	#9ebeff	W15
C00077	#3b4cc0	W15
C00049	#f7b599	W15
C00262	#f7b89c	W15
C00064	#f7af91	W15
C00047	#d1dae9	W15
C00025	#df634e	W15
C00979	#d4dbe6	W15
C00073	#d2dbe8	W15
C00242	#f6bda2	W15
C00385	#c83836	W15
C00295	#7ea1fa	W15
C02989	#d9dce1	W15
C00079	#efcebd	W15
C00366	#b40426	W15
C01152	#94b6ff	W15
C00111	#f7b89c	W15
C00093	#ba162b	W15
C03771	#c5d6f2	W15
C00062	#eb7d62	W15
C00327	#3b4cc0	W15
C00072	#c3d5f4	W15
C00082	#94b6ff	W15
C03964	#e2dad5	W15
C00158	#d3dbe7	W15
C00257	#3f53c6	W15
C00078	#82a6fb	W15
C02305	#5e7de7	W15
C02291	#3b4cc0	W15
C00386	#b40426	W15
C00881	#3d50c3	W15
C00199	#b40426	W15
C00214	#dddcdc	W15
C00475	#cad8ef	W15
C00299	#f7b093	W15
C00670	#b8122a	W15
C00103	#c0d4f5	W15
C00092	#ead4c8	W15
C00378	#f29072	W15
C00212	#b40426	W15
C00294	#d75445	W15
C00345	#f5c4ac	W15
C00387	#e46e56	W15
C05382	#5875e1	W15
C03406	#f7b093	W15
C00051	#ecd3c5	W15
C00364	#a3c2fe	W15
C00055	#88abfd	W15
C00105	#6a8bef	W15
C00020	#f7ad90	W15
C00130	#afcafc	W15
C00144	#ebd3c6	W15
C00255	#dedcdb	W15
C00021	#ebd3c6	W15
C00019	#94b6ff	W15
C00363	#779af7	W15
C00112	#93b5fe	W15
C02477	#f5c0a7	W15
C00035	#c6d6f1	W15
C00570	#f5c0a7	W15
C00063	#3b4cc0	W15
C00307	#ef886b	W15
C00002	#bad0f8	W15
C05122	#3b4cc0	W15
C00044	#cbd8ee	W15
C00029	#cbd8ee	W15
C00043	#a5c3fe	W15
C00127	#f7b99e	W15
C00005	#9fbfff	W15
C00010	#f39778	W15
C00016	#e36b54	W15
C00114	#f7b99e	W15
C02835	#3b4cc0	W15
C00300	#ecd3c5	W15
C05828	#ee8468	W15
C00346	#adc9fd	W15
C00532	#f5c0a7	W15
C00606	#3b4cc0	W15
C01042	#be242e	W15
C00620	#b40426	W15
C02067	#3b4cc0	W15
C01595	#f4c6af	W15
C01530	#dddcdc	W15
C00170	#9bbcff	W15
C12270	#8caffe	W15
C00219	#b40426	W15
C03242	#dddcdc	W15
C16525	#d3dbe7	W15
C06429	#e9785d	W15
C16513	#b3cdfb	W15
C16527	#f7a98b	W15
C01083	#92b4fe	W15
C00015	#3b4cc0	W15
C00008	#b1cbfc	W15
C00167	#5a78e4	W15
