UNIPROT:P97823	#b40426	W10
UNIPROT:Q8BVE3	#d6dce4	W10
UNIPROT:A0A0A6YX18	#d6dce4	W10
UNIPROT:Q9D881	#f7b79b	W10
UNIPROT:Q9EPW0	#d75445	W10
UNIPROT:A0A0R4J0Q2	#d75445	W10
UNIPROT:D3YUD3	#d75445	W10
UNIPROT:D3YUL8	#d75445	W10
UNIPROT:D3Z230	#d75445	W10
UNIPROT:E9Q9A0	#d75445	W10
UNIPROT:E9QAD0	#d75445	W10
UNIPROT:F6V2U0	#d75445	W10
UNIPROT:Q3UEQ1	#d75445	W10
UNIPROT:D3Z7P3	#d85646	W10
UNIPROT:P49442	#f6a385	W10
UNIPROT:Q8QZS1	#f1cdba	W10
UNIPROT:Q499X9	#b40426	W10
UNIPROT:Q3TYQ9	#d95847	W10
UNIPROT:Q9CQZ6	#8fb1fe	W10
UNIPROT:Q91VD9	#f59d7e	W10
UNIPROT:Q01147	#f08a6c	W10
UNIPROT:Q62347	#f08a6c	W10
UNIPROT:O88844	#6788ee	W10
UNIPROT:Q9Z1T6	#b40426	W10
UNIPROT:D3Z5N5	#b40426	W10
UNIPROT:Q8VEE0	#e7745b	W10
UNIPROT:B2KGF0	#e7745b	W10
UNIPROT:O89112	#b40426	W10
UNIPROT:E9Q876	#3b4cc0	W10
UNIPROT:Q9CWJ9	#f6bda2	W10
UNIPROT:Q8K3R3	#b40426	W10
UNIPROT:Q9WUA2	#cf453c	W10
UNIPROT:P35569	#f7a98b	W10
UNIPROT:Q543V3	#f7a98b	W10
UNIPROT:O55057	#ee8669	W10
UNIPROT:E9PUQ8	#de614d	W10
UNIPROT:Q99LC3	#e16751	W10
UNIPROT:P97930	#b40426	W10
UNIPROT:Q922B2	#f39577	W10
UNIPROT:Q8BJY7	#f39577	W10
UNIPROT:E9QAN8	#ee8468	W10
UNIPROT:Q6Q477	#b9d0f9	W10
UNIPROT:E9Q828	#b9d0f9	W10
UNIPROT:F7AAP4	#b9d0f9	W10
UNIPROT:O08849	#c83836	W10
UNIPROT:P15105	#e8765c	W10
UNIPROT:Q8BIP0	#f59d7e	W10
UNIPROT:O08709	#f6a283	W10
UNIPROT:D3Z0Y2	#f6a283	W10
UNIPROT:Q6GT24	#f6a283	W10
UNIPROT:Q3UMG6	#f1ccb8	W10
UNIPROT:Q8BUH2	#f1ccb8	W10
UNIPROT:P14094	#f6bfa6	W10
UNIPROT:Q99PM9	#ecd3c5	W10
UNIPROT:Q9JLJ2	#e57058	W10
UNIPROT:Q3U367	#e57058	W10
UNIPROT:Q9CPU4	#3b4cc0	W10
UNIPROT:Q91WD5	#f7b497	W10
UNIPROT:P51175	#b40426	W10
UNIPROT:Q6PIE5	#c0d4f5	W10
UNIPROT:Q9WUA6	#c6d6f1	W10
UNIPROT:P46664	#ccd9ed	W10
UNIPROT:B2RXC2	#e8765c	W10
UNIPROT:Q922Q4	#f6a283	W10
UNIPROT:Q8BIJ6	#d0473d	W10
UNIPROT:E9PWN3	#d0473d	W10
UNIPROT:Q8CGC7	#f7b396	W10
UNIPROT:P27090	#b6cefa	W10
UNIPROT:A0A0A6YXU9	#b6cefa	W10
UNIPROT:Q91YX5	#b40426	W10
UNIPROT:E9QL80	#b40426	W10
UNIPROT:Q9JKX6	#f6bfa6	W10
UNIPROT:Q91VR2	#f6bda2	W10
UNIPROT:A2AKU9	#f6bda2	W10
UNIPROT:Q8C2Q8	#f6bda2	W10
UNIPROT:Q91VF2	#b40426	W10
UNIPROT:P35438	#6c8ff1	W10
UNIPROT:A2AI16	#6c8ff1	W10
UNIPROT:A2AI19	#6c8ff1	W10
UNIPROT:A2AI20	#6c8ff1	W10
UNIPROT:A2AI21	#6c8ff1	W10
UNIPROT:A2AJ26	#b40426	W10
UNIPROT:Q9JII1	#e36b54	W10
UNIPROT:A2AIX0	#e36b54	W10
UNIPROT:Q60992	#d75445	W10
UNIPROT:Q7TSI6	#d75445	W10
UNIPROT:P52623	#b40426	W10
UNIPROT:A2AN37	#b40426	W10
UNIPROT:Q9R0Y5	#6f92f3	W10
UNIPROT:Q9DCJ5	#b70d28	W10
UNIPROT:Q64521	#eed0c0	W10
UNIPROT:P48318	#b40426	W10
UNIPROT:D3Z1L8	#b40426	W10
UNIPROT:P16951	#e1dad6	W10
UNIPROT:P56384	#b40426	W10
UNIPROT:Q9DCT2	#ca3b37	W10
UNIPROT:P24638	#e36b54	W10
UNIPROT:Q80UP3	#f7af91	W10
UNIPROT:A2AHJ7	#f7af91	W10
UNIPROT:A2AHK0	#f7af91	W10
UNIPROT:O70503	#b40426	W10
UNIPROT:Q9WVQ5	#e16751	W10
UNIPROT:P24270	#f5c1a9	W10
UNIPROT:Q50L42	#b40426	W10
UNIPROT:P30275	#dadce0	W10
UNIPROT:Q64442	#f2c9b4	W10
UNIPROT:Q9D964	#e6d7cf	W10
UNIPROT:Q8VCG1	#e9785d	W10
UNIPROT:Q9CQ43	#e9785d	W10
UNIPROT:Q9CY64	#d44e41	W10
UNIPROT:Q9D892	#e7745b	W10
UNIPROT:Q99L43	#b40426	W10
UNIPROT:A2AMQ5	#b40426	W10
UNIPROT:Q6PBC0	#b40426	W10
UNIPROT:Q8C0L9	#b40426	W10
UNIPROT:Q9Z1B3	#c5d6f2	W10
UNIPROT:Q3U0P5	#ee8669	W10
UNIPROT:P50247	#b5cdfa	W10
UNIPROT:Q99JP7	#b8122a	W10
UNIPROT:P51855	#f1ccb8	W10
UNIPROT:Q3UEE2	#f1ccb8	W10
UNIPROT:Q9Z1J3	#e0dbd8	W10
UNIPROT:Q9CQ19	#b40426	W10
UNIPROT:Q62077	#f7ba9f	W10
UNIPROT:Q9JI11	#f18f71	W10
UNIPROT:Q60591	#b40426	W10
UNIPROT:A2AQC8	#b40426	W10
UNIPROT:B5B2R5	#b40426	W10
UNIPROT:Q8C443	#b40426	W10
UNIPROT:P63094	#b40426	W10
UNIPROT:Q6R0H7	#b40426	W10
UNIPROT:P56382	#485fd1	W10
UNIPROT:Q91YL3	#b40426	W10
UNIPROT:A0A0A6YW07	#f7b79b	W10
UNIPROT:Q924B0	#f7b79b	W10
UNIPROT:P00920	#e0654f	W10
UNIPROT:Q61147	#ee8468	W10
UNIPROT:E9PZD8	#ee8468	W10
UNIPROT:G3X8Q5	#ee8468	W10
UNIPROT:G3X9T8	#ee8468	W10
UNIPROT:P42337	#bb1b2c	W10
UNIPROT:Q9CQH3	#bbd1f8	W10
UNIPROT:D3Z568	#bbd1f8	W10
UNIPROT:Q8VHL1	#cfdaea	W10
UNIPROT:Q9R1E0	#6b8df0	W10
UNIPROT:Q4KWH5	#e26952	W10
UNIPROT:H3BKK4	#e26952	W10
UNIPROT:Q3THK7	#f4987a	W10
UNIPROT:O54865	#f4c5ad	W10
UNIPROT:Q80YP4	#f4c5ad	W10
UNIPROT:Q63943	#e8765c	W10
UNIPROT:E9QKT0	#e8765c	W10
UNIPROT:Q921S6	#e8765c	W10
UNIPROT:Q8R123	#f6a385	W10
UNIPROT:Q8BKC8	#e5d8d1	W10
UNIPROT:P70182	#f6a586	W10
UNIPROT:Q8BIW1	#efcebd	W10
UNIPROT:Q3UQ84	#b40426	W10
UNIPROT:E9Q7H6	#b40426	W10
UNIPROT:Q3TP97	#b40426	W10
UNIPROT:Q922A3	#b40426	W10
UNIPROT:Q61753	#b40426	W10
UNIPROT:Q9CYK1	#df634e	W10
UNIPROT:Q8VDN2	#b2ccfb	W10
UNIPROT:Q9D091	#cedaeb	W10
UNIPROT:P62835	#dddcdc	W10
UNIPROT:Q9CQQ7	#f4c6af	W10
UNIPROT:Q8BGS7	#b40426	W10
UNIPROT:Q80SW1	#5a78e4	W10
UNIPROT:P48774	#e7d7ce	W10
UNIPROT:Q80W21	#d5dbe5	W10
UNIPROT:P10649	#c0282f	W10
UNIPROT:A2AE89	#c0282f	W10
UNIPROT:Q8R5I6	#c0282f	W10
UNIPROT:Q8R5I6	#d5dbe5	W10
UNIPROT:A2AE91	#c0282f	W10
UNIPROT:A2AE91	#d5dbe5	W10
UNIPROT:Q9DBT5	#f2c9b4	W10
UNIPROT:A2AE27	#f2c9b4	W10
UNIPROT:Q9DC51	#b7cff9	W10
UNIPROT:P26638	#f7af91	W10
UNIPROT:Q8C483	#f7af91	W10
UNIPROT:Q9R0C8	#b40426	W10
UNIPROT:P55096	#f6a283	W10
UNIPROT:O09172	#b40426	W10
UNIPROT:Q6PHZ2	#f7b396	W10
UNIPROT:A0A0G2JGS4	#f7b396	W10
UNIPROT:E9Q1T1	#f7b396	W10
UNIPROT:E9Q1W0	#f7b396	W10
UNIPROT:Q8CCM0	#f7b396	W10
UNIPROT:Q60967	#e9785d	W10
UNIPROT:Q6NZM8	#e9785d	W10
UNIPROT:Q91VM9	#a6c4fe	W10
UNIPROT:D3Z636	#f7ad90	W10
UNIPROT:P25799	#e0654f	W10
UNIPROT:P63328	#ecd3c5	W10
UNIPROT:P28474	#cad8ef	W10
UNIPROT:P68181	#ca3b37	W10
UNIPROT:Q920P5	#dedcdb	W10
UNIPROT:Q8BMS4	#b40426	W10
UNIPROT:P47746	#e9785d	W10
UNIPROT:Q3U186	#b40426	W10
UNIPROT:Q3UIU2	#edd1c2	W10
UNIPROT:P56380	#b40426	W10
UNIPROT:Q6VVW5	#b40426	W10
UNIPROT:Q91Z53	#d95847	W10
UNIPROT:Q9CZS1	#f08a6c	W10
UNIPROT:Q80T41	#8fb1fe	W10
UNIPROT:P41233	#f08a6c	W10
UNIPROT:P10518	#e36b54	W10
UNIPROT:Q9CR51	#3f53c6	W10
UNIPROT:A6ZI46	#dedcdb	W10
UNIPROT:Q9CQ65	#be242e	W10
UNIPROT:Q9D0F9	#ec7f63	W10
UNIPROT:B1AWC8	#edd2c3	W10
UNIPROT:B1AWC9	#edd2c3	W10
UNIPROT:B1AWD0	#edd2c3	W10
UNIPROT:Q3TTI9	#edd2c3	W10
UNIPROT:Q6IQY6	#edd2c3	W10
UNIPROT:Q80VK8	#edd2c3	W10
UNIPROT:Q8VBU5	#edd2c3	W10
UNIPROT:Q8BRK8	#ec8165	W10
UNIPROT:Q99JY8	#a6c4fe	W10
UNIPROT:P32020	#adc9fd	W10
UNIPROT:Q99LJ6	#b40426	W10
UNIPROT:Q9CQU0	#efcfbf	W10
UNIPROT:Q9DBP5	#4e68d8	W10
UNIPROT:A0A0R4J093	#4e68d8	W10
UNIPROT:P99028	#e97a5f	W10
UNIPROT:Q64143	#f4c5ad	W10
UNIPROT:Q9JII6	#da5a49	W10
UNIPROT:P70697	#a9c6fd	W10
UNIPROT:Q8VDG5	#b40426	W10
UNIPROT:Q6PFX8	#e57058	W10
UNIPROT:P70698	#f7ba9f	W10
UNIPROT:Q99LY9	#b40426	W10
UNIPROT:Q8BVM4	#b40426	W10
UNIPROT:A8Y5E7	#b40426	W10
UNIPROT:Q9WTP6	#779af7	W10
UNIPROT:Q91WQ3	#c73635	W10
UNIPROT:A2A7S7	#c73635	W10
UNIPROT:Q61165	#d9dce1	W10
UNIPROT:P38060	#f7b99e	W10
UNIPROT:Q9WTL7	#3b4cc0	W10
UNIPROT:Q8CHT0	#b40426	W10
UNIPROT:Q9CQA3	#e8765c	W10
UNIPROT:Q64674	#d4dbe6	W10
UNIPROT:Q9DCD0	#b40426	W10
UNIPROT:Q91V12	#82a6fb	W10
UNIPROT:E9PYH2	#82a6fb	W10
UNIPROT:P58058	#cb3e38	W10
UNIPROT:P21447	#b40426	W10
UNIPROT:Q9QYS2	#b40426	W10
UNIPROT:B2RSH2	#92b4fe	W10
UNIPROT:Q9CXJ4	#cdd9ec	W10
UNIPROT:Q8BMS1	#b40426	W10
UNIPROT:B2RQC6	#b40426	W10
UNIPROT:G3UWN2	#b40426	W10
UNIPROT:P62141	#e9785d	W10
UNIPROT:Q8BSF4	#d55042	W10
UNIPROT:E9PX91	#d55042	W10
UNIPROT:Q9EPL9	#b40426	W10
UNIPROT:Q3TAW3	#b40426	W10
UNIPROT:Q9CPY7	#f0cdbb	W10
UNIPROT:P97324	#f08b6e	W10
UNIPROT:G3UWD6	#f08b6e	W10
UNIPROT:Q7TSV4	#b40426	W10
UNIPROT:O70475	#dedcdb	W10
UNIPROT:P26048	#ef886b	W10
UNIPROT:P50571	#f7b497	W10
UNIPROT:Q8CIH9	#e7745b	W10
UNIPROT:Q9DCL9	#edd2c3	W10
UNIPROT:P43346	#bad0f8	W10
UNIPROT:Q8BGB7	#f59d7e	W10
UNIPROT:Q61831	#5a78e4	W10
UNIPROT:Q3TQZ7	#5a78e4	W10
UNIPROT:Q80W80	#5a78e4	W10
UNIPROT:Q80W82	#5a78e4	W10
UNIPROT:Q8C9D4	#5a78e4	W10
UNIPROT:Q8BVU5	#f7a98b	W10
UNIPROT:Q06185	#eed0c0	W10
UNIPROT:Q9D273	#f7a889	W10
UNIPROT:D3Z1G7	#f7a889	W10
UNIPROT:Q07417	#b40426	W10
UNIPROT:Q8CBY0	#e7745b	W10
UNIPROT:P43024	#c43032	W10
UNIPROT:Q9DCW5	#c43032	W10
UNIPROT:Q9R078	#f7b89c	W10
UNIPROT:Q9Z0J4	#f49a7b	W10
UNIPROT:P47738	#e67259	W10
UNIPROT:A0A0G2JEU1	#e67259	W10
UNIPROT:P63087	#f08a6c	W10
UNIPROT:O55143	#b9d0f9	W10
UNIPROT:Q8BWG9	#f4c6af	W10
UNIPROT:Q9D2R0	#f59f80	W10
UNIPROT:Q99LS3	#b40426	W10
UNIPROT:Q6TEK5	#b40426	W10
UNIPROT:Q0VGU5	#b40426	W10
UNIPROT:Q91YI0	#ead4c8	W10
UNIPROT:Q9ESZ8	#d85646	W10
UNIPROT:Q3UHU8	#d85646	W10
UNIPROT:P08249	#f59c7d	W10
UNIPROT:P21836	#b40426	W10
UNIPROT:P27600	#b40426	W10
UNIPROT:P63001	#dddcdc	W10
UNIPROT:Q3TLP8	#dddcdc	W10
UNIPROT:P56135	#cad8ef	W10
UNIPROT:Q62425	#e9785d	W10
UNIPROT:Q9CPP6	#f39778	W10
UNIPROT:D3YTQ8	#f39778	W10
UNIPROT:P50096	#adc9fd	W10
UNIPROT:Q9D1K2	#f7b79b	W10
UNIPROT:Q68FL4	#e1dad6	W10
UNIPROT:F8WGT1	#e1dad6	W10
UNIPROT:F8WI65	#e1dad6	W10
UNIPROT:P45376	#dd5f4b	W10
UNIPROT:G5E895	#b40426	W10
UNIPROT:P15327	#f29072	W10
UNIPROT:D3YWQ0	#89acfd	W10
UNIPROT:P28028	#ee8468	W10
UNIPROT:Q9R0M5	#b40426	W10
UNIPROT:P57774	#3b4cc0	W10
UNIPROT:P62897	#8fb1fe	W10
UNIPROT:A0A0N4SUW5	#e1dad6	W10
UNIPROT:A0A0N4SV71	#e1dad6	W10
UNIPROT:Q9D7X8	#3b4cc0	W10
UNIPROT:Q9CZD3	#df634e	W10
UNIPROT:P70205	#f6bea4	W10
UNIPROT:E9Q3E8	#f6bea4	W10
UNIPROT:E9Q968	#f6bea4	W10
UNIPROT:Q6NXJ9	#f6bea4	W10
UNIPROT:Q64338	#d9dce1	W10
UNIPROT:A0A0N4SWG4	#d9dce1	W10
UNIPROT:E9Q7V6	#d9dce1	W10
UNIPROT:Q8CDV2	#d9dce1	W10
UNIPROT:Q9D5W0	#d9dce1	W10
UNIPROT:Q9D020	#cd423b	W10
UNIPROT:Q7TMS5	#b40426	W10
UNIPROT:A0A0R4J0B6	#b40426	W10
UNIPROT:Q61625	#b40426	W10
UNIPROT:Q3THS6	#f7a98b	W10
UNIPROT:O08528	#ee8669	W10
UNIPROT:P47856	#ba162b	W10
UNIPROT:P11881	#afcafc	W10
UNIPROT:Q68ED2	#f7a688	W10
UNIPROT:G5E8D5	#f7a688	W10
UNIPROT:Q8VEL2	#f7bca1	W10
UNIPROT:Q9R0K7	#9abbff	W10
UNIPROT:F8WHB1	#9abbff	W10
UNIPROT:Q3UHH0	#9abbff	W10
UNIPROT:Q99N57	#ee8669	W10
UNIPROT:Q01815	#b40426	W10
UNIPROT:A0A087WS40	#b40426	W10
UNIPROT:A0A087WSE7	#b40426	W10
UNIPROT:C7TQ57	#b40426	W10
UNIPROT:C7TQ59	#b40426	W10
UNIPROT:F7C376	#b40426	W10
UNIPROT:F8WJL1	#b40426	W10
UNIPROT:Q0PCR6	#b40426	W10
UNIPROT:P50518	#9abbff	W10
UNIPROT:Q80WS1	#3b4cc0	W10
UNIPROT:P17751	#dadce0	W10
UNIPROT:Q9DC69	#b40426	W10
UNIPROT:P30280	#b40426	W10
UNIPROT:Q8R3R8	#f0cdbb	W10
UNIPROT:P46414	#f4987a	W10
UNIPROT:Q01097	#5b7ae5	W10
UNIPROT:G3X9V4	#5b7ae5	W10
UNIPROT:P16125	#ebd3c6	W10
UNIPROT:Q9D4V0	#f7b99e	W10
UNIPROT:P24288	#f08a6c	W10
UNIPROT:Q8CBC8	#f08a6c	W10
UNIPROT:P32883	#5470de	W10
UNIPROT:Q9CQ91	#3b4cc0	W10
UNIPROT:Q8CHK3	#d0473d	W10
UNIPROT:Q8K596	#86a9fc	W10
UNIPROT:P0DP26	#a9c6fd	W10
UNIPROT:P0DP27	#a9c6fd	W10
UNIPROT:P0DP28	#a9c6fd	W10
UNIPROT:P70460	#a5c3fe	W10
UNIPROT:Q6PIC6	#c6d6f1	W10
UNIPROT:A0A0G2JGX4	#c6d6f1	W10
UNIPROT:Q8VCE0	#c6d6f1	W10
UNIPROT:P54310	#b40426	W10
UNIPROT:Q7TS72	#f7af91	W10
UNIPROT:Q923D2	#e97a5f	W10
UNIPROT:E9PZC4	#e97a5f	W10
UNIPROT:O35405	#b40426	W10
UNIPROT:Q60823	#7a9df8	W10
UNIPROT:Q9JJL8	#b40426	W10
UNIPROT:Q8VDQ8	#c0282f	W10
UNIPROT:P56391	#b40426	W10
UNIPROT:P06745	#d9dce1	W10
UNIPROT:Q9JIF0	#b40426	W10
UNIPROT:A0A140LJ70	#b40426	W10
UNIPROT:P06151	#bed2f6	W10
UNIPROT:A0A1B0GSX0	#bed2f6	W10
UNIPROT:Q564E2	#bed2f6	W10
UNIPROT:P63080	#dbdcde	W10
UNIPROT:Q8C446	#dbdcde	W10
UNIPROT:Q8BLY2	#e4d9d2	W10
UNIPROT:Q60929	#3b4cc0	W10
UNIPROT:Q60751	#f7b194	W10
UNIPROT:E9QNX9	#f7b194	W10
UNIPROT:P54071	#b40426	W10
UNIPROT:Q9CR53	#b40426	W10
UNIPROT:D3Z621	#b40426	W10
UNIPROT:Q9QWW1	#9fbfff	W10
UNIPROT:E9Q4F9	#9fbfff	W10
UNIPROT:Q3UVX5	#f7b89c	W10
UNIPROT:E9QMC2	#f7b89c	W10
UNIPROT:Q9CQ54	#506bda	W10
UNIPROT:G5E884	#6282ea	W10
UNIPROT:Q6P549	#ef886b	W10
UNIPROT:P07742	#f29274	W10
UNIPROT:O08739	#f39778	W10
UNIPROT:A0A1L1SRX2	#f39778	W10
UNIPROT:P62071	#e5d8d1	W10
UNIPROT:Q61194	#b40426	W10
UNIPROT:F8VPL2	#b40426	W10
UNIPROT:Q9DB77	#d24b40	W10
UNIPROT:Q9CXJ1	#b40426	W10
UNIPROT:Q9CR21	#bcd2f7	W10
UNIPROT:Q8R429	#b9d0f9	W10
UNIPROT:Q63844	#d5dbe5	W10
UNIPROT:P05064	#dedcdb	W10
UNIPROT:A6ZI44	#dedcdb	W10
UNIPROT:Q9QY93	#b40426	W10
UNIPROT:Q8CDA1	#da5a49	W10
UNIPROT:P29758	#e7745b	W10
UNIPROT:P51163	#f39475	W10
UNIPROT:Q3TPL3	#f39475	W10
UNIPROT:Q8BH95	#f1cdba	W10
UNIPROT:Q9Z1X2	#3b4cc0	W10
UNIPROT:Q61411	#88abfd	W10
UNIPROT:Q93092	#88abfd	W10
UNIPROT:Q9ER72	#df634e	W10
UNIPROT:P15208	#df634e	W10
UNIPROT:Q3TRM4	#b40426	W10
UNIPROT:A0A140LI54	#b40426	W10
UNIPROT:P81122	#f39577	W10
UNIPROT:Q60931	#de614d	W10
UNIPROT:O88351	#f39475	W10
UNIPROT:A0A0R4J0T4	#f39475	W10
UNIPROT:Q5D0E0	#f39475	W10
UNIPROT:Q8K2C8	#edd2c3	W10
UNIPROT:P47791	#de614d	W10
UNIPROT:Q9Z2C9	#c0d4f5	W10
UNIPROT:P48962	#f39475	W10
UNIPROT:P62814	#bbd1f8	W10
UNIPROT:Q9ERS2	#4257c9	W10
UNIPROT:Q99JP6	#b40426	W10
UNIPROT:Q9JHU9	#f39577	W10
UNIPROT:O08908	#b40426	W10
UNIPROT:Q9CQ60	#b40426	W10
UNIPROT:D3Z4X1	#b40426	W10
UNIPROT:Q61614	#b40426	W10
UNIPROT:Q6P1Y8	#b40426	W10
UNIPROT:E9PVM1	#b40426	W10
UNIPROT:E9PVM3	#b40426	W10
UNIPROT:Q3URI3	#b40426	W10
UNIPROT:Q9CR61	#df634e	W10
UNIPROT:Q9CY27	#f5c4ac	W10
UNIPROT:G3UWE1	#f5c4ac	W10
UNIPROT:P05132	#e7d7ce	W10
UNIPROT:Q9CQT1	#d0473d	W10
UNIPROT:Q8C0C7	#f7b99e	W10
UNIPROT:Q8BGT5	#b40426	W10
UNIPROT:P51829	#b40426	W10
UNIPROT:Q64700	#b40426	W10
UNIPROT:A0A1B0GR06	#b40426	W10
UNIPROT:A0A1B0GRM0	#b40426	W10
UNIPROT:P05202	#d0473d	W10
UNIPROT:Q8BN51	#e0654f	W10
UNIPROT:P51863	#e26952	W10
UNIPROT:Q3UZ64	#b40426	W10
UNIPROT:O35435	#d75445	W10
UNIPROT:Q8BGQ7	#b5cdfa	W10
UNIPROT:P60521	#f39778	W10
UNIPROT:Q99MN1	#a7c5fe	W10
UNIPROT:Q8R2P8	#a7c5fe	W10
UNIPROT:Q91WK5	#3b4cc0	W10
UNIPROT:P19783	#81a4fb	W10
UNIPROT:P08030	#b40426	W10
UNIPROT:Q3UTR7	#b40426	W10
UNIPROT:P98192	#b40426	W10
UNIPROT:Q9CQA9	#b40426	W10
UNIPROT:Q8C373	#b40426	W10
UNIPROT:Q99NH2	#b40426	W10
UNIPROT:A0A0R4J1Y4	#b40426	W10
UNIPROT:A5D6P2	#b40426	W10
UNIPROT:B7ZNY3	#b40426	W10
UNIPROT:E9PYJ2	#b40426	W10
UNIPROT:G3XA13	#b40426	W10
UNIPROT:F8VQK3	#b40426	W10
UNIPROT:Q9CQF6	#b40426	W10
UNIPROT:Q9Z2W8	#f2c9b4	W10
UNIPROT:Q9Z2D1	#f3c7b1	W10
UNIPROT:Q6P572	#f3c7b1	W10
UNIPROT:P13864	#c73635	W10
UNIPROT:J3QNW0	#c73635	W10
UNIPROT:O89084	#c4d5f3	W10
UNIPROT:Q60773	#cfdaea	W10
UNIPROT:P22907	#b40426	W10
UNIPROT:Q9CPQ8	#f2cab5	W10
UNIPROT:Q8QZT1	#8caffe	W10
UNIPROT:P12787	#3b4cc0	W10
UNIPROT:B2RY58	#e67259	W10
UNIPROT:Q8BUN5	#cf453c	W10
UNIPROT:P31938	#d6dce4	W10
UNIPROT:Q8K2C9	#b40426	W10
UNIPROT:P97494	#f1ccb8	W10
UNIPROT:P48771	#7b9ff9	W10
UNIPROT:Q9EQC4	#b5cdfa	W10
UNIPROT:P97370	#b40426	W10
UNIPROT:Q8BTI9	#d95847	W10
UNIPROT:Q6P3D0	#b40426	W10
UNIPROT:Q8VC19	#b40426	W10
UNIPROT:Q99JW2	#cb3e38	W10
UNIPROT:A0A0R4J050	#cb3e38	W10
UNIPROT:Q14BI2	#b40426	W10
UNIPROT:P08752	#e8765c	W10
UNIPROT:Q8CFA2	#b40426	W10
UNIPROT:Q9QUI0	#c4d5f3	W10
UNIPROT:P11352	#b40426	W10
UNIPROT:A0A0A6YVV2	#b40426	W10
UNIPROT:Q8BML9	#bcd2f7	W10
UNIPROT:P24547	#f1cdba	W10
UNIPROT:Q9CZ13	#f7ad90	W10
UNIPROT:Q3ULJ0	#ef886b	W10
UNIPROT:Q80WP8	#b40426	W10
UNIPROT:E9QP13	#b40426	W10
UNIPROT:Q8R3B1	#b40426	W10
UNIPROT:G5DDB7	#b40426	W10
UNIPROT:Q8VCH0	#b40426	W10
UNIPROT:Q921H8	#f39778	W10
UNIPROT:Q8VDC0	#c12b30	W10
UNIPROT:Q9EP69	#b40426	W10
UNIPROT:Q6DYE8	#d95847	W10
UNIPROT:Q3SXD3	#b5cdfa	W10
UNIPROT:Q91WF7	#c0d4f5	W10
UNIPROT:Q9WVH4	#f5c1a9	W10
UNIPROT:Q9CZN8	#b40426	W10
UNIPROT:A0A1W2P6S5	#bd1f2d	W10
UNIPROT:Q60715	#f6a283	W10
UNIPROT:E9Q7B0	#f6a283	W10
UNIPROT:Q9D819	#f0cdbb	W10
UNIPROT:P17710	#ee8669	W10
UNIPROT:B4YB29	#ee8669	W10
UNIPROT:G3UVV4	#ee8669	W10
UNIPROT:Q923E4	#e26952	W10
UNIPROT:Q3UNI1	#e26952	W10
UNIPROT:Q6PDY2	#e16751	W10
UNIPROT:Q60928	#b70d28	W10
UNIPROT:P34884	#ebd3c6	W10
UNIPROT:P12382	#dcdddd	W10
UNIPROT:Q9D517	#e0654f	W10
UNIPROT:O88703	#3b4cc0	W10
UNIPROT:O70325	#b7cff9	W10
UNIPROT:Q9WTK7	#be242e	W10
UNIPROT:Q9D3D9	#d4dbe6	W10
UNIPROT:Q9DC70	#e4d9d2	W10
UNIPROT:O35969	#cc403a	W10
UNIPROT:Q9CPX8	#9fbfff	W10
UNIPROT:Q63932	#f6a283	W10
UNIPROT:Q91YS7	#f6a283	W10
UNIPROT:O70161	#e8d6cc	W10
UNIPROT:F8WHW6	#e8d6cc	W10
UNIPROT:P21278	#f59f80	W10
UNIPROT:P59941	#b40426	W10
UNIPROT:Q3UKP1	#b40426	W10
UNIPROT:Q7TMF3	#ebd3c6	W10
UNIPROT:A0A0R4J275	#ebd3c6	W10
UNIPROT:G5E829	#a5c3fe	W10
UNIPROT:Q9DBR7	#dadce0	W10
UNIPROT:Q9JIN6	#cad8ef	W10
UNIPROT:Q99JI6	#e5d8d1	W10
UNIPROT:Q3UHD9	#e36c55	W10
UNIPROT:Q91XU3	#b40426	W10
UNIPROT:Q68FL6	#b40426	W10
UNIPROT:E9QB02	#b40426	W10
UNIPROT:Q9CZN7	#b40426	W10
UNIPROT:P56480	#7597f6	W10
UNIPROT:P97377	#f7b497	W10
UNIPROT:P97377	#dd5f4b	W10
UNIPROT:P97377	#ee8669	W10
UNIPROT:P97377	#b40426	W10
UNIPROT:P97377	#b3cdfb	W10
UNIPROT:P97377	#ec8165	W10
UNIPROT:P97377	#c53334	W10
UNIPROT:P97377	#f6a586	W10
UNIPROT:P97377	#b7cff9	W10
UNIPROT:P97377	#b40426	W10
UNIPROT:Q8K296	#f7a688	W10
UNIPROT:B1ATD5	#f7a688	W10
UNIPROT:Q8R1I1	#f1cdba	W10
UNIPROT:P28652	#dbdcde	W10
UNIPROT:Q5SVI0	#dbdcde	W10
UNIPROT:Q5SVI2	#dbdcde	W10
UNIPROT:Q5SVJ0	#dbdcde	W10
UNIPROT:Q5SVJ1	#dbdcde	W10
UNIPROT:Q68EG2	#dbdcde	W10
UNIPROT:O88444	#b40426	W10
UNIPROT:Q63810	#f7a889	W10
UNIPROT:Q91ZJ5	#f39475	W10
UNIPROT:P14152	#abc8fd	W10
UNIPROT:Q9CQG1	#f7b093	W10
UNIPROT:Q9D0I9	#b70d28	W10
UNIPROT:Q99LB6	#ebd3c6	W10
UNIPROT:P22723	#d55042	W10
UNIPROT:P62812	#6f92f3	W10
UNIPROT:P63137	#688aef	W10
UNIPROT:Q9WTU6	#4358cb	W10
UNIPROT:Q60932	#ee8669	W10
UNIPROT:Q9CQ69	#b40426	W10
UNIPROT:P23818	#e7d7ce	W10
UNIPROT:F6YNQ1	#e7d7ce	W10
UNIPROT:Q64520	#ebd3c6	W10
UNIPROT:E9Q7K1	#ebd3c6	W10
UNIPROT:Q8VCE6	#b40426	W10
UNIPROT:P50431	#b40426	W10
UNIPROT:P47740	#cd423b	W10
UNIPROT:B1AV77	#cd423b	W10
UNIPROT:Q5SUR0	#e8d6cc	W10
UNIPROT:P14231	#ec7f63	W10
UNIPROT:Q9DCD6	#f4c6af	W10
UNIPROT:Q9QZX7	#f2cbb7	W10
UNIPROT:Q8C5L6	#b40426	W10
UNIPROT:P05063	#f1cdba	W10
UNIPROT:Q91XS1	#f7a688	W10
UNIPROT:Q9R1C6	#b40426	W10
UNIPROT:Q01768	#d6dce4	W10
UNIPROT:P15532	#81a4fb	W10
UNIPROT:Q9CR84	#b40426	W10
UNIPROT:Q80XI4	#a3c2fe	W10
UNIPROT:Q60829	#b40426	W10
UNIPROT:P63058	#d95847	W10
UNIPROT:Q3UFY7	#ea7b60	W10
UNIPROT:P42227	#d44e41	W10
UNIPROT:Q9Z1G4	#dedcdb	W10
UNIPROT:Q9DBL7	#ea7b60	W10
UNIPROT:P27601	#b40426	W10
UNIPROT:Q9D034	#b40426	W10
UNIPROT:Q8K448	#f7b396	W10
UNIPROT:Q04887	#b50927	W10
UNIPROT:P30875	#e67259	W10
UNIPROT:Q9DCX2	#ccd9ed	W10
UNIPROT:Q9JM14	#b40426	W10
UNIPROT:A2A9X5	#b40426	W10
UNIPROT:Q60631	#aac7fd	W10
UNIPROT:Q9R0H0	#e7745b	W10
UNIPROT:Q8VCF1	#b40426	W10
UNIPROT:Q922E4	#dbdcde	W10
UNIPROT:A2ABY3	#dbdcde	W10
UNIPROT:Q922W5	#f6a283	W10
UNIPROT:P60764	#dedcdb	W10
UNIPROT:O88508	#efcebd	W10
UNIPROT:Q91ZP3	#f5c4ac	W10
UNIPROT:A0A1Y7VLN4	#f5c4ac	W10
UNIPROT:E9QKQ5	#f5c4ac	W10
UNIPROT:P70336	#d6dce4	W10
UNIPROT:F8VPK5	#d6dce4	W10
UNIPROT:P00860	#e0dbd8	W10
UNIPROT:Q8R3I2	#b40426	W10
UNIPROT:Q3U5Q7	#b40426	W10
UNIPROT:Q99JT9	#b50927	W10
UNIPROT:Q9D358	#e57058	W10
UNIPROT:Q561M1	#e57058	W10
UNIPROT:O08749	#f5a081	W10
UNIPROT:Q6NS52	#b40426	W10
UNIPROT:Q60987	#d7dce3	W10
UNIPROT:G3UXL2	#f7af91	W10
UNIPROT:Q02384	#f7b599	W10
UNIPROT:A0A0A0MQ87	#f7b599	W10
UNIPROT:Q91YP0	#c83836	W10
UNIPROT:P57746	#d5dbe5	W10
UNIPROT:O08691	#ba162b	W10
UNIPROT:Q9QYR9	#f7b396	W10
UNIPROT:O55137	#c83836	W10
UNIPROT:Q8BWN8	#c83836	W10
UNIPROT:Q9QYR7	#c83836	W10
UNIPROT:Q6Q2Z6	#c83836	W10
UNIPROT:Q91YQ6	#c83836	W10
UNIPROT:Q8R1S0	#b40426	W10
UNIPROT:Q9WUZ9	#f18d6f	W10
UNIPROT:Q3TQC7	#f18d6f	W10
UNIPROT:Q9EQ20	#dd5f4b	W10
UNIPROT:Q9WVL0	#b40426	W10
UNIPROT:A0A1Y7VNC1	#b40426	W10
UNIPROT:Q3UKW2	#a9c6fd	W10
UNIPROT:Q8BYN3	#b40426	W10
UNIPROT:P32921	#f1cdba	W10
UNIPROT:Q04447	#6384eb	W10
UNIPROT:P28650	#b40426	W10
UNIPROT:P31750	#f59f80	W10
UNIPROT:Q9WUA3	#b40426	W10
UNIPROT:Q8C605	#b40426	W10
UNIPROT:E9Q401	#f7ad90	W10
UNIPROT:Q80ZZ5	#f7ad90	W10
UNIPROT:A6H5Y3	#ba162b	W10
UNIPROT:Q8BWF0	#b8122a	W10
UNIPROT:Q9CR68	#e36c55	W10
UNIPROT:Q9JLJ4	#5b7ae5	W10
UNIPROT:A0A0R4J1P7	#5b7ae5	W10
UNIPROT:Q8K2C6	#f4c5ad	W10
UNIPROT:A0A1Y7VM56	#f4c5ad	W10
UNIPROT:Q9DCZ1	#d1493f	W10
UNIPROT:Q8BU30	#b40426	W10
UNIPROT:Q8R0J8	#a9c6fd	W10
UNIPROT:Q9CQB4	#d4dbe6	W10
UNIPROT:Q99LH2	#90b2fe	W10
UNIPROT:Q3V1Q3	#b70d28	W10
UNIPROT:P52503	#c6d6f1	W10
UNIPROT:Q3TFD2	#b40426	W10
UNIPROT:Q8K2B3	#f7a889	W10
UNIPROT:Q8CFN5	#6b8df0	W10
UNIPROT:A0A0G2JEC2	#6b8df0	W10
UNIPROT:A0A0H2UH28	#6b8df0	W10
UNIPROT:A0A0H2UKB6	#6b8df0	W10
UNIPROT:P17665	#cf453c	W10
UNIPROT:Q9Z2Y3	#e2dad5	W10
UNIPROT:Q3UVL6	#e2dad5	W10
UNIPROT:Q8VCP8	#3b4cc0	W10
UNIPROT:P26450	#f4c5ad	W10
UNIPROT:Q80UI5	#f4c5ad	W10
UNIPROT:Q01063	#3b4cc0	W10
UNIPROT:A6XDB0	#3b4cc0	W10
UNIPROT:B2KF84	#3b4cc0	W10
UNIPROT:E9PVU7	#3b4cc0	W10
UNIPROT:Q61469	#f6a283	W10
UNIPROT:Q9CXZ1	#d5dbe5	W10
UNIPROT:E9QPX3	#d5dbe5	W10
UNIPROT:Q8JZK9	#85a8fc	W10
UNIPROT:P37242	#d95847	W10
UNIPROT:P48453	#dedcdb	W10
UNIPROT:E0CZ78	#dedcdb	W10
UNIPROT:G3X8U7	#dedcdb	W10
UNIPROT:P55264	#cdd9ec	W10
UNIPROT:Q60930	#e36b54	W10
UNIPROT:Q08460	#f59f80	W10
UNIPROT:A0A087WQ41	#f59f80	W10
UNIPROT:A0A087WQN5	#f59f80	W10
UNIPROT:A0A087WRS4	#f59f80	W10
UNIPROT:A0A286YD35	#f59f80	W10
UNIPROT:A0A286YDM6	#f59f80	W10
UNIPROT:Q99KR7	#b40426	W10
UNIPROT:Q99246	#b40426	W10
UNIPROT:A0A286YD72	#b40426	W10
UNIPROT:P40142	#adc9fd	W10
UNIPROT:Q91Y86	#536edd	W10
UNIPROT:A6P3E4	#536edd	W10
UNIPROT:G3X8U9	#536edd	W10
UNIPROT:Q7TSJ7	#536edd	W10
UNIPROT:P26443	#e5d8d1	W10
UNIPROT:P23492	#92b4fe	W10
UNIPROT:Q543K9	#92b4fe	W10
UNIPROT:Q8BH04	#b40426	W10
UNIPROT:A0A0R4J0G0	#b40426	W10
UNIPROT:Q99L27	#f6a385	W10
UNIPROT:Q99KP3	#b40426	W10
UNIPROT:Q8VE11	#f29274	W10
UNIPROT:D3YXJ0	#e6d7cf	W10
UNIPROT:A0A2I3BQ43	#e6d7cf	W10
UNIPROT:A0JP53	#e6d7cf	W10
UNIPROT:P48302	#82a6fb	W10
UNIPROT:Q9D0K2	#f7bca1	W10
UNIPROT:Q5EG47	#f5c0a7	W10
UNIPROT:Q3TUQ7	#f5c0a7	W10
UNIPROT:Q8C5H8	#f2cbb7	W10
UNIPROT:Q9D0R2	#f7af91	W10
UNIPROT:Q9CPQ1	#3b4cc0	W10
UNIPROT:Q9Z1G3	#efcfbf	W10
UNIPROT:Q9CQJ8	#3b4cc0	W10
UNIPROT:Q9DCC4	#ee8669	W10
UNIPROT:Q8K010	#b40426	W10
UNIPROT:Q9D0M3	#f7a688	W10
UNIPROT:P52196	#b40426	W10
UNIPROT:Q99J99	#e7745b	W10
UNIPROT:P97819	#f3c7b1	W10
UNIPROT:Q9JMK2	#edd2c3	W10
UNIPROT:Q3TYE1	#edd2c3	W10
UNIPROT:P54822	#a5c3fe	W10
UNIPROT:B2RWS6	#df634e	W10
UNIPROT:Q9CQZ5	#f4c6af	W10
UNIPROT:Q9WUI1	#f7b599	W10
UNIPROT:O55229	#d0473d	W10
UNIPROT:P47857	#f6bda2	W10
UNIPROT:Q01341	#b40426	W10
UNIPROT:A0A2I3BRC5	#b40426	W10
UNIPROT:F8VQ52	#b40426	W10
UNIPROT:Q9DBE0	#b40426	W10
UNIPROT:A0A2R8VHX0	#b40426	W10
UNIPROT:P56383	#b40426	W10
UNIPROT:Q01065	#b40426	W10
UNIPROT:A0A2I3BPC1	#b40426	W10
UNIPROT:Q6PDS5	#b40426	W10
UNIPROT:A0A0U1RQB6	#df634e	W10
UNIPROT:F8VPR5	#df634e	W10
UNIPROT:P51830	#b3cdfb	W10
UNIPROT:E9Q706	#b3cdfb	W10
UNIPROT:O70252	#d4dbe6	W10
UNIPROT:P61922	#b40426	W10
UNIPROT:Q6A4J8	#f7b093	W10
UNIPROT:E9PXY8	#f7b093	W10
UNIPROT:F8VPX1	#f7b093	W10
UNIPROT:O35379	#f5c1a9	W10
UNIPROT:Q8BYL4	#b40426	W10
UNIPROT:P63085	#f6a283	W10
UNIPROT:E9Q3L2	#f7af91	W10
UNIPROT:A0A140T8I9	#f7af91	W10
UNIPROT:O88587	#cc403a	W10
UNIPROT:Q91WG7	#f18d6f	W10
UNIPROT:Q8C413	#f18d6f	W10
UNIPROT:P60041	#a6c4fe	W10
UNIPROT:Q80XN0	#f29072	W10
UNIPROT:P49586	#f59c7d	W10
UNIPROT:P13439	#cf453c	W10
UNIPROT:B1B1A8	#bb1b2c	W10
UNIPROT:Q9D3B1	#f7ad90	W10
UNIPROT:P84309	#b40426	W10
UNIPROT:Q9CQC7	#c12b30	W10
UNIPROT:P56394	#b40426	W10
UNIPROT:P50516	#e0dbd8	W10
UNIPROT:Q9JHW2	#e16751	W10
UNIPROT:P36552	#c12b30	W10
UNIPROT:P97450	#86a9fc	W10
UNIPROT:E9Q1R7	#ba162b	W10
UNIPROT:G3UWG2	#ba162b	W10
UNIPROT:D3Z656	#f7b89c	W10
UNIPROT:E9Q7S0	#ec7f63	W10
UNIPROT:Q64737	#ebd3c6	W10
UNIPROT:Q8CA95	#b40426	W10
UNIPROT:A0A384DV92	#b40426	W10
UNIPROT:Q8K4X7	#b40426	W10
UNIPROT:P20918	#d55042	W10
UNIPROT:Q80X81	#3b4cc0	W10
UNIPROT:Q8CAY6	#3b4cc0	W10
UNIPROT:P09671	#f4987a	W10
UNIPROT:Q9QZQ1	#e8d6cc	W10
UNIPROT:E9Q9C3	#e8d6cc	W10
UNIPROT:Q9Z2A0	#b40426	W10
UNIPROT:F2Z3X6	#b40426	W10
UNIPROT:Q3TRL2	#b40426	W10
UNIPROT:Q8R420	#efcfbf	W10
UNIPROT:Q6AXE3	#efcfbf	W10
UNIPROT:Q9DCS9	#f4987a	W10
UNIPROT:Q9WV85	#b40426	W10
UNIPROT:O70628	#f49a7b	W10
UNIPROT:D3Z408	#f49a7b	W10
UNIPROT:Q8BK30	#c43032	W10
UNIPROT:Q3U422	#f7a889	W10
UNIPROT:Q9Z1P6	#84a7fc	W10
UNIPROT:O35083	#b40426	W10
UNIPROT:A0A0R4J263	#b40426	W10
UNIPROT:A0A0A0MQ69	#f7a688	W10
UNIPROT:Q9Z1Q9	#f7ad90	W10
UNIPROT:Q9WTT4	#536edd	W10
UNIPROT:G5E923	#536edd	W10
UNIPROT:Q3U2A8	#d85646	W10
UNIPROT:Q9WV18	#cdd9ec	W10
UNIPROT:Q14CH7	#e0dbd8	W10
UNIPROT:Q9D6J6	#e16751	W10
UNIPROT:Q99PI5	#f5c4ac	W10
UNIPROT:E9PWN0	#f5c4ac	W10
UNIPROT:Q3UN02	#b40426	W10
UNIPROT:Q62245	#f4c6af	W10
UNIPROT:P70414	#3b4cc0	W10
UNIPROT:A0A3Q4EBU5	#3b4cc0	W10
UNIPROT:G3X9J1	#3b4cc0	W10
UNIPROT:Q68FL0	#3b4cc0	W10
UNIPROT:Q61387	#d1493f	W10
UNIPROT:E9PZS8	#d1493f	W10
UNIPROT:P16054	#f2cbb7	W10
UNIPROT:P70335	#f2cab5	W10
UNIPROT:Q6PF93	#e0654f	W10
UNIPROT:Q9CQ75	#ead5c9	W10
UNIPROT:Q61035	#ed8366	W10
UNIPROT:Q99KK9	#b40426	W10
UNIPROT:G5E823	#b40426	W10
UNIPROT:P06537	#b40426	W10
UNIPROT:Q8BMJ2	#b40426	W10
UNIPROT:P51660	#da5a49	W10
UNIPROT:Q9DBF1	#dd5f4b	W10
UNIPROT:Q544X6	#c3d5f4	W10
UNIPROT:Q8BP47	#f29072	W10
UNIPROT:A0A498WGK2	#f29072	W10
UNIPROT:P97471	#f5c2aa	W10
UNIPROT:Q03265	#dddcdc	W10
UNIPROT:Q9D1A2	#9bbcff	W10
UNIPROT:O54804	#f7b396	W10
UNIPROT:Q8K3J1	#6f92f3	W10
UNIPROT:Q91YT0	#f18d6f	W10
UNIPROT:P19157	#e1dad6	W10
UNIPROT:P46425	#e1dad6	W10
UNIPROT:P62137	#c0282f	W10
UNIPROT:Q04207	#b40426	W10
UNIPROT:Q61337	#94b6ff	W10
UNIPROT:Q3U9H3	#94b6ff	W10
UNIPROT:P51432	#b40426	W10
UNIPROT:Q64445	#abc8fd	W10
UNIPROT:Q8C0M9	#d75445	W10
UNIPROT:Q9Z0R9	#d75445	W10
UNIPROT:Q920L1	#e0654f	W10
UNIPROT:Q99K85	#ba162b	W10
UNIPROT:Q3U6K9	#ba162b	W10
UNIPROT:P21279	#f7ac8e	W10
UNIPROT:Q8CFV9	#f18f71	W10
UNIPROT:Q80UY1	#b40426	W10
UNIPROT:O35943	#dcdddd	W10
UNIPROT:Q9WTP7	#b40426	W10
UNIPROT:Q91W43	#b40426	W10
UNIPROT:Q9Z2L6	#b40426	W10
UNIPROT:O88428	#f7b194	W10
UNIPROT:A0A494B923	#f7b194	W10
UNIPROT:O08586	#f1ccb8	W10
UNIPROT:Q8K4K6	#ec8165	W10
UNIPROT:Q9Z110	#b40426	W10
UNIPROT:Q9DBJ1	#90b2fe	W10
UNIPROT:Q2TBE6	#b40426	W10
UNIPROT:P05201	#f08b6e	W10
UNIPROT:E9Q605	#b40426	W10
UNIPROT:E9QNL4	#b40426	W10
UNIPROT:Q9D6J5	#82a6fb	W10
UNIPROT:Q3V406	#82a6fb	W10
UNIPROT:Q3V1L4	#dc5d4a	W10
UNIPROT:A0A494B9X3	#dc5d4a	W10
UNIPROT:E9Q9M1	#dc5d4a	W10
UNIPROT:O09131	#e4d9d2	W10
UNIPROT:Q64133	#b40426	W10
UNIPROT:Q8BW75	#b40426	W10
UNIPROT:O09111	#3b4cc0	W10
UNIPROT:Q8CAD1	#f39475	W10
UNIPROT:P51881	#b40426	W10
UNIPROT:Q9Z2W9	#f2c9b4	W10
UNIPROT:Q6NVF0	#f7b79b	W10
UNIPROT:P00493	#e57058	W10
UNIPROT:Q9Z2C4	#f39577	W10
UNIPROT:A2ALL9	#c7d7f0	W10
UNIPROT:Q0VF55	#c7d7f0	W10
UNIPROT:Q8C048	#c7d7f0	W10
UNIPROT:P48410	#b40426	W10
UNIPROT:Q9R1Q9	#b40426	W10
UNIPROT:Q00612	#f08b6e	W10
UNIPROT:Q811Q9	#be242e	W10
UNIPROT:Q61102	#b40426	W10
UNIPROT:P56393	#3b4cc0	W10
UNIPROT:Q9D7G0	#f7af91	W10
UNIPROT:P97355	#ecd3c5	W10
UNIPROT:P70303	#f7b093	W10
UNIPROT:Q9CS42	#e67259	W10
UNIPROT:P53702	#f29072	W10
C00022	#779af7	W15
C00041	#cfdaea	W15
C00213	#e7d7ce	W15
C00186	#f7a98b	W15
C00116	#ccd9ed	W15
C01026	#4c66d6	W15
C00334	#f6a283	W15
C01089	#e57058	W15
C00065	#b40426	W15
C00519	#b40426	W15
C00106	#c6d6f1	W15
C00791	#bad0f8	W15
C00148	#b40426	W15
C00581	#b40426	W15
C00719	#5673e0	W15
C00188	#b40426	W15
C00263	#dc5d4a	W15
C00153	#f1cdba	W15
C00245	#a2c1ff	W15
C01879	#ca3b37	W15
C02714	#b70d28	W15
C01157	#f4987a	W15
C00123	#cc403a	W15
C00407	#b40426	W15
C00152	#b40426	W15
C00077	#b40426	W15
C00049	#ebd3c6	W15
C00262	#ebd3c6	W15
C00064	#b40426	W15
C00047	#be242e	W15
C00025	#edd2c3	W15
C00979	#f7b396	W15
C00073	#cc403a	W15
C00242	#f39577	W15
C00385	#b40426	W15
C00295	#85a8fc	W15
C02989	#b40426	W15
C00079	#536edd	W15
C00366	#e7d7ce	W15
C01152	#f4987a	W15
C00111	#e36c55	W15
C00093	#f18d6f	W15
C03771	#f5c0a7	W15
C00062	#b40426	W15
C00327	#b40426	W15
C00072	#90b2fe	W15
C00082	#ee8468	W15
C03964	#f5c2aa	W15
C00158	#d5dbe5	W15
C00257	#f6bda2	W15
C00078	#97b8ff	W15
C02305	#3b4cc0	W15
C02291	#b40426	W15
C00386	#b40426	W15
C00881	#d44e41	W15
C00199	#d0473d	W15
C00214	#f4987a	W15
C00475	#e36c55	W15
C00299	#f1cdba	W15
C00670	#cc403a	W15
C00103	#ec7f63	W15
C00092	#d0473d	W15
C00378	#ee8468	W15
C00212	#779af7	W15
C00294	#f5c2aa	W15
C00345	#5d7ce6	W15
C00387	#97b8ff	W15
C05382	#b40426	W15
C03406	#ca3b37	W15
C00051	#b3cdfb	W15
C00364	#f6a283	W15
C00055	#e7d7ce	W15
C00105	#f3c8b2	W15
C00020	#e7d7ce	W15
C00130	#e9d5cb	W15
C00144	#e4d9d2	W15
C00255	#f1cdba	W15
C00021	#cad8ef	W15
C00019	#f4c6af	W15
C00363	#90b2fe	W15
C00112	#4358cb	W15
C02477	#ec7f63	W15
C00035	#cad8ef	W15
C00570	#adc9fd	W15
C00063	#3b4cc0	W15
C00307	#9bbcff	W15
C00002	#779af7	W15
C05122	#a9c6fd	W15
C00044	#7597f6	W15
C00029	#ccd9ed	W15
C00043	#dadce0	W15
C00127	#e2dad5	W15
C00005	#b40426	W15
C00010	#b6cefa	W15
C00016	#e2dad5	W15
C00114	#ee8468	W15
C02835	#dfdbd9	W15
C00300	#dfdbd9	W15
C05828	#f4c6af	W15
C00346	#bcd2f7	W15
C00532	#d65244	W15
C00606	#3b4cc0	W15
C01042	#d5dbe5	W15
C00620	#b40426	W15
C02067	#edd2c3	W15
C01595	#ef886b	W15
C01530	#b40426	W15
C00170	#e9d5cb	W15
C12270	#f5c2aa	W15
C00219	#f5c0a7	W15
C03242	#f4c6af	W15
C16525	#ccd9ed	W15
C06429	#cc403a	W15
C16513	#f7a98b	W15
C16527	#f59d7e	W15
C01083	#b40426	W15
C00015	#d2dbe8	W15
C00008	#a2c1ff	W15
C00167	#a2c1ff	W15
