UNIPROT:P97823	#e4d9d2	W10
UNIPROT:Q8BVE3	#f2cab5	W10
UNIPROT:A0A0A6YX18	#f2cab5	W10
UNIPROT:P33534	#b40426	W10
UNIPROT:A0A5F8MP90	#b40426	W10
UNIPROT:Q14AL5	#b40426	W10
UNIPROT:Q3UVW8	#b40426	W10
UNIPROT:Q9ERE3	#e46e56	W10
UNIPROT:Q9D881	#bad0f8	W10
UNIPROT:Q9EPW0	#dadce0	W10
UNIPROT:A0A0R4J0Q2	#dadce0	W10
UNIPROT:D3YUD3	#dadce0	W10
UNIPROT:D3YUL8	#dadce0	W10
UNIPROT:D3Z230	#dadce0	W10
UNIPROT:E9Q9A0	#dadce0	W10
UNIPROT:E9QAD0	#dadce0	W10
UNIPROT:F6V2U0	#dadce0	W10
UNIPROT:Q3UEQ1	#dadce0	W10
UNIPROT:D3Z7P3	#bcd2f7	W10
UNIPROT:P49442	#b40426	W10
UNIPROT:Q8QZS1	#5f7fe8	W10
UNIPROT:Q499X9	#b40426	W10
UNIPROT:A2RT28	#b40426	W10
UNIPROT:O54754	#b40426	W10
UNIPROT:G3X8P9	#b40426	W10
UNIPROT:G3X982	#f6bfa6	W10
UNIPROT:Q8C6Q4	#f6bfa6	W10
UNIPROT:Q9CW59	#f6bfa6	W10
UNIPROT:Q3TYQ9	#f7b99e	W10
UNIPROT:Q9CQZ6	#b7cff9	W10
UNIPROT:Q91VD9	#98b9ff	W10
UNIPROT:Q01147	#bfd3f6	W10
UNIPROT:Q543W0	#bfd3f6	W10
UNIPROT:Q547S9	#bfd3f6	W10
UNIPROT:Q62347	#bfd3f6	W10
UNIPROT:O88844	#f7b093	W10
UNIPROT:Q9Z1T6	#d5dbe5	W10
UNIPROT:D3Z5N5	#d5dbe5	W10
UNIPROT:Q8VEE0	#b40426	W10
UNIPROT:B2KGF0	#b40426	W10
UNIPROT:O89112	#e36b54	W10
UNIPROT:E9Q876	#b40426	W10
UNIPROT:Q9CWJ9	#9abbff	W10
UNIPROT:Q8K3R3	#ef886b	W10
UNIPROT:D6RGN2	#ef886b	W10
UNIPROT:Q9DC29	#dadce0	W10
UNIPROT:Q9WUA2	#f7b599	W10
UNIPROT:Q9CZU5	#f7b599	W10
UNIPROT:P35569	#85a8fc	W10
UNIPROT:Q543V3	#85a8fc	W10
UNIPROT:O55057	#abc8fd	W10
UNIPROT:Q3TDQ8	#abc8fd	W10
UNIPROT:E9PUQ8	#bcd2f7	W10
UNIPROT:Q64435	#3b4cc0	W10
UNIPROT:Q99LC3	#6b8df0	W10
UNIPROT:Q9ES90	#3b4cc0	W10
UNIPROT:Q3TBY9	#3b4cc0	W10
UNIPROT:Q3TU48	#3b4cc0	W10
UNIPROT:Q8BS98	#3b4cc0	W10
UNIPROT:Q8CB97	#3b4cc0	W10
UNIPROT:P97930	#f7ad90	W10
UNIPROT:Q6GRA7	#f7ad90	W10
UNIPROT:Q922B2	#f3c8b2	W10
UNIPROT:Q8BJY7	#f3c8b2	W10
UNIPROT:E9QAN8	#a2c1ff	W10
UNIPROT:Q6Q477	#ebd3c6	W10
UNIPROT:D1FNM8	#ebd3c6	W10
UNIPROT:D1FNM9	#ebd3c6	W10
UNIPROT:E9Q828	#ebd3c6	W10
UNIPROT:F7AAP4	#ebd3c6	W10
UNIPROT:Q3UPA8	#ebd3c6	W10
UNIPROT:O08849	#f4c5ad	W10
UNIPROT:Q8BNJ3	#ed8366	W10
UNIPROT:Q5HZI3	#ed8366	W10
UNIPROT:P15105	#f3c7b1	W10
UNIPROT:Q8BIP0	#b40426	W10
UNIPROT:O08709	#f5c2aa	W10
UNIPROT:D3Z0Y2	#f5c2aa	W10
UNIPROT:Q6GT24	#f5c2aa	W10
UNIPROT:Q3UMG6	#f08b6e	W10
UNIPROT:Q8BUH2	#f08b6e	W10
UNIPROT:P14094	#dfdbd9	W10
UNIPROT:Q3TV47	#dfdbd9	W10
UNIPROT:Q545P0	#dfdbd9	W10
UNIPROT:Q8C0T9	#f0cdbb	W10
UNIPROT:E9Q9T4	#f0cdbb	W10
UNIPROT:Q99PM9	#d5dbe5	W10
UNIPROT:Q543C2	#d5dbe5	W10
UNIPROT:Q9JLJ2	#a7c5fe	W10
UNIPROT:Q3TMT4	#a7c5fe	W10
UNIPROT:Q3U367	#a7c5fe	W10
UNIPROT:Q3V1N7	#a7c5fe	W10
UNIPROT:Q9CPU4	#ead5c9	W10
UNIPROT:Q9CZB0	#dfdbd9	W10
UNIPROT:Q91WD5	#e3d9d3	W10
UNIPROT:P51175	#e6d7cf	W10
UNIPROT:Q3UQA3	#e6d7cf	W10
UNIPROT:Q6PIE5	#b70d28	W10
UNIPROT:Q3UHK5	#b70d28	W10
UNIPROT:Q9WUA6	#c9d7f0	W10
UNIPROT:Q8C6X4	#c9d7f0	W10
UNIPROT:P46664	#c5d6f2	W10
UNIPROT:B9EIE9	#c5d6f2	W10
UNIPROT:B2RXC2	#b40426	W10
UNIPROT:Q922Q4	#3b4cc0	W10
UNIPROT:Q3TMZ1	#3b4cc0	W10
UNIPROT:Q8BIJ6	#f3c8b2	W10
UNIPROT:E9PWN3	#f3c8b2	W10
UNIPROT:Q8CGC7	#f7b093	W10
UNIPROT:P27090	#9dbdff	W10
UNIPROT:A0A0A6YXU9	#9dbdff	W10
UNIPROT:Q3TWH5	#9dbdff	W10
UNIPROT:Q8CDZ9	#9dbdff	W10
UNIPROT:Q91YX5	#a6c4fe	W10
UNIPROT:E9QL80	#a6c4fe	W10
UNIPROT:Q3UZK0	#a6c4fe	W10
UNIPROT:Q6A0A4	#a6c4fe	W10
UNIPROT:Q9JKX6	#cedaeb	W10
UNIPROT:Q91VR2	#c5d6f2	W10
UNIPROT:A2AKU9	#c5d6f2	W10
UNIPROT:Q3UD06	#c5d6f2	W10
UNIPROT:Q8C2Q8	#c5d6f2	W10
UNIPROT:Q9QY80	#f6bea4	W10
UNIPROT:A2AQ81	#f6bea4	W10
UNIPROT:B9EHK9	#f6bea4	W10
UNIPROT:Q3V4A5	#f6bea4	W10
UNIPROT:Q91VF2	#b40426	W10
UNIPROT:A2AQK4	#b40426	W10
UNIPROT:A2AJ88	#afcafc	W10
UNIPROT:P35438	#df634e	W10
UNIPROT:A2AI14	#df634e	W10
UNIPROT:A2AI16	#df634e	W10
UNIPROT:A2AI17	#df634e	W10
UNIPROT:A2AI19	#df634e	W10
UNIPROT:A2AI20	#df634e	W10
UNIPROT:A2AI21	#df634e	W10
UNIPROT:A2AJ26	#ccd9ed	W10
UNIPROT:Q9JII1	#f7a889	W10
UNIPROT:A2AIX0	#f7a889	W10
UNIPROT:Q60992	#d85646	W10
UNIPROT:Q7TSI6	#d85646	W10
UNIPROT:Q8BTY1	#6a8bef	W10
UNIPROT:Q05CI8	#6a8bef	W10
UNIPROT:P52623	#ca3b37	W10
UNIPROT:A2AN37	#ca3b37	W10
UNIPROT:Q3V218	#ca3b37	W10
UNIPROT:Q9R0Y5	#f7b396	W10
UNIPROT:Q9DCJ5	#7da0f9	W10
UNIPROT:Q8BPP5	#d4dbe6	W10
UNIPROT:Q64521	#a9c6fd	W10
UNIPROT:Q8CGR7	#aac7fd	W10
UNIPROT:A2APN2	#aac7fd	W10
UNIPROT:Q3UEN1	#aac7fd	W10
UNIPROT:Q8BLN7	#aac7fd	W10
UNIPROT:Q8R093	#aac7fd	W10
UNIPROT:P48318	#b40426	W10
UNIPROT:D3Z1L8	#b40426	W10
UNIPROT:Q548L6	#b40426	W10
UNIPROT:P04756	#a6c4fe	W10
UNIPROT:Q05A24	#a6c4fe	W10
UNIPROT:P16951	#d8dce2	W10
UNIPROT:Q543G2	#d8dce2	W10
UNIPROT:Q640L6	#d8dce2	W10
UNIPROT:Q68FE3	#d8dce2	W10
UNIPROT:Q8CBR9	#d8dce2	W10
UNIPROT:P56384	#bed2f6	W10
UNIPROT:Q14BC2	#bed2f6	W10
UNIPROT:Q3UR32	#b1cbfc	W10
UNIPROT:Q9DCT2	#edd2c3	W10
UNIPROT:P24638	#bd1f2d	W10
UNIPROT:Q3UZN1	#bd1f2d	W10
UNIPROT:Q80UP3	#c0d4f5	W10
UNIPROT:A0A668KL90	#c0d4f5	W10
UNIPROT:A2AHJ7	#c0d4f5	W10
UNIPROT:A2AHK0	#c0d4f5	W10
UNIPROT:O70503	#f7af91	W10
UNIPROT:Q0VGQ1	#f7af91	W10
UNIPROT:Q9WVQ5	#5977e3	W10
UNIPROT:P24270	#b2ccfb	W10
UNIPROT:Q8R3J5	#b40426	W10
UNIPROT:Q8R071	#b40426	W10
UNIPROT:Q50L42	#c9d7f0	W10
UNIPROT:P30275	#ebd3c6	W10
UNIPROT:Q545N7	#ebd3c6	W10
UNIPROT:Q64442	#b2ccfb	W10
UNIPROT:Q9D964	#b40426	W10
UNIPROT:Q8VCG1	#f1ccb8	W10
UNIPROT:Q9CQ43	#f1ccb8	W10
UNIPROT:Q9CY64	#3c4ec2	W10
UNIPROT:P30545	#3b4cc0	W10
UNIPROT:Q925K6	#3b4cc0	W10
UNIPROT:O54918	#ecd3c5	W10
UNIPROT:Q3TR86	#ecd3c5	W10
UNIPROT:Q3U7X3	#ecd3c5	W10
UNIPROT:Q542N5	#ecd3c5	W10
UNIPROT:Q6PEB3	#ecd3c5	W10
UNIPROT:Q9D892	#dddcdc	W10
UNIPROT:Q60I30	#dddcdc	W10
UNIPROT:Q7M753	#3b4cc0	W10
UNIPROT:Q99K82	#cad8ef	W10
UNIPROT:A2ANQ4	#cad8ef	W10
UNIPROT:Q3TLR8	#cad8ef	W10
UNIPROT:Q3UPW5	#cad8ef	W10
UNIPROT:Q99L43	#de614d	W10
UNIPROT:A2AMQ5	#de614d	W10
UNIPROT:Q6PBC0	#de614d	W10
UNIPROT:Q8BX08	#de614d	W10
UNIPROT:Q8C0L9	#f5c0a7	W10
UNIPROT:Q80ZM8	#b40426	W10
UNIPROT:A0A0C3SFZ5	#b40426	W10
UNIPROT:Q9Z1B3	#b6cefa	W10
UNIPROT:Q3UPW0	#b6cefa	W10
UNIPROT:Q3U0P5	#e26952	W10
UNIPROT:P50247	#98b9ff	W10
UNIPROT:Q3TF14	#98b9ff	W10
UNIPROT:Q5M9P0	#98b9ff	W10
UNIPROT:Q99JP7	#f59d7e	W10
UNIPROT:P51855	#3b4cc0	W10
UNIPROT:Q3UEE2	#3b4cc0	W10
UNIPROT:Q541E2	#3b4cc0	W10
UNIPROT:Q9Z1J3	#f59c7d	W10
UNIPROT:Q9CTB2	#f59c7d	W10
UNIPROT:Q9CQ19	#f7b194	W10
UNIPROT:Q62077	#92b4fe	W10
UNIPROT:Q9JI11	#b2ccfb	W10
UNIPROT:Q60591	#3b4cc0	W10
UNIPROT:A2AQC8	#3b4cc0	W10
UNIPROT:B5B2P6	#3b4cc0	W10
UNIPROT:B5B2P7	#3b4cc0	W10
UNIPROT:B5B2P8	#3b4cc0	W10
UNIPROT:B5B2Q2	#3b4cc0	W10
UNIPROT:B5B2Q4	#3b4cc0	W10
UNIPROT:B5B2Q6	#3b4cc0	W10
UNIPROT:B5B2R5	#3b4cc0	W10
UNIPROT:Q3TTU8	#3b4cc0	W10
UNIPROT:Q8C443	#3b4cc0	W10
UNIPROT:P63094	#c6d6f1	W10
UNIPROT:Q6R0H6	#c6d6f1	W10
UNIPROT:Q6R0H7	#c6d6f1	W10
UNIPROT:Q9Z0F1	#c6d6f1	W10
UNIPROT:A0A571BEI3	#c6d6f1	W10
UNIPROT:P56382	#a9c6fd	W10
UNIPROT:Q545F5	#a9c6fd	W10
UNIPROT:Q91YL3	#df634e	W10
UNIPROT:A0A0A6YW07	#b9d0f9	W10
UNIPROT:Q924B0	#b9d0f9	W10
UNIPROT:P16015	#4c66d6	W10
UNIPROT:P00920	#3b4cc0	W10
UNIPROT:P70453	#b40426	W10
UNIPROT:Q3U3Y7	#b40426	W10
UNIPROT:Q6P5G2	#b40426	W10
UNIPROT:Q61147	#81a4fb	W10
UNIPROT:E9PZD8	#81a4fb	W10
UNIPROT:G3X8Q5	#81a4fb	W10
UNIPROT:G3X9T8	#81a4fb	W10
UNIPROT:Q8BU82	#81a4fb	W10
UNIPROT:P42337	#93b5fe	W10
UNIPROT:E9Q7U0	#d75445	W10
UNIPROT:Q9CQH3	#b2ccfb	W10
UNIPROT:D3Z568	#b2ccfb	W10
UNIPROT:Q64702	#3b4cc0	W10
UNIPROT:Q9CQY9	#e3d9d3	W10
UNIPROT:Q8VHL1	#f7b194	W10
UNIPROT:Q9R1E0	#f5c1a9	W10
UNIPROT:Q9ESG6	#3b4cc0	W10
UNIPROT:A0A0G2JEW9	#3b4cc0	W10
UNIPROT:Q544F4	#3b4cc0	W10
UNIPROT:Q9D8I2	#3b4cc0	W10
UNIPROT:Q4KWH5	#3b4cc0	W10
UNIPROT:H3BKK4	#3b4cc0	W10
UNIPROT:Q3THK7	#cedaeb	W10
UNIPROT:B2RRH9	#cedaeb	W10
UNIPROT:Q6R6I7	#b40426	W10
UNIPROT:Q4LG64	#e9d5cb	W10
UNIPROT:P48168	#b40426	W10
UNIPROT:A1KR23	#b40426	W10
UNIPROT:O54865	#b40426	W10
UNIPROT:Q3UTI4	#b40426	W10
UNIPROT:Q80YP4	#b40426	W10
UNIPROT:Q99JT1	#5e7de7	W10
UNIPROT:Q63943	#e8765c	W10
UNIPROT:E9QKT0	#e8765c	W10
UNIPROT:Q921S6	#e8765c	W10
UNIPROT:Q8R123	#afcafc	W10
UNIPROT:Q9ERK7	#799cf8	W10
UNIPROT:Q8BKC8	#f7b093	W10
UNIPROT:P70182	#f08a6c	W10
UNIPROT:Q8BIW1	#f6a385	W10
UNIPROT:Q3UQ84	#445acc	W10
UNIPROT:E9Q7H6	#445acc	W10
UNIPROT:Q3TP97	#445acc	W10
UNIPROT:Q922A3	#445acc	W10
UNIPROT:Q61753	#b40426	W10
UNIPROT:Q9CYK1	#8db0fe	W10
UNIPROT:Q8VDN2	#93b5fe	W10
UNIPROT:Q3TMF4	#c6d6f1	W10
UNIPROT:Q4FJP3	#c6d6f1	W10
UNIPROT:Q9D091	#c6d6f1	W10
UNIPROT:P62835	#a7c5fe	W10
UNIPROT:Q3U7U8	#a7c5fe	W10
UNIPROT:Q3V3W9	#a7c5fe	W10
UNIPROT:Q9CQQ7	#cfdaea	W10
UNIPROT:Q5I0W0	#cfdaea	W10
UNIPROT:Q8BGS7	#edd1c2	W10
UNIPROT:Q80SW1	#cad8ef	W10
UNIPROT:P48774	#abc8fd	W10
UNIPROT:Q80W21	#c3d5f4	W10
UNIPROT:P10649	#3b4cc0	W10
UNIPROT:A2AE89	#3b4cc0	W10
UNIPROT:Q8R5I6	#f3c8b2	W10
UNIPROT:A2AE91	#f3c8b2	W10
UNIPROT:Q9DBT5	#f3c8b2	W10
UNIPROT:A2AE27	#f3c8b2	W10
UNIPROT:Q9DC51	#c1d4f4	W10
UNIPROT:P26638	#d8dce2	W10
UNIPROT:Q8C483	#d8dce2	W10
UNIPROT:Q9R0C8	#92b4fe	W10
UNIPROT:P55096	#adc9fd	W10
UNIPROT:O09172	#7da0f9	W10
UNIPROT:Q4FJZ6	#7da0f9	W10
UNIPROT:Q8CG03	#799cf8	W10
UNIPROT:A0A0G2JF67	#799cf8	W10
UNIPROT:Q6PHZ2	#b40426	W10
UNIPROT:A0A0G2JGS4	#b40426	W10
UNIPROT:E9Q1T1	#b40426	W10
UNIPROT:E9Q1W0	#b40426	W10
UNIPROT:Q8CCM0	#b40426	W10
UNIPROT:Q920L5	#c6d6f1	W10
UNIPROT:Q9EPR2	#c0d4f5	W10
UNIPROT:Q60967	#edd1c2	W10
UNIPROT:Q3TUA8	#edd1c2	W10
UNIPROT:Q6NZM8	#edd1c2	W10
UNIPROT:Q91VM9	#bcd2f7	W10
UNIPROT:D3Z636	#bcd2f7	W10
UNIPROT:P25799	#5b7ae5	W10
UNIPROT:P63328	#f59f80	W10
UNIPROT:B2RRX2	#f59f80	W10
UNIPROT:P28474	#f0cdbb	W10
UNIPROT:Q6P5I3	#f0cdbb	W10
UNIPROT:Q71RI9	#b40426	W10
UNIPROT:P68181	#ecd3c5	W10
UNIPROT:P43117	#b7cff9	W10
UNIPROT:Q60I90	#b7cff9	W10
UNIPROT:Q8BNT7	#b7cff9	W10
UNIPROT:Q920P5	#3b4cc0	W10
UNIPROT:Q8BMS4	#f3c8b2	W10
UNIPROT:P47746	#edd1c2	W10
UNIPROT:A0A385KNU8	#edd1c2	W10
UNIPROT:Q3U186	#3b4cc0	W10
UNIPROT:Q3UIU2	#f7ba9f	W10
UNIPROT:A2AP31	#f7ba9f	W10
UNIPROT:P56380	#d1dae9	W10
UNIPROT:Q3V1C8	#d1dae9	W10
UNIPROT:Q3UNH6	#b3cdfb	W10
UNIPROT:Q6VVW5	#d55042	W10
UNIPROT:Q91Z53	#3b4cc0	W10
UNIPROT:Q3T9Z2	#3b4cc0	W10
UNIPROT:Q9CZS1	#4c66d6	W10
UNIPROT:Q80T41	#b40426	W10
UNIPROT:Q64729	#f29274	W10
UNIPROT:Q4FJL1	#f29274	W10
UNIPROT:Q9D5H8	#f29274	W10
UNIPROT:P41233	#dedcdb	W10
UNIPROT:Q8BPY1	#dedcdb	W10
UNIPROT:P10518	#efcebd	W10
UNIPROT:Q9DD05	#efcebd	W10
UNIPROT:Q9CR51	#d6dce4	W10
UNIPROT:Q5HZY7	#d6dce4	W10
UNIPROT:A6ZI46	#b40426	W10
UNIPROT:A2AKM2	#3b4cc0	W10
UNIPROT:Q9CQ65	#b40426	W10
UNIPROT:P05627	#b40426	W10
UNIPROT:Q52L79	#b40426	W10
UNIPROT:Q9D0F9	#7ea1fa	W10
UNIPROT:Q3U6X6	#7ea1fa	W10
UNIPROT:B1AWC8	#d8dce2	W10
UNIPROT:B1AWC9	#d8dce2	W10
UNIPROT:B1AWD0	#d8dce2	W10
UNIPROT:Q3TTI9	#d8dce2	W10
UNIPROT:Q6IQY6	#d8dce2	W10
UNIPROT:Q80VK8	#d8dce2	W10
UNIPROT:Q8VBU5	#d8dce2	W10
UNIPROT:Q8BRK8	#f5c4ac	W10
UNIPROT:Q99JY8	#445acc	W10
UNIPROT:P32020	#f4c6af	W10
UNIPROT:Q99LJ6	#bd1f2d	W10
UNIPROT:Q3TNK3	#bd1f2d	W10
UNIPROT:Q9CQU0	#df634e	W10
UNIPROT:Q9DBP5	#e7d7ce	W10
UNIPROT:A0A0R4J093	#e7d7ce	W10
UNIPROT:P99028	#ead4c8	W10
UNIPROT:Q64143	#9ebeff	W10
UNIPROT:Q3UXE9	#9ebeff	W10
UNIPROT:Q9JII6	#a5c3fe	W10
UNIPROT:Q540D7	#a5c3fe	W10
UNIPROT:Q80XJ7	#a5c3fe	W10
UNIPROT:P70697	#3e51c5	W10
UNIPROT:Q91V37	#ead5c9	W10
UNIPROT:Q3U889	#ead5c9	W10
UNIPROT:Q8VDG5	#b40426	W10
UNIPROT:Q6PFX8	#6180e9	W10
UNIPROT:Q70KY4	#c1d4f4	W10
UNIPROT:P70698	#779af7	W10
UNIPROT:Q99LY9	#b7cff9	W10
UNIPROT:Q8K337	#3b4cc0	W10
UNIPROT:Q8BVM4	#3b4cc0	W10
UNIPROT:A8Y5E7	#3b4cc0	W10
UNIPROT:B2RSR5	#3b4cc0	W10
UNIPROT:Q6P078	#3b4cc0	W10
UNIPROT:Q9WTP6	#f59c7d	W10
UNIPROT:Q91WQ3	#f6bfa6	W10
UNIPROT:A2A7S7	#f6bfa6	W10
UNIPROT:Q61165	#b40426	W10
UNIPROT:Q3UDC9	#b40426	W10
UNIPROT:P38060	#f7a889	W10
UNIPROT:Q9WTL7	#a1c0ff	W10
UNIPROT:Q8CHT0	#b7cff9	W10
UNIPROT:Q9CQA3	#cfdaea	W10
UNIPROT:P05125	#f29274	W10
UNIPROT:Q64674	#f6a385	W10
UNIPROT:Q543H0	#f6a385	W10
UNIPROT:P56469	#ee8468	W10
UNIPROT:Q9DCD0	#b7cff9	W10
UNIPROT:Q91V12	#e9d5cb	W10
UNIPROT:E9PYH2	#e9d5cb	W10
UNIPROT:P58058	#8db0fe	W10
UNIPROT:Q3UGI1	#8db0fe	W10
UNIPROT:P21447	#b40426	W10
UNIPROT:Q9QYS2	#b40426	W10
UNIPROT:B2RSH2	#90b2fe	W10
UNIPROT:Q9CXJ4	#a2c1ff	W10
UNIPROT:Q91WG5	#e6d7cf	W10
UNIPROT:Q3TMN8	#e6d7cf	W10
UNIPROT:Q8BIQ9	#e6d7cf	W10
UNIPROT:P07607	#de614d	W10
UNIPROT:Q544L2	#de614d	W10
UNIPROT:Q8BMS1	#d65244	W10
UNIPROT:Q80TA1	#f7b99e	W10
UNIPROT:B2RQC6	#bfd3f6	W10
UNIPROT:G3UWN2	#bfd3f6	W10
UNIPROT:Q3TTY0	#3b4cc0	W10
UNIPROT:Q8K255	#3b4cc0	W10
UNIPROT:P62141	#f1ccb8	W10
UNIPROT:Q8BSF4	#f7b599	W10
UNIPROT:E9PX91	#f7b599	W10
UNIPROT:Q505E1	#f7b599	W10
UNIPROT:Q3UGX3	#e2dad5	W10
UNIPROT:A0A0R4J0R4	#e2dad5	W10
UNIPROT:Q01337	#abc8fd	W10
UNIPROT:Q9EPL9	#3b4cc0	W10
UNIPROT:Q3TAW3	#3b4cc0	W10
UNIPROT:Q9CPY7	#88abfd	W10
UNIPROT:P97324	#b40426	W10
UNIPROT:G3UWD6	#b40426	W10
UNIPROT:Q7TSV4	#b40426	W10
UNIPROT:O70475	#f7af91	W10
UNIPROT:Q3TS38	#f7af91	W10
UNIPROT:P26048	#b5cdfa	W10
UNIPROT:Q544G1	#b5cdfa	W10
UNIPROT:Q9D6F4	#e1dad6	W10
UNIPROT:Q543Z0	#e1dad6	W10
UNIPROT:P50571	#7699f6	W10
UNIPROT:Q53WT3	#7699f6	W10
UNIPROT:Q3TKC5	#f2c9b4	W10
UNIPROT:Q3UGA8	#f2c9b4	W10
UNIPROT:Q3UGU3	#f2c9b4	W10
UNIPROT:Q8CIH9	#f2c9b4	W10
UNIPROT:Q9DCL9	#c7d7f0	W10
UNIPROT:Q8BWQ1	#d4dbe6	W10
UNIPROT:P43346	#b40426	W10
UNIPROT:Q545E8	#b40426	W10
UNIPROT:O08918	#c6d6f1	W10
UNIPROT:Q3TG40	#c6d6f1	W10
UNIPROT:Q5HZK4	#c6d6f1	W10
UNIPROT:Q8C4R2	#cc403a	W10
UNIPROT:Q8CAH8	#cc403a	W10
UNIPROT:Q8BGB7	#e7745b	W10
UNIPROT:Q66JT7	#abc8fd	W10
UNIPROT:Q61831	#f2c9b4	W10
UNIPROT:A0A5F8MP75	#f2c9b4	W10
UNIPROT:Q3TQZ7	#f2c9b4	W10
UNIPROT:Q78GB8	#f2c9b4	W10
UNIPROT:Q80W80	#f2c9b4	W10
UNIPROT:Q80W81	#f2c9b4	W10
UNIPROT:Q80W82	#f2c9b4	W10
UNIPROT:Q8C9D4	#f2c9b4	W10
UNIPROT:Q8BVU5	#afcafc	W10
UNIPROT:P23440	#3b4cc0	W10
UNIPROT:Q06185	#cad8ef	W10
UNIPROT:Q6P5E8	#94b6ff	W10
UNIPROT:Q9D273	#b40426	W10
UNIPROT:D3Z1G7	#b40426	W10
UNIPROT:Q07417	#f2cbb7	W10
UNIPROT:Q9CXI0	#f29274	W10
UNIPROT:Q8CBY0	#e8765c	W10
UNIPROT:P43024	#cbd8ee	W10
UNIPROT:Q9DCW5	#cbd8ee	W10
UNIPROT:Q8R216	#dbdcde	W10
UNIPROT:Q9R078	#f18d6f	W10
UNIPROT:Q542K0	#f18d6f	W10
UNIPROT:Q9Z0J4	#85a8fc	W10
UNIPROT:P47738	#b40426	W10
UNIPROT:A0A0G2JEU1	#b40426	W10
UNIPROT:Q544B1	#b40426	W10
UNIPROT:P63087	#dedcdb	W10
UNIPROT:Q6ZWM8	#dedcdb	W10
UNIPROT:O55143	#7a9df8	W10
UNIPROT:Q5DTI2	#7a9df8	W10
UNIPROT:D3YYR5	#b40426	W10
UNIPROT:D3Z5U5	#b40426	W10
UNIPROT:Q9Z256	#b40426	W10
UNIPROT:Q9Z257	#b40426	W10
UNIPROT:Q8BWG9	#d3dbe7	W10
UNIPROT:A3KCG1	#d3dbe7	W10
UNIPROT:Q8C131	#6180e9	W10
UNIPROT:A0A4Y1JWM1	#6180e9	W10
UNIPROT:E9PZR8	#6180e9	W10
UNIPROT:P15920	#f6bfa6	W10
UNIPROT:Q9D2R0	#efcebd	W10
UNIPROT:Q99LS3	#ebd3c6	W10
UNIPROT:Q6TEK5	#ccd9ed	W10
UNIPROT:A0A0M3HEP8	#ccd9ed	W10
UNIPROT:Q0VGU5	#ccd9ed	W10
UNIPROT:Q91YI0	#d7dce3	W10
UNIPROT:Q9ESZ8	#ead5c9	W10
UNIPROT:Q3UHU8	#ead5c9	W10
UNIPROT:Q9JI57	#b6cefa	W10
UNIPROT:Q5XJY7	#b6cefa	W10
UNIPROT:Q6PD35	#b6cefa	W10
UNIPROT:Q8BP10	#b6cefa	W10
UNIPROT:P08249	#b6cefa	W10
UNIPROT:P21836	#9fbfff	W10
UNIPROT:Q543Z1	#9fbfff	W10
UNIPROT:P27600	#d1dae9	W10
UNIPROT:P63001	#e7d7ce	W10
UNIPROT:K7Q7T7	#e7d7ce	W10
UNIPROT:Q3TLP8	#e7d7ce	W10
UNIPROT:P56135	#bbd1f8	W10
UNIPROT:Q62425	#b1cbfc	W10
UNIPROT:Q9CPP6	#aec9fc	W10
UNIPROT:D3YTQ8	#aec9fc	W10
UNIPROT:P50096	#b40426	W10
UNIPROT:Q9D1K2	#ccd9ed	W10
UNIPROT:Q68FL4	#bcd2f7	W10
UNIPROT:F8WGT1	#bcd2f7	W10
UNIPROT:F8WI65	#bcd2f7	W10
UNIPROT:P45376	#e0dbd8	W10
UNIPROT:Q3UDY1	#e0dbd8	W10
UNIPROT:G5E895	#f39778	W10
UNIPROT:Q8BIV6	#f39778	W10
UNIPROT:P15327	#d6dce4	W10
UNIPROT:D3YWQ0	#3b4cc0	W10
UNIPROT:Q8BH52	#4e68d8	W10
UNIPROT:Q9CPU2	#bbd1f8	W10
UNIPROT:P28028	#bfd3f6	W10
UNIPROT:Q9R0M5	#3b4cc0	W10
UNIPROT:Q91XE7	#efcfbf	W10
UNIPROT:A0A0N4SVQ2	#efcfbf	W10
UNIPROT:P57774	#b5cdfa	W10
UNIPROT:P62897	#d2dbe8	W10
UNIPROT:Q56A15	#d2dbe8	W10
UNIPROT:Q8K1L0	#3d50c3	W10
UNIPROT:A0A0N4SUK5	#3d50c3	W10
UNIPROT:A0A0N4SUW5	#3d50c3	W10
UNIPROT:A0A0N4SV71	#3d50c3	W10
UNIPROT:Q9D7X8	#d24b40	W10
UNIPROT:Q9CZD3	#dfdbd9	W10
UNIPROT:P70205	#93b5fe	W10
UNIPROT:E9Q3E8	#93b5fe	W10
UNIPROT:E9Q968	#93b5fe	W10
UNIPROT:Q6NXJ9	#93b5fe	W10
UNIPROT:Q64338	#b40426	W10
UNIPROT:A0A0N4SWG4	#b40426	W10
UNIPROT:A0A5F8MPG4	#b40426	W10
UNIPROT:E9Q7V6	#b40426	W10
UNIPROT:Q3USZ6	#b40426	W10
UNIPROT:Q5D0E7	#b40426	W10
UNIPROT:Q8CDV2	#b40426	W10
UNIPROT:Q9D5W0	#b40426	W10
UNIPROT:Q9D020	#c4d5f3	W10
UNIPROT:Q7TMS5	#3b4cc0	W10
UNIPROT:A0A0R4J0B6	#3b4cc0	W10
UNIPROT:Q61625	#f7b599	W10
UNIPROT:P48316	#ebd3c6	W10
UNIPROT:Q3UMH6	#ebd3c6	W10
UNIPROT:Q9QYC7	#c53334	W10
UNIPROT:B2RS80	#c53334	W10
UNIPROT:Q3THS6	#f7a688	W10
UNIPROT:Q99J57	#f7a688	W10
UNIPROT:O08528	#e97a5f	W10
UNIPROT:Q9QX60	#94b6ff	W10
UNIPROT:Q504N4	#94b6ff	W10
UNIPROT:Q9JIZ0	#aec9fc	W10
UNIPROT:E9PUL7	#aec9fc	W10
UNIPROT:P47856	#f2c9b4	W10
UNIPROT:P11881	#b2ccfb	W10
UNIPROT:Q3UVA1	#b2ccfb	W10
UNIPROT:Q8BQN0	#b2ccfb	W10
UNIPROT:Q8C7X9	#b2ccfb	W10
UNIPROT:Q8C8N0	#b2ccfb	W10
UNIPROT:Q68ED2	#3b4cc0	W10
UNIPROT:G5E8D5	#3b4cc0	W10
UNIPROT:Q8VEL2	#bd1f2d	W10
UNIPROT:Q9R0K7	#98b9ff	W10
UNIPROT:F8WHB1	#98b9ff	W10
UNIPROT:Q3UHH0	#98b9ff	W10
UNIPROT:Q3UHJ3	#98b9ff	W10
UNIPROT:Q99N57	#bad0f8	W10
UNIPROT:Q01815	#d6dce4	W10
UNIPROT:A0A087WS40	#d6dce4	W10
UNIPROT:A0A087WSE7	#d6dce4	W10
UNIPROT:C7TQ57	#d6dce4	W10
UNIPROT:C7TQ58	#d6dce4	W10
UNIPROT:C7TQ59	#d6dce4	W10
UNIPROT:C7TQ60	#d6dce4	W10
UNIPROT:C7TQ61	#d6dce4	W10
UNIPROT:C7TQ62	#d6dce4	W10
UNIPROT:F7C376	#d6dce4	W10
UNIPROT:F8WJL1	#d6dce4	W10
UNIPROT:Q0PCR6	#d6dce4	W10
UNIPROT:P50518	#85a8fc	W10
UNIPROT:Q80WS1	#f7b89c	W10
UNIPROT:Q91V01	#88abfd	W10
UNIPROT:P17751	#edd1c2	W10
UNIPROT:Q9DC69	#6b8df0	W10
UNIPROT:P30280	#bfd3f6	W10
UNIPROT:Q4FK45	#bfd3f6	W10
UNIPROT:Q8R3R8	#f7b99e	W10
UNIPROT:P46414	#ead5c9	W10
UNIPROT:Q01097	#f5c4ac	W10
UNIPROT:G3X9V4	#f5c4ac	W10
UNIPROT:P61249	#3e51c5	W10
UNIPROT:Q91YP3	#c9d7f0	W10
UNIPROT:P16125	#dddcdc	W10
UNIPROT:A0A6I8MX27	#dddcdc	W10
UNIPROT:Q9D4V0	#f7b093	W10
UNIPROT:P24288	#f59c7d	W10
UNIPROT:Q3TJN1	#f59c7d	W10
UNIPROT:Q8CBC8	#f59c7d	W10
UNIPROT:P32883	#e57058	W10
UNIPROT:Q0VDV7	#e57058	W10
UNIPROT:Q5J7N1	#e57058	W10
UNIPROT:Q9Z329	#b40426	W10
UNIPROT:Q8CED6	#b40426	W10
UNIPROT:Q9CQ91	#94b6ff	W10
UNIPROT:Q8CHK3	#d9dce1	W10
UNIPROT:Q80ZN9	#f59c7d	W10
UNIPROT:Q059Q8	#f59c7d	W10
UNIPROT:S4R2Q6	#f59c7d	W10
UNIPROT:V9GXN3	#f59c7d	W10
UNIPROT:Q8K596	#3b4cc0	W10
UNIPROT:P43252	#b6cefa	W10
UNIPROT:Q8CC99	#b6cefa	W10
UNIPROT:P0DP26	#ecd3c5	W10
UNIPROT:P0DP27	#ecd3c5	W10
UNIPROT:P0DP28	#ecd3c5	W10
UNIPROT:Q0P543	#f39778	W10
UNIPROT:P70460	#6788ee	W10
UNIPROT:Q6PIC6	#d7dce3	W10
UNIPROT:A0A0G2JGX4	#d7dce3	W10
UNIPROT:Q8R0E8	#d7dce3	W10
UNIPROT:Q8VCE0	#d7dce3	W10
UNIPROT:Q61626	#d0473d	W10
UNIPROT:Q80WU3	#d0473d	W10
UNIPROT:P54310	#f6bfa6	W10
UNIPROT:P04202	#b40426	W10
UNIPROT:Q3UNK5	#b40426	W10
UNIPROT:Q7TS72	#b40426	W10
UNIPROT:Q923D2	#3b4cc0	W10
UNIPROT:E9PZC4	#3b4cc0	W10
UNIPROT:Q3U6G1	#3b4cc0	W10
UNIPROT:O35405	#c9d7f0	W10
UNIPROT:Q60823	#cbd8ee	W10
UNIPROT:Q3TY95	#cbd8ee	W10
UNIPROT:Q8CE74	#cbd8ee	W10
UNIPROT:Q9JJL8	#f4c6af	W10
UNIPROT:Q8VDQ8	#c3d5f4	W10
UNIPROT:P56391	#9dbdff	W10
UNIPROT:P06745	#c1d4f4	W10
UNIPROT:O09046	#e57058	W10
UNIPROT:A0A0R4J0C2	#e57058	W10
UNIPROT:Q9JIF0	#f7b99e	W10
UNIPROT:A0A140LJ70	#f7b99e	W10
UNIPROT:Q3UIG8	#f7b99e	W10
UNIPROT:Q9CX58	#f7b99e	W10
UNIPROT:Q03391	#a9c6fd	W10
UNIPROT:B2RUS7	#f7b194	W10
UNIPROT:P06151	#f2cbb7	W10
UNIPROT:A0A1B0GSX0	#f2cbb7	W10
UNIPROT:Q564E2	#f2cbb7	W10
UNIPROT:P27681	#b40426	W10
UNIPROT:P63080	#e26952	W10
UNIPROT:Q8C446	#e26952	W10
UNIPROT:Q8BLY2	#b40426	W10
UNIPROT:Q60929	#92b4fe	W10
UNIPROT:Q60751	#f7bca1	W10
UNIPROT:E9QNX9	#f7bca1	W10
UNIPROT:Q3U1L4	#f7bca1	W10
UNIPROT:P54071	#d7dce3	W10
UNIPROT:Q9D114	#b6cefa	W10
UNIPROT:A0A0U1RNF0	#b6cefa	W10
UNIPROT:A0A0U1RQ53	#b6cefa	W10
UNIPROT:Q9CR53	#3b4cc0	W10
UNIPROT:D3Z621	#3b4cc0	W10
UNIPROT:Q9QWW1	#a9c6fd	W10
UNIPROT:E9Q4F9	#a9c6fd	W10
UNIPROT:Q3UVX5	#b40426	W10
UNIPROT:B2BH30	#b40426	W10
UNIPROT:B7ZMP7	#b40426	W10
UNIPROT:E9QMC2	#b40426	W10
UNIPROT:Q4VA56	#b40426	W10
UNIPROT:Q8BGV0	#b40426	W10
UNIPROT:Q8BXJ6	#b40426	W10
UNIPROT:Q9CQ54	#b6cefa	W10
UNIPROT:G5E884	#dadce0	W10
UNIPROT:P35383	#aec9fc	W10
UNIPROT:A0A0R4J289	#aec9fc	W10
UNIPROT:Q6P549	#dadce0	W10
UNIPROT:A1Y9I9	#b40426	W10
UNIPROT:P07742	#f7a98b	W10
UNIPROT:O08739	#e0dbd8	W10
UNIPROT:A0A1L1SRX2	#e0dbd8	W10
UNIPROT:P62071	#8badfd	W10
UNIPROT:Q9CTF6	#8badfd	W10
UNIPROT:Q61409	#c73635	W10
UNIPROT:E9QLQ3	#c73635	W10
UNIPROT:Q3UQ25	#c73635	W10
UNIPROT:Q61194	#c3d5f4	W10
UNIPROT:F8VPL2	#c3d5f4	W10
UNIPROT:P97478	#f6bda2	W10
UNIPROT:Q3TYT1	#f6bda2	W10
UNIPROT:Q9DB77	#d5dbe5	W10
UNIPROT:Q9CXJ1	#b40426	W10
UNIPROT:Q9CR21	#efcebd	W10
UNIPROT:Q569N0	#efcebd	W10
UNIPROT:Q8R429	#3b4cc0	W10
UNIPROT:Q63844	#adc9fd	W10
UNIPROT:P05064	#b3cdfb	W10
UNIPROT:A6ZI44	#b3cdfb	W10
UNIPROT:Q5FWB7	#b3cdfb	W10
UNIPROT:Q8VDP6	#85a8fc	W10
UNIPROT:A0A0U1RPV3	#85a8fc	W10
UNIPROT:Q9QY93	#ccd9ed	W10
UNIPROT:Q9CRC0	#a6c4fe	W10
UNIPROT:Q8CDA1	#f4c5ad	W10
UNIPROT:B2RQ14	#f4c5ad	W10
UNIPROT:Q8BP74	#5b7ae5	W10
UNIPROT:P29758	#f7aa8c	W10
UNIPROT:Q3TG75	#f7aa8c	W10
UNIPROT:Q3UKT3	#f7aa8c	W10
UNIPROT:P51163	#3b4cc0	W10
UNIPROT:Q3TPL3	#3b4cc0	W10
UNIPROT:Q3UG55	#3b4cc0	W10
UNIPROT:Q3UKR3	#3b4cc0	W10
UNIPROT:O55003	#9dbdff	W10
UNIPROT:Q8BH95	#5f7fe8	W10
UNIPROT:Q8R104	#3b4cc0	W10
UNIPROT:Q4FJK3	#3b4cc0	W10
UNIPROT:Q9Z1X2	#e4d9d2	W10
UNIPROT:Q61411	#c12b30	W10
UNIPROT:Q93092	#a2c1ff	W10
UNIPROT:Q9ER72	#b40426	W10
UNIPROT:Q3U716	#b40426	W10
UNIPROT:Q3UXN3	#b40426	W10
UNIPROT:P25322	#cbd8ee	W10
UNIPROT:Q790L7	#cbd8ee	W10
UNIPROT:P15208	#f2cab5	W10
UNIPROT:M4TKR7	#f2cab5	W10
UNIPROT:Q3TPM5	#f2cab5	W10
UNIPROT:Q3TRM4	#6180e9	W10
UNIPROT:A0A140LI54	#6180e9	W10
UNIPROT:P81122	#b70d28	W10
UNIPROT:Q8BYM8	#b40426	W10
UNIPROT:G3X975	#b40426	W10
UNIPROT:Q8BY51	#b40426	W10
UNIPROT:Q9D2Y6	#dbdcde	W10
UNIPROT:A0A1B0GRC8	#dbdcde	W10
UNIPROT:Q3UYF5	#dbdcde	W10
UNIPROT:Q9D1E8	#f7ad90	W10
UNIPROT:Q60931	#dcdddd	W10
UNIPROT:Q3TX38	#dcdddd	W10
UNIPROT:Q5EBQ0	#dcdddd	W10
UNIPROT:O88351	#bbd1f8	W10
UNIPROT:A0A0R4J0T4	#bbd1f8	W10
UNIPROT:Q5D0E0	#bbd1f8	W10
UNIPROT:Q8K2C8	#e7745b	W10
UNIPROT:Q3UMZ3	#ef886b	W10
UNIPROT:Q6P6K4	#ef886b	W10
UNIPROT:O54982	#3b4cc0	W10
UNIPROT:G3X9P7	#3b4cc0	W10
UNIPROT:P47791	#ead5c9	W10
UNIPROT:Q9Z2C9	#3c4ec2	W10
UNIPROT:P48962	#bbd1f8	W10
UNIPROT:Q8K2D6	#f7b89c	W10
UNIPROT:G3X908	#f7b89c	W10
UNIPROT:Q04573	#bed2f6	W10
UNIPROT:Q3V1K5	#bed2f6	W10
UNIPROT:P62814	#f29072	W10
UNIPROT:Q9ERS2	#cfdaea	W10
UNIPROT:Q99JP6	#f4987a	W10
UNIPROT:Q9JHU9	#dedcdb	W10
UNIPROT:O08908	#dfdbd9	W10
UNIPROT:Q9CQ60	#f5c0a7	W10
UNIPROT:D3Z4X1	#f5c0a7	W10
UNIPROT:Q61614	#3b4cc0	W10
UNIPROT:Q6P1Y8	#97b8ff	W10
UNIPROT:E9PVM1	#97b8ff	W10
UNIPROT:E9PVM3	#97b8ff	W10
UNIPROT:Q1A6U9	#97b8ff	W10
UNIPROT:Q1A6V0	#97b8ff	W10
UNIPROT:Q1A6V1	#97b8ff	W10
UNIPROT:Q3URI3	#97b8ff	W10
UNIPROT:Q9CR61	#a1c0ff	W10
UNIPROT:Q9CY27	#e2dad5	W10
UNIPROT:G3UWE1	#e2dad5	W10
UNIPROT:P05132	#a9c6fd	W10
UNIPROT:Q9CQT1	#f6a283	W10
UNIPROT:Q8C0C7	#d1dae9	W10
UNIPROT:Q8BGT5	#ec8165	W10
UNIPROT:Q80WJ6	#b40426	W10
UNIPROT:P51829	#90b2fe	W10
UNIPROT:Q3U1P1	#90b2fe	W10
UNIPROT:Q3U1X9	#90b2fe	W10
UNIPROT:Q3UU15	#90b2fe	W10
UNIPROT:Q64700	#6384eb	W10
UNIPROT:A0A1B0GR06	#6384eb	W10
UNIPROT:A0A1B0GRM0	#6384eb	W10
UNIPROT:P05202	#e46e56	W10
UNIPROT:Q8BN51	#f18d6f	W10
UNIPROT:P51863	#f1ccb8	W10
UNIPROT:Q3UZ64	#e7745b	W10
UNIPROT:Q8VEB4	#8db0fe	W10
UNIPROT:O35435	#e16751	W10
UNIPROT:Q8BGQ7	#82a6fb	W10
UNIPROT:Q3UD67	#82a6fb	W10
UNIPROT:P60521	#dadce0	W10
UNIPROT:Q99MN1	#eed0c0	W10
UNIPROT:Q3TIV6	#eed0c0	W10
UNIPROT:Q8R2P8	#eed0c0	W10
UNIPROT:Q91WK5	#b5cdfa	W10
UNIPROT:Q99J39	#eb7d62	W10
UNIPROT:P19783	#dfdbd9	W10
UNIPROT:A2RSV8	#dfdbd9	W10
UNIPROT:P08030	#ebd3c6	W10
UNIPROT:Q9JI39	#f5c1a9	W10
UNIPROT:Q3UTR7	#98b9ff	W10
UNIPROT:P98192	#b7cff9	W10
UNIPROT:Q545P6	#b7cff9	W10
UNIPROT:Q9CT84	#b7cff9	W10
UNIPROT:Q9CQA9	#f2cab5	W10
UNIPROT:Q8C373	#f2cab5	W10
UNIPROT:Q99NH2	#de614d	W10
UNIPROT:A0A0R4J1Y4	#de614d	W10
UNIPROT:A5D6P2	#de614d	W10
UNIPROT:B7ZNY3	#de614d	W10
UNIPROT:E9PYJ2	#de614d	W10
UNIPROT:G3XA13	#de614d	W10
UNIPROT:F8VQK3	#88abfd	W10
UNIPROT:Q3TNN8	#88abfd	W10
UNIPROT:Q3UH83	#88abfd	W10
UNIPROT:Q9CQF6	#b6cefa	W10
UNIPROT:Q9Z2W8	#f0cdbb	W10
UNIPROT:E9PX01	#f0cdbb	W10
UNIPROT:Q8C069	#f0cdbb	W10
UNIPROT:Q9Z2D1	#f5c4ac	W10
UNIPROT:Q6P572	#f5c4ac	W10
UNIPROT:P13864	#b7cff9	W10
UNIPROT:J3QNW0	#b7cff9	W10
UNIPROT:Q3UHZ3	#b7cff9	W10
UNIPROT:Q3UWN4	#b7cff9	W10
UNIPROT:Q7TSJ0	#b7cff9	W10
UNIPROT:P52592	#6a8bef	W10
UNIPROT:O89084	#3b4cc0	W10
UNIPROT:B2RTL2	#3b4cc0	W10
UNIPROT:Q3TUD0	#3b4cc0	W10
UNIPROT:Q91X56	#a7c5fe	W10
UNIPROT:Q60773	#f1cdba	W10
UNIPROT:Q3US51	#f1cdba	W10
UNIPROT:Q3UW31	#3b4cc0	W10
UNIPROT:Q8BMF5	#dc5d4a	W10
UNIPROT:Q91WA9	#dd5f4b	W10
UNIPROT:P22907	#ead4c8	W10
UNIPROT:Q3UBC6	#ead4c8	W10
UNIPROT:Q3UPG1	#ead4c8	W10
UNIPROT:Q9CPQ8	#dbdcde	W10
UNIPROT:Q9CXV1	#d9dce1	W10
UNIPROT:Q62388	#c43032	W10
UNIPROT:B9EHX4	#c43032	W10
UNIPROT:Q8QZT1	#f7b093	W10
UNIPROT:Q8BZB2	#b40426	W10
UNIPROT:A0A1L1ST77	#b40426	W10
UNIPROT:P12787	#e0dbd8	W10
UNIPROT:B2RY58	#d5dbe5	W10
UNIPROT:Q8BUN5	#f18d6f	W10
UNIPROT:P31938	#3b4cc0	W10
UNIPROT:Q3TMJ8	#3b4cc0	W10
UNIPROT:Q8K2C9	#d7dce3	W10
UNIPROT:Q9D799	#b40426	W10
UNIPROT:Q3V021	#b40426	W10
UNIPROT:P30276	#b40426	W10
UNIPROT:P97494	#b40426	W10
UNIPROT:Q3TEF1	#b40426	W10
UNIPROT:Q3UNA7	#b40426	W10
UNIPROT:Q8BHI7	#e9d5cb	W10
UNIPROT:P48771	#b5cdfa	W10
UNIPROT:Q9EQC4	#c6d6f1	W10
UNIPROT:P97370	#d2dbe8	W10
UNIPROT:Q544Q7	#d2dbe8	W10
UNIPROT:Q99JR6	#f7b89c	W10
UNIPROT:Q8BTI9	#b40426	W10
UNIPROT:Q6P3D0	#799cf8	W10
UNIPROT:Q8VC19	#f59f80	W10
UNIPROT:Q3V0B2	#f59f80	W10
UNIPROT:Q99JW2	#9abbff	W10
UNIPROT:A0A0R4J050	#9abbff	W10
UNIPROT:Q14BI2	#506bda	W10
UNIPROT:P08752	#f39577	W10
UNIPROT:Q8CFA2	#e4d9d2	W10
UNIPROT:A2RSW6	#e4d9d2	W10
UNIPROT:Q9QUI0	#e6d7cf	W10
UNIPROT:Q4VAE6	#e6d7cf	W10
UNIPROT:P11352	#d4dbe6	W10
UNIPROT:A0A0A6YVV2	#d4dbe6	W10
UNIPROT:Q8BML9	#aac7fd	W10
UNIPROT:P24547	#8caffe	W10
UNIPROT:Q3UAT9	#8caffe	W10
UNIPROT:Q9CZ13	#abc8fd	W10
UNIPROT:O88425	#b40426	W10
UNIPROT:Q3ULJ0	#d3dbe7	W10
UNIPROT:B2RSR7	#d3dbe7	W10
UNIPROT:Q80WP8	#f3c7b1	W10
UNIPROT:E9QP13	#f3c7b1	W10
UNIPROT:Q62312	#b40426	W10
UNIPROT:Q3UG22	#b40426	W10
UNIPROT:Q543C0	#b40426	W10
UNIPROT:Q8BQS9	#b40426	W10
UNIPROT:Q8R3B1	#3b4cc0	W10
UNIPROT:G5DDB7	#3b4cc0	W10
UNIPROT:Q8VCH0	#f08b6e	W10
UNIPROT:Q3UKM0	#f08b6e	W10
UNIPROT:Q921H8	#f6a385	W10
UNIPROT:Q8VDC0	#f7b79b	W10
UNIPROT:Q9EP69	#b7cff9	W10
UNIPROT:P42866	#b40426	W10
UNIPROT:A0A0R4J0Z2	#b40426	W10
UNIPROT:A1KZZ4	#b40426	W10
UNIPROT:Q9WVC6	#ed8366	W10
UNIPROT:E9Q1B0	#ed8366	W10
UNIPROT:E9Q8C1	#ed8366	W10
UNIPROT:Q6DYE8	#3b4cc0	W10
UNIPROT:Q3SXD3	#f7aa8c	W10
UNIPROT:D3Z6H8	#cdd9ec	W10
UNIPROT:P0DMN7	#f3c7b1	W10
UNIPROT:Q91WF7	#f3c7b1	W10
UNIPROT:Q9WVH4	#aac7fd	W10
UNIPROT:Q9CZN8	#ebd3c6	W10
UNIPROT:A0A1W2P6S5	#5977e3	W10
UNIPROT:Q60715	#e57058	W10
UNIPROT:E9Q7B0	#e57058	W10
UNIPROT:Q3TTT2	#e57058	W10
UNIPROT:Q3UF16	#e57058	W10
UNIPROT:Q9D819	#e0dbd8	W10
UNIPROT:Q4FK49	#e0dbd8	W10
UNIPROT:P17710	#b7cff9	W10
UNIPROT:B4YB29	#b7cff9	W10
UNIPROT:G3UVV4	#b7cff9	W10
UNIPROT:Q3TTB4	#b7cff9	W10
UNIPROT:Q6GQU1	#b7cff9	W10
UNIPROT:Q923E4	#3b4cc0	W10
UNIPROT:Q3UNI1	#3b4cc0	W10
UNIPROT:Q3USJ2	#3b4cc0	W10
UNIPROT:Q3USY7	#3b4cc0	W10
UNIPROT:Q53Z05	#3b4cc0	W10
UNIPROT:Q6PDY2	#f59f80	W10
UNIPROT:Q7TT16	#dedcdb	W10
UNIPROT:D3YWA2	#dedcdb	W10
UNIPROT:Q8VC97	#3b4cc0	W10
UNIPROT:Q3UEK4	#3b4cc0	W10
UNIPROT:Q60928	#de614d	W10
UNIPROT:Q4FK56	#de614d	W10
UNIPROT:P34884	#f6bea4	W10
UNIPROT:Q545F0	#f6bea4	W10
UNIPROT:P12382	#f39778	W10
UNIPROT:Q9D517	#dadce0	W10
UNIPROT:O88703	#bed2f6	W10
UNIPROT:Q91V24	#6a8bef	W10
UNIPROT:E9Q6G4	#6a8bef	W10
UNIPROT:O70325	#b9d0f9	W10
UNIPROT:Q76LV0	#b9d0f9	W10
UNIPROT:Q9WTK7	#dedcdb	W10
UNIPROT:Q3V4A1	#dedcdb	W10
UNIPROT:Q9D3D9	#d2dbe8	W10
UNIPROT:D3Z7S4	#d2dbe8	W10
UNIPROT:Q4FK74	#d2dbe8	W10
UNIPROT:Q9DC70	#7a9df8	W10
UNIPROT:O35969	#3b4cc0	W10
UNIPROT:Q9CPX8	#81a4fb	W10
UNIPROT:Q63932	#aec9fc	W10
UNIPROT:Q8CB46	#aec9fc	W10
UNIPROT:Q91YS7	#aec9fc	W10
UNIPROT:Q9D7C9	#3b4cc0	W10
UNIPROT:O70161	#dddcdc	W10
UNIPROT:F8WHW6	#dddcdc	W10
UNIPROT:P30987	#e7745b	W10
UNIPROT:Q5FW61	#e7745b	W10
UNIPROT:P21278	#d8dce2	W10
UNIPROT:Q3UPA1	#d8dce2	W10
UNIPROT:P59941	#bbd1f8	W10
UNIPROT:Q3UKP1	#bbd1f8	W10
UNIPROT:Q8C025	#3b4cc0	W10
UNIPROT:D3YU39	#3b4cc0	W10
UNIPROT:Q7TMF3	#c7d7f0	W10
UNIPROT:A0A0R4J275	#c7d7f0	W10
UNIPROT:G5E829	#cedaeb	W10
UNIPROT:Q9DBR7	#f5c0a7	W10
UNIPROT:Q9JIN6	#ecd3c5	W10
UNIPROT:P23804	#b40426	W10
UNIPROT:Q99JI6	#f2cbb7	W10
UNIPROT:Q52L50	#f2cbb7	W10
UNIPROT:Q3UHD9	#ead5c9	W10
UNIPROT:Q91XU3	#f7aa8c	W10
UNIPROT:Q68FL6	#e2dad5	W10
UNIPROT:E9QB02	#e2dad5	W10
UNIPROT:Q9CZN7	#d7dce3	W10
UNIPROT:P56480	#cfdaea	W10
UNIPROT:P97377	#d65244	W10
UNIPROT:Q3U6X7	#d65244	W10
UNIPROT:Q3UGB9	#d65244	W10
UNIPROT:Q8BZT7	#3b4cc0	W10
UNIPROT:Q6AXH0	#3b4cc0	W10
UNIPROT:Q8K296	#e7745b	W10
UNIPROT:B1ATD5	#e7745b	W10
UNIPROT:Q80U24	#e7745b	W10
UNIPROT:Q8R1I1	#d7dce3	W10
UNIPROT:Q5NCJ9	#d7dce3	W10
UNIPROT:P52792	#cbd8ee	W10
UNIPROT:Q5SVI5	#cbd8ee	W10
UNIPROT:Q5SVI6	#cbd8ee	W10
UNIPROT:P28652	#e5d8d1	W10
UNIPROT:Q5SVI0	#e5d8d1	W10
UNIPROT:Q5SVI2	#e5d8d1	W10
UNIPROT:Q5SVJ0	#e5d8d1	W10
UNIPROT:Q5SVJ1	#e5d8d1	W10
UNIPROT:Q68EG2	#e5d8d1	W10
UNIPROT:Q8BL41	#e5d8d1	W10
UNIPROT:O88444	#445acc	W10
UNIPROT:Q5SSE9	#b40426	W10
UNIPROT:Q63810	#edd2c3	W10
UNIPROT:Q91ZJ5	#9fbfff	W10
UNIPROT:Q3U548	#9fbfff	W10
UNIPROT:P14152	#abc8fd	W10
UNIPROT:A0A5F8MPN8	#abc8fd	W10
UNIPROT:Q9CQG1	#b40426	W10
UNIPROT:Q8R2W9	#f08a6c	W10
UNIPROT:Q5SXA7	#f08a6c	W10
UNIPROT:Q9D0I9	#d7dce3	W10
UNIPROT:Q99LB6	#a7c5fe	W10
UNIPROT:P22723	#b40426	W10
UNIPROT:P62812	#7b9ff9	W10
UNIPROT:Q3URD4	#7b9ff9	W10
UNIPROT:Q544F7	#7b9ff9	W10
UNIPROT:P63137	#adc9fd	W10
UNIPROT:Q9Z2Z9	#b40426	W10
UNIPROT:Q3V0X4	#b40426	W10
UNIPROT:Q9WTU6	#a2c1ff	W10
UNIPROT:Q5NCK8	#a2c1ff	W10
UNIPROT:Q8C094	#a2c1ff	W10
UNIPROT:Q5NCH9	#3b4cc0	W10
UNIPROT:A7MD55	#3b4cc0	W10
UNIPROT:Q8CFQ7	#3b4cc0	W10
UNIPROT:Q60932	#d4dbe6	W10
UNIPROT:Q9CQ69	#b2ccfb	W10
UNIPROT:Q60716	#bcd2f7	W10
UNIPROT:Q3UQ81	#bcd2f7	W10
UNIPROT:Q5SX74	#bcd2f7	W10
UNIPROT:Q5SX75	#bcd2f7	W10
UNIPROT:P23818	#ee8669	W10
UNIPROT:F6YNQ1	#ee8669	W10
UNIPROT:Q7TNB5	#ee8669	W10
UNIPROT:Q64520	#f4c5ad	W10
UNIPROT:E9Q7K1	#f4c5ad	W10
UNIPROT:Q8VCE6	#81a4fb	W10
UNIPROT:P50431	#3b4cc0	W10
UNIPROT:P47740	#b40426	W10
UNIPROT:B1AV77	#b40426	W10
UNIPROT:Q8CFY5	#ccd9ed	W10
UNIPROT:Q3U3N1	#ccd9ed	W10
UNIPROT:Q3UDN4	#ccd9ed	W10
UNIPROT:Q99KS6	#3b4cc0	W10
UNIPROT:Q5IXF8	#b40426	W10
UNIPROT:A0A158RFU9	#b40426	W10
UNIPROT:Q5SUR0	#aec9fc	W10
UNIPROT:P14231	#5470de	W10
UNIPROT:Q3UR55	#5470de	W10
UNIPROT:Q6P8J2	#cfdaea	W10
UNIPROT:A0A158SIT0	#cfdaea	W10
UNIPROT:Q9DCD6	#c5d6f2	W10
UNIPROT:P20782	#4b64d5	W10
UNIPROT:Q5SXG9	#4b64d5	W10
UNIPROT:P51576	#e4d9d2	W10
UNIPROT:Q704Y3	#f7b194	W10
UNIPROT:Q3V318	#f7b194	W10
UNIPROT:Q9QZX7	#f5c1a9	W10
UNIPROT:Q8C5L6	#ccd9ed	W10
UNIPROT:Q5ND43	#ccd9ed	W10
UNIPROT:P05063	#e0dbd8	W10
UNIPROT:O54949	#b40426	W10
UNIPROT:Q3TV73	#b40426	W10
UNIPROT:Q91XS1	#f7b79b	W10
UNIPROT:Q9R1C6	#92b4fe	W10
UNIPROT:Q6P8I6	#be242e	W10
UNIPROT:Q01768	#7093f3	W10
UNIPROT:Q5NC82	#7093f3	W10
UNIPROT:P15532	#c3d5f4	W10
UNIPROT:Q5NC81	#c3d5f4	W10
UNIPROT:Q9CR84	#bfd3f6	W10
UNIPROT:Q80XI4	#4f69d9	W10
UNIPROT:Q3UJ95	#4f69d9	W10
UNIPROT:Q60829	#f6bfa6	W10
UNIPROT:P63058	#bbd1f8	W10
UNIPROT:Q3UFY7	#f29274	W10
UNIPROT:P42227	#d6dce4	W10
UNIPROT:Q3ULI4	#d6dce4	W10
UNIPROT:Q6GU23	#d6dce4	W10
UNIPROT:Q9Z1G4	#ee8468	W10
UNIPROT:Q3TXT5	#ee8468	W10
UNIPROT:Q3TY98	#ee8468	W10
UNIPROT:Q9DBL7	#f7ba9f	W10
UNIPROT:Q6NSQ9	#f7bca1	W10
UNIPROT:P27601	#dcdddd	W10
UNIPROT:Q3UE40	#dcdddd	W10
UNIPROT:Q8K086	#dcdddd	W10
UNIPROT:Q9D034	#dcdddd	W10
UNIPROT:Q8K440	#b40426	W10
UNIPROT:A2AM56	#b40426	W10
UNIPROT:Q8K448	#b40426	W10
UNIPROT:Q04887	#b40426	W10
UNIPROT:P30875	#c9d7f0	W10
UNIPROT:Q01098	#b40426	W10
UNIPROT:A2A6S2	#b40426	W10
UNIPROT:Q9DCX2	#c7d7f0	W10
UNIPROT:Q9JM14	#d4dbe6	W10
UNIPROT:A2A9X5	#d4dbe6	W10
UNIPROT:Q60631	#c0d4f5	W10
UNIPROT:Q3U1Q4	#c0d4f5	W10
UNIPROT:Q3U5I5	#c0d4f5	W10
UNIPROT:Q9R0H0	#efcfbf	W10
UNIPROT:Q8BHF7	#d4dbe6	W10
UNIPROT:B9EKS7	#d4dbe6	W10
UNIPROT:Q8VCF1	#a7c5fe	W10
UNIPROT:Q922E4	#f7af91	W10
UNIPROT:A2ABY3	#f7af91	W10
UNIPROT:Q3USD5	#f7af91	W10
UNIPROT:Q8BKJ9	#bfd3f6	W10
UNIPROT:Q922W5	#e97a5f	W10
UNIPROT:Q3UTR5	#e97a5f	W10
UNIPROT:P60764	#7da0f9	W10
UNIPROT:Q14A12	#7da0f9	W10
UNIPROT:O88508	#e2dad5	W10
UNIPROT:P01193	#f59f80	W10
UNIPROT:Q8VHH7	#4961d2	W10
UNIPROT:B8JK56	#4961d2	W10
UNIPROT:Q80TY9	#4961d2	W10
UNIPROT:Q91ZP3	#f6a283	W10
UNIPROT:A0A1Y7VLN4	#f6a283	W10
UNIPROT:A0A5F8MQ53	#f6a283	W10
UNIPROT:E9QKQ5	#f6a283	W10
UNIPROT:Q8CD95	#f6a283	W10
UNIPROT:P70336	#85a8fc	W10
UNIPROT:F8VPK5	#85a8fc	W10
UNIPROT:Q3TR46	#85a8fc	W10
UNIPROT:P00860	#f2cab5	W10
UNIPROT:P11157	#b40426	W10
UNIPROT:Q8R3I2	#6e90f2	W10
UNIPROT:Q8BN01	#6e90f2	W10
UNIPROT:Q3U5Q7	#3b4cc0	W10
UNIPROT:Q99JT9	#3b4cc0	W10
UNIPROT:Q9D358	#f1ccb8	W10
UNIPROT:Q4VAI2	#f1ccb8	W10
UNIPROT:Q561M1	#f1ccb8	W10
UNIPROT:O08749	#6e90f2	W10
UNIPROT:Q5RJG7	#3b4cc0	W10
UNIPROT:A0A1Y7VK76	#3b4cc0	W10
UNIPROT:A0A1Y7VM96	#3b4cc0	W10
UNIPROT:Q6NS52	#96b7ff	W10
UNIPROT:Q60987	#cbd8ee	W10
UNIPROT:Q3V1Q8	#cbd8ee	W10
UNIPROT:Q9Z1E3	#a3c2fe	W10
UNIPROT:G3UXL2	#4961d2	W10
UNIPROT:Q3UYQ0	#4961d2	W10
UNIPROT:P30873	#3b4cc0	W10
UNIPROT:Q543T0	#3b4cc0	W10
UNIPROT:Q02384	#b40426	W10
UNIPROT:A0A0A0MQ87	#b40426	W10
UNIPROT:Q91YP0	#ea7b60	W10
UNIPROT:Q9CXA2	#ee8468	W10
UNIPROT:P57746	#a2c1ff	W10
UNIPROT:Q3U861	#a2c1ff	W10
UNIPROT:O08691	#ead4c8	W10
UNIPROT:Q9QYR9	#7b9ff9	W10
UNIPROT:Q6P2K2	#7b9ff9	W10
UNIPROT:O55137	#6e90f2	W10
UNIPROT:Q8BWN8	#cfdaea	W10
UNIPROT:Q14DI6	#cfdaea	W10
UNIPROT:Q9QYR7	#b40426	W10
UNIPROT:Q53YL1	#b40426	W10
UNIPROT:Q6Q2Z6	#5673e0	W10
UNIPROT:Q91YQ6	#5673e0	W10
UNIPROT:Q8R1S0	#b40426	W10
UNIPROT:Q9WUZ9	#e9785d	W10
UNIPROT:Q3TQC7	#e9785d	W10
UNIPROT:Q9EQ20	#f7b396	W10
UNIPROT:Q8K0L1	#f7b396	W10
UNIPROT:O89016	#ec8165	W10
UNIPROT:P01101	#b40426	W10
UNIPROT:Q9WVL0	#cd423b	W10
UNIPROT:A0A1Y7VNC1	#cd423b	W10
UNIPROT:Q9JJA0	#cd423b	W10
UNIPROT:P0DP26	#bcd2f7	W10
UNIPROT:P0DP27	#bcd2f7	W10
UNIPROT:P0DP28	#bcd2f7	W10
UNIPROT:Q3UKW2	#bcd2f7	W10
UNIPROT:Q8BYN3	#e1dad6	W10
UNIPROT:P32921	#f6bda2	W10
UNIPROT:Q3U6U7	#f6bda2	W10
UNIPROT:Q04447	#a2c1ff	W10
UNIPROT:P28650	#edd2c3	W10
UNIPROT:Q3UBP0	#edd2c3	W10
UNIPROT:P31750	#c7d7f0	W10
UNIPROT:Q9WUA3	#b40426	W10
UNIPROT:Q8C605	#b40426	W10
UNIPROT:E9Q401	#f49a7b	W10
UNIPROT:Q60835	#f49a7b	W10
UNIPROT:Q80ZZ5	#f49a7b	W10
UNIPROT:A6H5Y3	#3b4cc0	W10
UNIPROT:Q61602	#f7bca1	W10
UNIPROT:B2RUG4	#f7bca1	W10
UNIPROT:Q3TYX7	#f7bca1	W10
UNIPROT:Q8BWF0	#d4dbe6	W10
UNIPROT:B2RS41	#d4dbe6	W10
UNIPROT:P29754	#e36c55	W10
UNIPROT:Q9CR68	#bfd3f6	W10
UNIPROT:Q99M01	#da5a49	W10
UNIPROT:G3X9Q4	#da5a49	W10
UNIPROT:Q8BW46	#da5a49	W10
UNIPROT:Q9JLJ4	#f29072	W10
UNIPROT:A0A0R4J1P7	#f29072	W10
UNIPROT:Q543J1	#f29072	W10
UNIPROT:Q8K2C6	#c43032	W10
UNIPROT:A0A1Y7VM56	#c43032	W10
UNIPROT:Q9DCZ1	#b40426	W10
UNIPROT:Q6P1C1	#81a4fb	W10
UNIPROT:A0A217FL54	#81a4fb	W10
UNIPROT:Q8BU30	#eed0c0	W10
UNIPROT:Q9R0S0	#e36b54	W10
UNIPROT:Q8R0J8	#dadce0	W10
UNIPROT:D3Z4J6	#dadce0	W10
UNIPROT:Q61115	#b40426	W10
UNIPROT:Q3TQB0	#b40426	W10
UNIPROT:Q3UUD4	#b40426	W10
UNIPROT:Q5R252	#b40426	W10
UNIPROT:Q9CQB4	#a2c1ff	W10
UNIPROT:Q99LH2	#abc8fd	W10
UNIPROT:Q3V1Q3	#e9785d	W10
UNIPROT:P52503	#6e90f2	W10
UNIPROT:Q3TFD2	#dfdbd9	W10
UNIPROT:Q8K2B3	#6e90f2	W10
UNIPROT:Q8CFN5	#b2ccfb	W10
UNIPROT:A0A0G2JEC2	#b2ccfb	W10
UNIPROT:A0A0H2UH28	#b2ccfb	W10
UNIPROT:A0A0H2UKB6	#b2ccfb	W10
UNIPROT:Q3V1B5	#b2ccfb	W10
UNIPROT:P17665	#c7d7f0	W10
UNIPROT:Q9Z2Y3	#b40426	W10
UNIPROT:Q3UVL6	#b40426	W10
UNIPROT:Q5D052	#b40426	W10
UNIPROT:O35490	#b40426	W10
UNIPROT:P30558	#f5c1a9	W10
UNIPROT:Q8VCP8	#c7d7f0	W10
UNIPROT:P26450	#e0dbd8	W10
UNIPROT:Q3TP23	#e0dbd8	W10
UNIPROT:Q80UI5	#e0dbd8	W10
UNIPROT:Q8C7P2	#e0dbd8	W10
UNIPROT:Q01063	#ee8669	W10
UNIPROT:A2RSH1	#ee8669	W10
UNIPROT:A6XDA7	#ee8669	W10
UNIPROT:A6XDB0	#ee8669	W10
UNIPROT:B2KF84	#ee8669	W10
UNIPROT:E9PVU7	#ee8669	W10
UNIPROT:P53351	#f08b6e	W10
UNIPROT:Q3TV29	#f08b6e	W10
UNIPROT:Q548A9	#f08b6e	W10
UNIPROT:Q61469	#f2cbb7	W10
UNIPROT:Q9CXZ1	#f7b396	W10
UNIPROT:E9QPX3	#f7b396	W10
UNIPROT:Q8BGK0	#3b4cc0	W10
UNIPROT:Q8C1W8	#3b4cc0	W10
UNIPROT:Q8JZK9	#d1dae9	W10
UNIPROT:P37242	#b40426	W10
UNIPROT:Q3UZT5	#b40426	W10
UNIPROT:P48453	#dfdbd9	W10
UNIPROT:A0A6B9EQU3	#dfdbd9	W10
UNIPROT:E0CZ78	#dfdbd9	W10
UNIPROT:G3X8U7	#dfdbd9	W10
UNIPROT:Q923T9	#d2dbe8	W10
UNIPROT:Q6ZWS7	#d2dbe8	W10
UNIPROT:Q8BW40	#d2dbe8	W10
UNIPROT:P55264	#e1dad6	W10
UNIPROT:Q8BMC5	#e1dad6	W10
UNIPROT:Q60930	#edd1c2	W10
UNIPROT:Q08460	#b40426	W10
UNIPROT:A0A087WQ41	#b40426	W10
UNIPROT:A0A087WQN5	#b40426	W10
UNIPROT:A0A087WRS4	#b40426	W10
UNIPROT:A0A286YD35	#b40426	W10
UNIPROT:A0A286YDM6	#b40426	W10
UNIPROT:Q3UXG3	#b40426	W10
UNIPROT:Q99KR7	#d6dce4	W10
UNIPROT:Q99246	#f59f80	W10
UNIPROT:A0A286YD72	#f59f80	W10
UNIPROT:A0A589Q4M7	#f59f80	W10
UNIPROT:P40142	#f7ac8e	W10
UNIPROT:Q91Y86	#bcd2f7	W10
UNIPROT:A6P3E4	#bcd2f7	W10
UNIPROT:G3X8U9	#bcd2f7	W10
UNIPROT:Q544A0	#bcd2f7	W10
UNIPROT:Q7TSJ7	#bcd2f7	W10
UNIPROT:P26443	#d5dbe5	W10
UNIPROT:Q3TSQ7	#d5dbe5	W10
UNIPROT:P23492	#d2dbe8	W10
UNIPROT:Q543K9	#d2dbe8	W10
UNIPROT:Q8BH04	#3b4cc0	W10
UNIPROT:A0A0R4J0G0	#3b4cc0	W10
UNIPROT:Q99L27	#c3d5f4	W10
UNIPROT:Q99KP3	#3b4cc0	W10
UNIPROT:A7VMV2	#3b4cc0	W10
UNIPROT:Q8VE11	#86a9fc	W10
UNIPROT:E9Q6H0	#92b4fe	W10
UNIPROT:Q8BXH3	#92b4fe	W10
UNIPROT:Q91X60	#3b4cc0	W10
UNIPROT:P97718	#3b4cc0	W10
UNIPROT:Q8BUE5	#3b4cc0	W10
UNIPROT:Q8BXZ4	#3b4cc0	W10
UNIPROT:Q8BZV1	#3b4cc0	W10
UNIPROT:D3YXJ0	#f7b99e	W10
UNIPROT:A0A2I3BQ43	#f7b99e	W10
UNIPROT:A0JP53	#f7b99e	W10
UNIPROT:P48302	#6384eb	W10
UNIPROT:P29812	#cc403a	W10
UNIPROT:P16882	#e9785d	W10
UNIPROT:Q3UNY8	#e9785d	W10
UNIPROT:Q3UP14	#e9785d	W10
UNIPROT:Q9D0K2	#efcebd	W10
UNIPROT:Q5EG47	#c53334	W10
UNIPROT:Q3TUQ7	#c53334	W10
UNIPROT:Q8BUX6	#c53334	W10
UNIPROT:Q8C5H8	#5e7de7	W10
UNIPROT:Q9CUB4	#5e7de7	W10
UNIPROT:Q9Z0Z3	#455cce	W10
UNIPROT:A0A087WQ11	#455cce	W10
UNIPROT:Q569Z9	#455cce	W10
UNIPROT:Q08501	#b40426	W10
UNIPROT:G3UVW6	#b40426	W10
UNIPROT:Q3TNP6	#b40426	W10
UNIPROT:Q8C5N1	#b40426	W10
UNIPROT:Q9D0R2	#b6cefa	W10
UNIPROT:Q9CPQ1	#b2ccfb	W10
UNIPROT:Q6PEE3	#3b4cc0	W10
UNIPROT:Q9Z1G3	#88abfd	W10
UNIPROT:Q9CPU7	#5470de	W10
UNIPROT:Q9CQJ8	#9ebeff	W10
UNIPROT:Q9DCC4	#b1cbfc	W10
UNIPROT:Q8K010	#7ea1fa	W10
UNIPROT:Q9D0M3	#bbd1f8	W10
UNIPROT:Q8QZR5	#3b4cc0	W10
UNIPROT:Q566C3	#3b4cc0	W10
UNIPROT:P52196	#b40426	W10
UNIPROT:Q545S0	#b40426	W10
UNIPROT:Q99J99	#f7b79b	W10
UNIPROT:P97819	#a9c6fd	W10
UNIPROT:Q3U613	#a9c6fd	W10
UNIPROT:Q3UN31	#a9c6fd	W10
UNIPROT:Q9JMK2	#cdd9ec	W10
UNIPROT:Q3TYE1	#cdd9ec	W10
UNIPROT:Q06507	#d6dce4	W10
UNIPROT:Q8CF69	#d6dce4	W10
UNIPROT:P54822	#d65244	W10
UNIPROT:B2RWS6	#cad8ef	W10
UNIPROT:Q8BJ14	#cad8ef	W10
UNIPROT:Q9CQZ5	#d1dae9	W10
UNIPROT:P50637	#3b4cc0	W10
UNIPROT:O08911	#3b4cc0	W10
UNIPROT:Q9WUI1	#b40426	W10
UNIPROT:Q99N42	#ee8669	W10
UNIPROT:O55229	#86a9fc	W10
UNIPROT:Q54AG5	#86a9fc	W10
UNIPROT:Q61285	#a1c0ff	W10
UNIPROT:Q8VCC8	#f7b99e	W10
UNIPROT:E9Q2E5	#f7b99e	W10
UNIPROT:Q3TES7	#f7b99e	W10
UNIPROT:Q3UQC2	#f7b99e	W10
UNIPROT:P47857	#e16751	W10
UNIPROT:Q01341	#b40426	W10
UNIPROT:A0A2I3BRC5	#b40426	W10
UNIPROT:F8VQ52	#b40426	W10
UNIPROT:O54950	#d2dbe8	W10
UNIPROT:Q3TWR3	#d2dbe8	W10
UNIPROT:Q9DBE0	#b8122a	W10
UNIPROT:A0A2R8VHX0	#b8122a	W10
UNIPROT:Q9WVA8	#c32e31	W10
UNIPROT:P56383	#b2ccfb	W10
UNIPROT:Q01065	#ecd3c5	W10
UNIPROT:A0A2I3BPC1	#ecd3c5	W10
UNIPROT:Q6PDS5	#ecd3c5	W10
UNIPROT:Q9DBS6	#ecd3c5	W10
UNIPROT:A0A0U1RQB6	#a6c4fe	W10
UNIPROT:F8VPR5	#a6c4fe	W10
UNIPROT:Q6GQV9	#a6c4fe	W10
UNIPROT:P51830	#de614d	W10
UNIPROT:E9Q706	#de614d	W10
UNIPROT:O70252	#d5dbe5	W10
UNIPROT:Q544R7	#d5dbe5	W10
UNIPROT:P61922	#b40426	W10
UNIPROT:Q6A4J8	#a9c6fd	W10
UNIPROT:E9PXY8	#a9c6fd	W10
UNIPROT:F8VPX1	#a9c6fd	W10
UNIPROT:P35436	#b40426	W10
UNIPROT:O35379	#f29072	W10
UNIPROT:A5D6P3	#f29072	W10
UNIPROT:Q8BYL4	#efcebd	W10
UNIPROT:Q8BJJ2	#efcebd	W10
UNIPROT:P63085	#efcfbf	W10
UNIPROT:E9Q3L2	#7093f3	W10
UNIPROT:A0A140T8I9	#7093f3	W10
UNIPROT:A0A1S6GWJ7	#7093f3	W10
UNIPROT:O54803	#3b4cc0	W10
UNIPROT:E9PY29	#3b4cc0	W10
UNIPROT:Q149L9	#3b4cc0	W10
UNIPROT:Q9WU79	#5470de	W10
UNIPROT:O88587	#ef886b	W10
UNIPROT:Q9R1X5	#dbdcde	W10
UNIPROT:Q6P8Q2	#dbdcde	W10
UNIPROT:Q91WG7	#b40426	W10
UNIPROT:Q570Z5	#b40426	W10
UNIPROT:Q8C413	#b40426	W10
UNIPROT:P60041	#b40426	W10
UNIPROT:Q545V6	#b40426	W10
UNIPROT:Q80XN0	#85a8fc	W10
UNIPROT:P49586	#bad0f8	W10
UNIPROT:P13439	#f7b093	W10
UNIPROT:Q544K9	#f7b093	W10
UNIPROT:B1B1A8	#6f92f3	W10
UNIPROT:Q9D3B1	#f49a7b	W10
UNIPROT:P84309	#7699f6	W10
UNIPROT:Q9CQC7	#ebd3c6	W10
UNIPROT:P56394	#6b8df0	W10
UNIPROT:Q54AC6	#6b8df0	W10
UNIPROT:P50516	#e9d5cb	W10
UNIPROT:Q9JHW2	#7da0f9	W10
UNIPROT:P36552	#f7af91	W10
UNIPROT:B2RXA8	#f6bda2	W10
UNIPROT:P97450	#aec9fc	W10
UNIPROT:E9Q1R7	#bfd3f6	W10
UNIPROT:G3UWG2	#bfd3f6	W10
UNIPROT:Q3UHH6	#bfd3f6	W10
UNIPROT:Q3UVX2	#bfd3f6	W10
UNIPROT:Q6P1D6	#bfd3f6	W10
UNIPROT:D3Z656	#c9d7f0	W10
UNIPROT:E9Q7S0	#c9d7f0	W10
UNIPROT:Q64737	#d7dce3	W10
UNIPROT:Q9D2G5	#b40426	W10
UNIPROT:D3YZB2	#b40426	W10
UNIPROT:E9Q4P5	#b40426	W10
UNIPROT:F8WHD8	#b40426	W10
UNIPROT:Q3TTB3	#b40426	W10
UNIPROT:Q8CA95	#e1dad6	W10
UNIPROT:A0A384DV92	#e1dad6	W10
UNIPROT:Q7TPG2	#e1dad6	W10
UNIPROT:Q8K4X7	#e7d7ce	W10
UNIPROT:P20918	#f6a586	W10
UNIPROT:Q3V1T9	#f6a586	W10
UNIPROT:Q80X81	#aac7fd	W10
UNIPROT:Q8CAY6	#f5c0a7	W10
UNIPROT:P09671	#e67259	W10
UNIPROT:Q4FJX9	#e67259	W10
UNIPROT:Q9QZQ1	#cfdaea	W10
UNIPROT:E9Q9C3	#cfdaea	W10
UNIPROT:Q9Z2A0	#adc9fd	W10
UNIPROT:F2Z3X6	#adc9fd	W10
UNIPROT:Q3TRL2	#adc9fd	W10
UNIPROT:Q3UGN6	#adc9fd	W10
UNIPROT:Q3UHZ0	#adc9fd	W10
UNIPROT:P63082	#dfdbd9	W10
UNIPROT:A3KML5	#dfdbd9	W10
UNIPROT:Q8R420	#b2ccfb	W10
UNIPROT:Q3TN91	#b2ccfb	W10
UNIPROT:Q6AXE3	#b2ccfb	W10
UNIPROT:Q9DCS9	#cedaeb	W10
UNIPROT:Q9WV85	#bad0f8	W10
UNIPROT:Q9WV84	#3b4cc0	W10
UNIPROT:Q9CQD8	#cbd8ee	W10
UNIPROT:P47811	#ead4c8	W10
UNIPROT:Q5U421	#ead4c8	W10
UNIPROT:P39689	#5b7ae5	W10
UNIPROT:Q564P6	#5b7ae5	W10
UNIPROT:Q64343	#e8765c	W10
UNIPROT:Q0VDW9	#e8765c	W10
UNIPROT:O70628	#f7b396	W10
UNIPROT:D3Z408	#f7b396	W10
UNIPROT:Q8BSU4	#f7b396	W10
UNIPROT:Q8BK30	#f1ccb8	W10
UNIPROT:Q3U422	#f1ccb8	W10
UNIPROT:Q9Z1P6	#a6c4fe	W10
UNIPROT:O35083	#d6dce4	W10
UNIPROT:A0A0R4J263	#d6dce4	W10
UNIPROT:A0A0A0MQ69	#bbd1f8	W10
UNIPROT:Q3UJ07	#bbd1f8	W10
UNIPROT:Q9Z1Q9	#efcfbf	W10
UNIPROT:Q790I0	#efcfbf	W10
UNIPROT:Q9WTT4	#f3c8b2	W10
UNIPROT:G5E923	#f3c8b2	W10
UNIPROT:Q54A87	#f3c8b2	W10
UNIPROT:Q3U2A8	#b40426	W10
UNIPROT:Q9WV18	#bbd1f8	W10
UNIPROT:Q8BTJ4	#e0654f	W10
UNIPROT:Q14CH7	#c12b30	W10
UNIPROT:Q9QXF8	#e2dad5	W10
UNIPROT:G5E814	#d2dbe8	W10
UNIPROT:Q9D6J6	#c5d6f2	W10
UNIPROT:Q99PI5	#c6d6f1	W10
UNIPROT:E9PWN0	#c6d6f1	W10
UNIPROT:Q3UN02	#f7b497	W10
UNIPROT:B0V2Q7	#f7b497	W10
UNIPROT:Q00519	#f29274	W10
UNIPROT:Q9CVF2	#f29274	W10
UNIPROT:Q62245	#f4c5ad	W10
UNIPROT:Q3USK4	#f4c5ad	W10
UNIPROT:P70414	#8caffe	W10
UNIPROT:A0A3Q4EBU5	#8caffe	W10
UNIPROT:G3X9J1	#8caffe	W10
UNIPROT:Q27PY9	#8caffe	W10
UNIPROT:Q68FL0	#8caffe	W10
UNIPROT:Q61387	#d9dce1	W10
UNIPROT:E9PZS8	#d9dce1	W10
UNIPROT:Q3UDK5	#d9dce1	W10
UNIPROT:P16054	#f5c4ac	W10
UNIPROT:P0DP26	#dadce0	W10
UNIPROT:P0DP27	#dadce0	W10
UNIPROT:P0DP28	#dadce0	W10
UNIPROT:P30730	#de614d	W10
UNIPROT:O70176	#e36c55	W10
UNIPROT:Q3UYH8	#e36c55	W10
UNIPROT:Q8BJT8	#e36c55	W10
UNIPROT:P70335	#ccd9ed	W10
UNIPROT:Q3UE22	#ccd9ed	W10
UNIPROT:Q6PF93	#f7a688	W10
UNIPROT:Q9CQ75	#bbd1f8	W10
UNIPROT:Q61035	#f2c9b4	W10
UNIPROT:Q99KK9	#f5a081	W10
UNIPROT:G5E823	#f5a081	W10
UNIPROT:Q8R5G7	#85a8fc	W10
UNIPROT:P06537	#b50927	W10
UNIPROT:Q8BMJ2	#f7ba9f	W10
UNIPROT:Q7TSZ3	#f7ba9f	W10
UNIPROT:Q9CQY1	#f7b79b	W10
UNIPROT:P51660	#ead4c8	W10
UNIPROT:Q9DBF1	#3b4cc0	W10
UNIPROT:Q4QRK2	#a1c0ff	W10
UNIPROT:Q544X6	#a1c0ff	W10
UNIPROT:Q8BP47	#c5d6f2	W10
UNIPROT:A0A498WGK2	#c5d6f2	W10
UNIPROT:Q8R1I2	#89acfd	W10
UNIPROT:P41149	#3b4cc0	W10
UNIPROT:G3UWB6	#3b4cc0	W10
UNIPROT:Q496T0	#3b4cc0	W10
UNIPROT:P97471	#f2c9b4	W10
UNIPROT:Q03265	#d4dbe6	W10
UNIPROT:P56479	#5b7ae5	W10
UNIPROT:Q9D1A2	#5d7ce6	W10
UNIPROT:O54804	#f49a7b	W10
UNIPROT:Q9JHF5	#f4c5ad	W10
UNIPROT:Q8K3J1	#5e7de7	W10
UNIPROT:Q3UY05	#5e7de7	W10
UNIPROT:Q5M9P5	#5e7de7	W10
UNIPROT:Q91YT0	#e0dbd8	W10
UNIPROT:P19157	#bbd1f8	W10
UNIPROT:P46425	#dddcdc	W10
UNIPROT:P62137	#cad8ef	W10
UNIPROT:Q04207	#f7b599	W10
UNIPROT:Q548Y4	#f7b599	W10
UNIPROT:Q61337	#aec9fc	W10
UNIPROT:Q3U9H3	#aec9fc	W10
UNIPROT:P51432	#b40426	W10
UNIPROT:Q8CI86	#b40426	W10
UNIPROT:Q64445	#cbd8ee	W10
UNIPROT:Q8C0M9	#dbdcde	W10
UNIPROT:Q9Z0R9	#b7cff9	W10
UNIPROT:Q920L1	#e9d5cb	W10
UNIPROT:Q99K85	#efcebd	W10
UNIPROT:Q3U6K9	#efcebd	W10
UNIPROT:Q543K5	#efcebd	W10
UNIPROT:P21279	#f7b599	W10
UNIPROT:Q3UHH5	#f7b599	W10
UNIPROT:Q8CFV9	#d44e41	W10
UNIPROT:Q80UY1	#b40426	W10
UNIPROT:O35943	#6b8df0	W10
UNIPROT:Q3TV21	#6b8df0	W10
UNIPROT:Q9WTP7	#92b4fe	W10
UNIPROT:Q91W43	#6a8bef	W10
UNIPROT:Q9Z2L6	#e0dbd8	W10
UNIPROT:O88428	#d6dce4	W10
UNIPROT:A0A494B923	#d6dce4	W10
UNIPROT:O08586	#f7b89c	W10
UNIPROT:A0A6G7SF19	#f7b89c	W10
UNIPROT:Q3UUT8	#f7b89c	W10
UNIPROT:Q8K4K6	#b40426	W10
UNIPROT:Q543J7	#b40426	W10
UNIPROT:Q9Z110	#98b9ff	W10
UNIPROT:Q9DBJ1	#f7ad90	W10
UNIPROT:Q3U7Z6	#f7ad90	W10
UNIPROT:Q9DCU9	#3b4cc0	W10
UNIPROT:Q2TBE6	#f29274	W10
UNIPROT:P05201	#3b4cc0	W10
UNIPROT:E9Q605	#e7d7ce	W10
UNIPROT:E9QNL4	#e7d7ce	W10
UNIPROT:Q3TPN9	#e7d7ce	W10
UNIPROT:Q3UDK0	#e7d7ce	W10
UNIPROT:Q8CBT3	#e7d7ce	W10
UNIPROT:P13011	#8caffe	W10
UNIPROT:Q9D6J5	#e3d9d3	W10
UNIPROT:Q3V406	#e3d9d3	W10
UNIPROT:Q3V1L4	#afcafc	W10
UNIPROT:A0A494B9X3	#afcafc	W10
UNIPROT:E9Q9M1	#afcafc	W10
UNIPROT:O09131	#bed2f6	W10
UNIPROT:Q61586	#f7ba9f	W10
UNIPROT:Q64133	#f7ac8e	W10
UNIPROT:Q3TPD9	#f7ac8e	W10
UNIPROT:Q3UJ53	#f7ac8e	W10
UNIPROT:Q8BW75	#3b4cc0	W10
UNIPROT:O09111	#90b2fe	W10
UNIPROT:P04627	#9bbcff	W10
UNIPROT:Q8CAD1	#9bbcff	W10
UNIPROT:P51881	#90b2fe	W10
UNIPROT:Q545A2	#90b2fe	W10
UNIPROT:O35683	#f6bda2	W10
UNIPROT:Q545K0	#f6bda2	W10
UNIPROT:Q9Z2W9	#c9d7f0	W10
UNIPROT:B0QZW1	#c9d7f0	W10
UNIPROT:Q0VGS8	#c9d7f0	W10
UNIPROT:Q3UY17	#c9d7f0	W10
UNIPROT:Q6NVF0	#f7b093	W10
UNIPROT:P00493	#a6c4fe	W10
UNIPROT:Q9Z2C5	#b40426	W10
UNIPROT:B1AW21	#b40426	W10
UNIPROT:Q3UDN6	#b40426	W10
UNIPROT:Q9D4L1	#b40426	W10
UNIPROT:Q9Z2C4	#f4987a	W10
UNIPROT:A2ALL9	#d8dce2	W10
UNIPROT:Q0VF55	#d8dce2	W10
UNIPROT:Q8C048	#d8dce2	W10
UNIPROT:P48410	#3b4cc0	W10
UNIPROT:Q9R1Q9	#aac7fd	W10
UNIPROT:Q3TWN7	#aac7fd	W10
UNIPROT:Q3UWN7	#aac7fd	W10
UNIPROT:Q00612	#ed8366	W10
UNIPROT:Q790Y8	#ed8366	W10
UNIPROT:Q811Q9	#b40426	W10
UNIPROT:Q9WVH3	#3b4cc0	W10
UNIPROT:B1AUT3	#3b4cc0	W10
UNIPROT:Q4KL34	#3b4cc0	W10
UNIPROT:Q61102	#7597f6	W10
UNIPROT:P56393	#81a4fb	W10
UNIPROT:Q5FW98	#81a4fb	W10
UNIPROT:Q8BLG2	#3b4cc0	W10
UNIPROT:Q9D7G0	#c6d6f1	W10
UNIPROT:P08680	#3b4cc0	W10
UNIPROT:A2AFM0	#3b4cc0	W10
UNIPROT:A2AFM1	#3b4cc0	W10
UNIPROT:P48026	#c9d7f0	W10
UNIPROT:Q3V2Q2	#c9d7f0	W10
UNIPROT:P97355	#c3d5f4	W10
UNIPROT:P70303	#f2cbb7	W10
UNIPROT:Q9CS42	#3b4cc0	W10
UNIPROT:P53702	#c9d7f0	W10
UNIPROT:Q8BP79	#c9d7f0	W10
C00022	#c7d7f0	W15
C00041	#d9dce1	W15
C00213	#dfdbd9	W15
C00186	#ead5c9	W15
C00116	#d9dce1	W15
C01026	#bcd2f7	W15
C00334	#ead4c8	W15
C01089	#efcebd	W15
C00065	#f6bda2	W15
C00519	#f7b396	W15
C00106	#d7dce3	W15
C00791	#d5dbe5	W15
C00148	#f7ad90	W15
C00581	#f7b093	W15
C00719	#bfd3f6	W15
C00188	#f7b396	W15
C00263	#f1ccb8	W15
C00153	#e2dad5	W15
C00245	#cfdaea	W15
C01879	#f3c8b2	W15
C02714	#f4c5ad	W15
C01157	#ecd3c5	W15
C00123	#f2c9b4	W15
C00407	#f7bca1	W15
C00152	#f7bca1	W15
C00077	#f5c0a7	W15
C00049	#e0dbd8	W15
C00262	#e0dbd8	W15
C00064	#f7bca1	W15
C00047	#f4c6af	W15
C00025	#e1dad6	W15
C00979	#e8d6cc	W15
C00073	#f2c9b4	W15
C00242	#ecd3c5	W15
C00385	#f7b599	W15
C00295	#cad8ef	W15
C02989	#f5c4ac	W15
C00079	#bfd3f6	W15
C00366	#dfdbd9	W15
C01152	#ecd3c5	W15
C00111	#f0cdbb	W15
C00093	#edd2c3	W15
C03771	#e5d8d1	W15
C00062	#f7bca1	W15
C00327	#f6bea4	W15
C00072	#ccd9ed	W15
C00082	#eed0c0	W15
C03964	#e5d8d1	W15
C00158	#dbdcde	W15
C00257	#e6d7cf	W15
C00078	#cdd9ec	W15
C02305	#9ebeff	W15
C02291	#f7b093	W15
C00386	#f5c0a7	W15
C00881	#f2cab5	W15
C00199	#f2cab5	W15
C00214	#ecd3c5	W15
C00475	#f0cdbb	W15
C00299	#e2dad5	W15
C00670	#f2c9b4	W15
C00103	#eed0c0	W15
C00092	#f2cab5	W15
C00378	#eed0c0	W15
C00212	#c7d7f0	W15
C00294	#e5d8d1	W15
C00345	#c1d4f4	W15
C00387	#cdd9ec	W15
C05382	#f5c0a7	W15
C03406	#f3c8b2	W15
C00051	#d4dbe6	W15
C00364	#ead4c8	W15
C00055	#dfdbd9	W15
C00105	#e4d9d2	W15
C00020	#dfdbd9	W15
C00130	#e0dbd8	W15
C00144	#dedcdb	W15
C00255	#e2dad5	W15
C00021	#d8dce2	W15
C00019	#e4d9d2	W15
C00363	#ccd9ed	W15
C00112	#bad0f8	W15
C02477	#eed0c0	W15
C00035	#d8dce2	W15
C00570	#d2dbe8	W15
C00063	#b1cbfc	W15
C00307	#cedaeb	W15
C00002	#c7d7f0	W15
C05122	#d2dbe8	W15
C00044	#c6d6f1	W15
C00029	#d9dce1	W15
C00043	#dcdddd	W15
C00127	#dedcdb	W15
C00005	#ee8669	W15
C00010	#d4dbe6	W15
C00016	#dedcdb	W15
C00114	#eed0c0	W15
C02835	#dddcdc	W15
C00300	#dddcdc	W15
C05828	#e4d9d2	W15
C00346	#d5dbe5	W15
C00532	#f2cbb7	W15
C00606	#81a4fb	W15
C01042	#dbdcde	W15
C00620	#f6bda2	W15
C02067	#e1dad6	W15
C01595	#edd1c2	W15
C01530	#f5c0a7	W15
C00170	#e0dbd8	W15
C12270	#e5d8d1	W15
C00219	#e5d8d1	W15
C03242	#e4d9d2	W15
C16525	#d9dce1	W15
C06429	#f2c9b4	W15
C16513	#ead5c9	W15
C16527	#ebd3c6	W15
C01083	#f6bda2	W15
C00015	#dadce0	W15
C00008	#cfdaea	W15
C00167	#cfdaea	W15
