UNIPROT:P97823	#dddddd	W10
UNIPROT:Q8BVE3	#dddddd	W10
UNIPROT:A0A0A6YX18	#dddddd	W10
UNIPROT:Q9ERE3	#dddddd	W10
UNIPROT:Q9D881	#dddddd	W10
UNIPROT:Q9EPW0	#dddddd	W10
UNIPROT:A0A0R4J0Q2	#dddddd	W10
UNIPROT:D3YUD3	#dddddd	W10
UNIPROT:D3YUL8	#dddddd	W10
UNIPROT:D3Z230	#dddddd	W10
UNIPROT:E9Q9A0	#dddddd	W10
UNIPROT:E9QAD0	#dddddd	W10
UNIPROT:F6V2U0	#dddddd	W10
UNIPROT:Q3UEQ1	#dddddd	W10
UNIPROT:D3Z7P3	#dddddd	W10
UNIPROT:P49442	#dddddd	W10
UNIPROT:Q8QZS1	#dddddd	W10
UNIPROT:Q499X9	#dddddd	W10
UNIPROT:A2RT28	#dddddd	W10
UNIPROT:Q3TYQ9	#dddddd	W10
UNIPROT:Q9CQZ6	#dddddd	W10
UNIPROT:Q91VD9	#dddddd	W10
UNIPROT:Q01147	#dddddd	W10
UNIPROT:Q543W0	#dddddd	W10
UNIPROT:Q547S9	#dddddd	W10
UNIPROT:Q62347	#dddddd	W10
UNIPROT:O88844	#dddddd	W10
UNIPROT:Q9Z1T6	#dddddd	W10
UNIPROT:D3Z5N5	#dddddd	W10
UNIPROT:Q8VEE0	#dddddd	W10
UNIPROT:B2KGF0	#dddddd	W10
UNIPROT:O89112	#dddddd	W10
UNIPROT:Q9CWJ9	#dddddd	W10
UNIPROT:Q9DC29	#dddddd	W10
UNIPROT:Q9WUA2	#dddddd	W10
UNIPROT:Q9CZU5	#dddddd	W10
UNIPROT:P35569	#dddddd	W10
UNIPROT:Q543V3	#dddddd	W10
UNIPROT:O55057	#dddddd	W10
UNIPROT:Q3TDQ8	#dddddd	W10
UNIPROT:Q61839	#dddddd	W10
UNIPROT:Q544K5	#dddddd	W10
UNIPROT:Q9ES52	#dddddd	W10
UNIPROT:E9PUQ8	#dddddd	W10
UNIPROT:Q99LC3	#dddddd	W10
UNIPROT:P97930	#dddddd	W10
UNIPROT:Q6GRA7	#dddddd	W10
UNIPROT:Q922B2	#dddddd	W10
UNIPROT:Q8BJY7	#dddddd	W10
UNIPROT:E9QAN8	#dddddd	W10
UNIPROT:A7MCT6	#dddddd	W10
UNIPROT:Q6Q477	#dddddd	W10
UNIPROT:D1FNM8	#dddddd	W10
UNIPROT:D1FNM9	#dddddd	W10
UNIPROT:E9Q828	#dddddd	W10
UNIPROT:F7AAP4	#dddddd	W10
UNIPROT:Q3UPA8	#dddddd	W10
UNIPROT:Q60612	#dddddd	W10
UNIPROT:Q3URG8	#dddddd	W10
UNIPROT:Q3UYG0	#dddddd	W10
UNIPROT:Q6AXD8	#dddddd	W10
UNIPROT:Q8CAH1	#dddddd	W10
UNIPROT:O08849	#dddddd	W10
UNIPROT:Q8BNJ3	#dddddd	W10
UNIPROT:Q5HZI3	#dddddd	W10
UNIPROT:P15105	#dddddd	W10
UNIPROT:Q8BIP0	#dddddd	W10
UNIPROT:O08709	#dddddd	W10
UNIPROT:D3Z0Y2	#dddddd	W10
UNIPROT:Q6GT24	#dddddd	W10
UNIPROT:Q3UMG6	#dddddd	W10
UNIPROT:Q8BUH2	#dddddd	W10
UNIPROT:P14094	#dddddd	W10
UNIPROT:Q3TV47	#dddddd	W10
UNIPROT:Q545P0	#dddddd	W10
UNIPROT:Q8C0T9	#dddddd	W10
UNIPROT:E9Q9T4	#dddddd	W10
UNIPROT:Q99PM9	#dddddd	W10
UNIPROT:Q543C2	#dddddd	W10
UNIPROT:Q9JLJ2	#dddddd	W10
UNIPROT:Q3TMT4	#dddddd	W10
UNIPROT:Q3U367	#dddddd	W10
UNIPROT:Q3V1N7	#dddddd	W10
UNIPROT:Q9CPU4	#dddddd	W10
UNIPROT:Q9CZB0	#dddddd	W10
UNIPROT:Q91WD5	#dddddd	W10
UNIPROT:P51175	#dddddd	W10
UNIPROT:Q3UQA3	#dddddd	W10
UNIPROT:Q6PIE5	#dddddd	W10
UNIPROT:Q3UHK5	#dddddd	W10
UNIPROT:Q9WUA6	#dddddd	W10
UNIPROT:Q8C6X4	#dddddd	W10
UNIPROT:P46664	#dddddd	W10
UNIPROT:B9EIE9	#dddddd	W10
UNIPROT:B2RXC2	#dddddd	W10
UNIPROT:Q922Q4	#dddddd	W10
UNIPROT:Q3TMZ1	#dddddd	W10
UNIPROT:Q8BIJ6	#dddddd	W10
UNIPROT:E9PWN3	#dddddd	W10
UNIPROT:Q8CGC7	#dddddd	W10
UNIPROT:P27090	#dddddd	W10
UNIPROT:A0A0A6YXU9	#dddddd	W10
UNIPROT:Q3TWH5	#dddddd	W10
UNIPROT:Q8CDZ9	#dddddd	W10
UNIPROT:Q91YX5	#dddddd	W10
UNIPROT:E9QL80	#dddddd	W10
UNIPROT:Q3UZK0	#dddddd	W10
UNIPROT:Q6A0A4	#dddddd	W10
UNIPROT:Q9JKX6	#dddddd	W10
UNIPROT:Q91VR2	#dddddd	W10
UNIPROT:A2AKU9	#dddddd	W10
UNIPROT:Q3UD06	#dddddd	W10
UNIPROT:Q8C2Q8	#dddddd	W10
UNIPROT:Q9QY80	#dddddd	W10
UNIPROT:A2AQ81	#dddddd	W10
UNIPROT:B9EHK9	#dddddd	W10
UNIPROT:Q3V4A5	#dddddd	W10
UNIPROT:O70172	#dddddd	W10
UNIPROT:Q544E3	#dddddd	W10
UNIPROT:P48320	#dddddd	W10
UNIPROT:Q548L4	#dddddd	W10
UNIPROT:Q91VF2	#dddddd	W10
UNIPROT:A2AQK4	#dddddd	W10
UNIPROT:P35438	#dddddd	W10
UNIPROT:A2AI14	#dddddd	W10
UNIPROT:A2AI16	#dddddd	W10
UNIPROT:A2AI17	#dddddd	W10
UNIPROT:A2AI19	#dddddd	W10
UNIPROT:A2AI20	#dddddd	W10
UNIPROT:A2AI21	#dddddd	W10
UNIPROT:A2AJ26	#dddddd	W10
UNIPROT:Q9JII1	#dddddd	W10
UNIPROT:A2AIX0	#dddddd	W10
UNIPROT:Q8K3K7	#dddddd	W10
UNIPROT:Q059U0	#dddddd	W10
UNIPROT:Q9CWA8	#dddddd	W10
UNIPROT:Q60992	#dddddd	W10
UNIPROT:Q7TSI6	#dddddd	W10
UNIPROT:P16460	#dddddd	W10
UNIPROT:Q3UJ34	#dddddd	W10
UNIPROT:P52623	#dddddd	W10
UNIPROT:A2AN37	#dddddd	W10
UNIPROT:Q3V218	#dddddd	W10
UNIPROT:Q6U7H8	#dddddd	W10
UNIPROT:Q9R0Y5	#dddddd	W10
UNIPROT:Q9DCJ5	#dddddd	W10
UNIPROT:Q9D7F2	#dddddd	W10
UNIPROT:Q8BPP5	#dddddd	W10
UNIPROT:Q64521	#dddddd	W10
UNIPROT:Q8CGR7	#dddddd	W10
UNIPROT:A2APN2	#dddddd	W10
UNIPROT:Q3UEN1	#dddddd	W10
UNIPROT:Q8BLN7	#dddddd	W10
UNIPROT:Q8R093	#dddddd	W10
UNIPROT:P55095	#dddddd	W10
UNIPROT:P48318	#dddddd	W10
UNIPROT:D3Z1L8	#dddddd	W10
UNIPROT:Q548L6	#dddddd	W10
UNIPROT:Q9EQZ6	#dddddd	W10
UNIPROT:A2ASW4	#dddddd	W10
UNIPROT:A2ASW8	#dddddd	W10
UNIPROT:Q571A8	#dddddd	W10
UNIPROT:Q9CS95	#dddddd	W10
UNIPROT:P16951	#dddddd	W10
UNIPROT:Q543G2	#dddddd	W10
UNIPROT:Q640L6	#dddddd	W10
UNIPROT:Q68FE3	#dddddd	W10
UNIPROT:Q8CBR9	#dddddd	W10
UNIPROT:P56384	#dddddd	W10
UNIPROT:Q14BC2	#dddddd	W10
UNIPROT:P0C1Q2	#dddddd	W10
UNIPROT:Q61481	#dddddd	W10
UNIPROT:Q9DCT2	#dddddd	W10
UNIPROT:P24638	#dddddd	W10
UNIPROT:Q3UZN1	#dddddd	W10
UNIPROT:Q80UP3	#dddddd	W10
UNIPROT:A0A668KL90	#dddddd	W10
UNIPROT:A2AHJ7	#dddddd	W10
UNIPROT:A2AHK0	#dddddd	W10
UNIPROT:Q9Z125	#dddddd	W10
UNIPROT:A0A0R4J082	#dddddd	W10
UNIPROT:O70503	#dddddd	W10
UNIPROT:Q0VGQ1	#dddddd	W10
UNIPROT:Q9WVQ5	#dddddd	W10
UNIPROT:P24270	#dddddd	W10
UNIPROT:P21237	#dddddd	W10
UNIPROT:Q541P3	#dddddd	W10
UNIPROT:Q6NVG1	#dddddd	W10
UNIPROT:A3KGF7	#dddddd	W10
UNIPROT:E9PYI3	#dddddd	W10
UNIPROT:Q3V3V2	#dddddd	W10
UNIPROT:Q8R3J5	#dddddd	W10
UNIPROT:Q8R071	#dddddd	W10
UNIPROT:Q50L42	#dddddd	W10
UNIPROT:P30275	#dddddd	W10
UNIPROT:Q545N7	#dddddd	W10
UNIPROT:Q64442	#dddddd	W10
UNIPROT:Q9D964	#dddddd	W10
UNIPROT:Q8VCG1	#dddddd	W10
UNIPROT:Q9CQ43	#dddddd	W10
UNIPROT:Q9CY64	#dddddd	W10
UNIPROT:O54918	#dddddd	W10
UNIPROT:Q3TR86	#dddddd	W10
UNIPROT:Q3U7X3	#dddddd	W10
UNIPROT:Q542N5	#dddddd	W10
UNIPROT:Q6PEB3	#dddddd	W10
UNIPROT:O35852	#dddddd	W10
UNIPROT:Q3UZW2	#dddddd	W10
UNIPROT:Q9D892	#dddddd	W10
UNIPROT:Q60I30	#dddddd	W10
UNIPROT:Q7M753	#dddddd	W10
UNIPROT:Q99K82	#dddddd	W10
UNIPROT:A2ANQ4	#dddddd	W10
UNIPROT:Q3TLR8	#dddddd	W10
UNIPROT:Q3UPW5	#dddddd	W10
UNIPROT:Q99L43	#dddddd	W10
UNIPROT:A2AMQ5	#dddddd	W10
UNIPROT:Q6PBC0	#dddddd	W10
UNIPROT:Q8BX08	#dddddd	W10
UNIPROT:Q8C0L9	#dddddd	W10
UNIPROT:Q80ZM8	#dddddd	W10
UNIPROT:A0A0C3SFZ5	#dddddd	W10
UNIPROT:Q9Z1B3	#dddddd	W10
UNIPROT:Q3UPW0	#dddddd	W10
UNIPROT:Q91UZ1	#dddddd	W10
UNIPROT:Q3U0P5	#dddddd	W10
UNIPROT:O88509	#dddddd	W10
UNIPROT:Q3KR45	#dddddd	W10
UNIPROT:Q541E5	#dddddd	W10
UNIPROT:P50247	#dddddd	W10
UNIPROT:Q3TF14	#dddddd	W10
UNIPROT:Q5M9P0	#dddddd	W10
UNIPROT:Q99JP7	#dddddd	W10
UNIPROT:P51855	#dddddd	W10
UNIPROT:Q3UEE2	#dddddd	W10
UNIPROT:Q541E2	#dddddd	W10
UNIPROT:Q9Z1J3	#dddddd	W10
UNIPROT:Q9CTB2	#dddddd	W10
UNIPROT:Q9CQ19	#dddddd	W10
UNIPROT:Q62077	#dddddd	W10
UNIPROT:P03958	#dddddd	W10
UNIPROT:Q4FK28	#dddddd	W10
UNIPROT:Q9JI11	#dddddd	W10
UNIPROT:Q60591	#dddddd	W10
UNIPROT:A2AQC8	#dddddd	W10
UNIPROT:B5B2P6	#dddddd	W10
UNIPROT:B5B2P7	#dddddd	W10
UNIPROT:B5B2P8	#dddddd	W10
UNIPROT:B5B2Q2	#dddddd	W10
UNIPROT:B5B2Q4	#dddddd	W10
UNIPROT:B5B2Q6	#dddddd	W10
UNIPROT:B5B2R5	#dddddd	W10
UNIPROT:Q3TTU8	#dddddd	W10
UNIPROT:Q8C443	#dddddd	W10
UNIPROT:P63094	#dddddd	W10
UNIPROT:Q6R0H6	#dddddd	W10
UNIPROT:Q6R0H7	#dddddd	W10
UNIPROT:Q9Z0F1	#dddddd	W10
UNIPROT:A0A571BEI3	#dddddd	W10
UNIPROT:P56382	#dddddd	W10
UNIPROT:Q545F5	#dddddd	W10
UNIPROT:O88319	#dddddd	W10
UNIPROT:A2ACT4	#dddddd	W10
UNIPROT:O70174	#dddddd	W10
UNIPROT:Q53YK0	#dddddd	W10
UNIPROT:Q91YL3	#dddddd	W10
UNIPROT:P35377	#dddddd	W10
UNIPROT:A0A5F8MPZ9	#dddddd	W10
UNIPROT:B0R0C0	#dddddd	W10
UNIPROT:Q542U1	#dddddd	W10
UNIPROT:Q64133	#dddddd	W10
UNIPROT:Q3TPD9	#dddddd	W10
UNIPROT:Q3UJ53	#dddddd	W10
UNIPROT:Q8BW75	#dddddd	W10
UNIPROT:O09111	#dddddd	W10
UNIPROT:P04627	#dddddd	W10
UNIPROT:Q8CAD1	#dddddd	W10
UNIPROT:P51881	#dddddd	W10
UNIPROT:Q545A2	#dddddd	W10
UNIPROT:O35683	#dddddd	W10
UNIPROT:Q545K0	#dddddd	W10
UNIPROT:Q9Z2W9	#dddddd	W10
UNIPROT:B0QZW1	#dddddd	W10
UNIPROT:Q0VGS8	#dddddd	W10
UNIPROT:Q3UY17	#dddddd	W10
UNIPROT:Q6NVF0	#dddddd	W10
UNIPROT:P00493	#dddddd	W10
UNIPROT:Q9Z2C5	#dddddd	W10
UNIPROT:B1AW21	#dddddd	W10
UNIPROT:Q3UDN6	#dddddd	W10
UNIPROT:Q9D4L1	#dddddd	W10
UNIPROT:Q9Z2C4	#dddddd	W10
UNIPROT:P26049	#dddddd	W10
UNIPROT:Q8CAB3	#dddddd	W10
UNIPROT:A2ALL9	#dddddd	W10
UNIPROT:Q0VF55	#dddddd	W10
UNIPROT:Q8C048	#dddddd	W10
UNIPROT:P48410	#dddddd	W10
UNIPROT:Q9R1Q9	#dddddd	W10
UNIPROT:Q3TWN7	#dddddd	W10
UNIPROT:Q3UWN7	#dddddd	W10
UNIPROT:Q00612	#dddddd	W10
UNIPROT:Q790Y8	#dddddd	W10
UNIPROT:Q811Q9	#dddddd	W10
UNIPROT:Q9WVH3	#dddddd	W10
UNIPROT:B1AUT3	#dddddd	W10
UNIPROT:Q4KL34	#dddddd	W10
UNIPROT:Q61102	#dddddd	W10
UNIPROT:P56393	#dddddd	W10
UNIPROT:Q5FW98	#dddddd	W10
UNIPROT:Q9D7G0	#dddddd	W10
UNIPROT:P34968	#dddddd	W10
UNIPROT:Q8BZI5	#dddddd	W10
UNIPROT:P48026	#dddddd	W10
UNIPROT:Q3V2Q2	#dddddd	W10
UNIPROT:P97355	#dddddd	W10
UNIPROT:P70303	#dddddd	W10
UNIPROT:Q7TNC8	#dddddd	W10
UNIPROT:Q3UTL8	#dddddd	W10
UNIPROT:Q9CS42	#dddddd	W10
UNIPROT:P53702	#dddddd	W10
UNIPROT:Q8BP79	#dddddd	W10
UNIPROT:A0A0A6YW07	#dddddd	W10
UNIPROT:Q924B0	#dddddd	W10
UNIPROT:P16015	#dddddd	W10
UNIPROT:P70453	#dddddd	W10
UNIPROT:Q3U3Y7	#dddddd	W10
UNIPROT:Q6P5G2	#dddddd	W10
UNIPROT:Q9CZM9	#dddddd	W10
UNIPROT:P42337	#dddddd	W10
UNIPROT:Q9CQH3	#dddddd	W10
UNIPROT:D3Z568	#dddddd	W10
UNIPROT:Q64702	#dddddd	W10
UNIPROT:Q9CQY9	#dddddd	W10
UNIPROT:Q8VHL1	#dddddd	W10
UNIPROT:Q9R1E0	#dddddd	W10
UNIPROT:Q9ESG6	#dddddd	W10
UNIPROT:A0A0G2JEW9	#dddddd	W10
UNIPROT:Q544F4	#dddddd	W10
UNIPROT:P49650	#dddddd	W10
UNIPROT:Q544J5	#dddddd	W10
UNIPROT:Q8BMJ5	#dddddd	W10
UNIPROT:Q4KWH5	#dddddd	W10
UNIPROT:H3BKK4	#dddddd	W10
UNIPROT:Q3THK7	#dddddd	W10
UNIPROT:B2RRH9	#dddddd	W10
UNIPROT:Q4LG64	#dddddd	W10
UNIPROT:P48168	#dddddd	W10
UNIPROT:A1KR23	#dddddd	W10
UNIPROT:Q99JT1	#dddddd	W10
UNIPROT:Q63943	#dddddd	W10
UNIPROT:E9QKT0	#dddddd	W10
UNIPROT:Q921S6	#dddddd	W10
UNIPROT:Q8R123	#dddddd	W10
UNIPROT:Q9ERK7	#dddddd	W10
UNIPROT:Q8BKC8	#dddddd	W10
UNIPROT:P70182	#dddddd	W10
UNIPROT:Q3UQ84	#dddddd	W10
UNIPROT:E9Q7H6	#dddddd	W10
UNIPROT:Q3TP97	#dddddd	W10
UNIPROT:Q922A3	#dddddd	W10
UNIPROT:Q6PAM0	#dddddd	W10
UNIPROT:Q61753	#dddddd	W10
UNIPROT:Q9CYK1	#dddddd	W10
UNIPROT:Q8VDN2	#dddddd	W10
UNIPROT:Q3TMF4	#dddddd	W10
UNIPROT:Q4FJP3	#dddddd	W10
UNIPROT:Q9D091	#dddddd	W10
UNIPROT:P62835	#dddddd	W10
UNIPROT:Q3U7U8	#dddddd	W10
UNIPROT:Q3V3W9	#dddddd	W10
UNIPROT:Q8BGS7	#dddddd	W10
UNIPROT:Q80SW1	#dddddd	W10
UNIPROT:P48774	#dddddd	W10
UNIPROT:Q80W21	#dddddd	W10
UNIPROT:O35660	#dddddd	W10
UNIPROT:P10649	#dddddd	W10
UNIPROT:A2AE89	#dddddd	W10
UNIPROT:Q8R5I6	#dddddd	W10
UNIPROT:A2AE91	#dddddd	W10
UNIPROT:Q9DBT5	#dddddd	W10
UNIPROT:A2AE27	#dddddd	W10
UNIPROT:Q9DC51	#dddddd	W10
UNIPROT:P26638	#dddddd	W10
UNIPROT:Q8C483	#dddddd	W10
UNIPROT:Q9R0C8	#dddddd	W10
UNIPROT:O08530	#dddddd	W10
UNIPROT:P55096	#dddddd	W10
UNIPROT:O35600	#dddddd	W10
UNIPROT:O09172	#dddddd	W10
UNIPROT:Q4FJZ6	#dddddd	W10
UNIPROT:Q8CG03	#dddddd	W10
UNIPROT:A0A0G2JF67	#dddddd	W10
UNIPROT:Q6PHZ2	#dddddd	W10
UNIPROT:A0A0G2JGS4	#dddddd	W10
UNIPROT:E9Q1T1	#dddddd	W10
UNIPROT:E9Q1W0	#dddddd	W10
UNIPROT:Q8CCM0	#dddddd	W10
UNIPROT:Q920L5	#dddddd	W10
UNIPROT:P01132	#dddddd	W10
UNIPROT:A0A0G2JDT8	#dddddd	W10
UNIPROT:A0A0G2JF92	#dddddd	W10
UNIPROT:Q3UWD7	#dddddd	W10
UNIPROT:Q9EPR2	#dddddd	W10
UNIPROT:Q61425	#dddddd	W10
UNIPROT:Q60967	#dddddd	W10
UNIPROT:Q3TUA8	#dddddd	W10
UNIPROT:Q6NZM8	#dddddd	W10
UNIPROT:Q91VM9	#dddddd	W10
UNIPROT:D3Z636	#dddddd	W10
UNIPROT:P47937	#dddddd	W10
UNIPROT:P25799	#dddddd	W10
UNIPROT:P63328	#dddddd	W10
UNIPROT:B2RRX2	#dddddd	W10
UNIPROT:P28474	#dddddd	W10
UNIPROT:Q6P5I3	#dddddd	W10
UNIPROT:P68181	#dddddd	W10
UNIPROT:Q920P5	#dddddd	W10
UNIPROT:Q6PDF2	#dddddd	W10
UNIPROT:Q8VCN5	#dddddd	W10
UNIPROT:P22005	#dddddd	W10
UNIPROT:Q3UXY8	#dddddd	W10
UNIPROT:P28651	#dddddd	W10
UNIPROT:Q8BMS4	#dddddd	W10
UNIPROT:P47746	#dddddd	W10
UNIPROT:A0A385KNU8	#dddddd	W10
UNIPROT:Q3U186	#dddddd	W10
UNIPROT:Q3UIU2	#dddddd	W10
UNIPROT:A2AP31	#dddddd	W10
UNIPROT:P56380	#dddddd	W10
UNIPROT:Q3V1C8	#dddddd	W10
UNIPROT:Q3UNH6	#dddddd	W10
UNIPROT:Q6VVW5	#dddddd	W10
UNIPROT:Q91Z53	#dddddd	W10
UNIPROT:Q3T9Z2	#dddddd	W10
UNIPROT:Q9CZS1	#dddddd	W10
UNIPROT:Q80T41	#dddddd	W10
UNIPROT:Q64729	#dddddd	W10
UNIPROT:Q4FJL1	#dddddd	W10
UNIPROT:Q9D5H8	#dddddd	W10
UNIPROT:Q8BGG9	#dddddd	W10
UNIPROT:A2AIR5	#dddddd	W10
UNIPROT:P41233	#dddddd	W10
UNIPROT:Q8BPY1	#dddddd	W10
UNIPROT:P61793	#dddddd	W10
UNIPROT:Q544V2	#dddddd	W10
UNIPROT:P10518	#dddddd	W10
UNIPROT:Q9DD05	#dddddd	W10
UNIPROT:Q9CR51	#dddddd	W10
UNIPROT:Q5HZY7	#dddddd	W10
UNIPROT:Q9CQ65	#dddddd	W10
UNIPROT:P05627	#dddddd	W10
UNIPROT:Q52L79	#dddddd	W10
UNIPROT:O54750	#dddddd	W10
UNIPROT:Q8CC91	#dddddd	W10
UNIPROT:Q7TSV4	#dddddd	W10
UNIPROT:Q9WUR9	#dddddd	W10
UNIPROT:Q3U489	#dddddd	W10
UNIPROT:B1AWC8	#dddddd	W10
UNIPROT:B1AWC9	#dddddd	W10
UNIPROT:B1AWD0	#dddddd	W10
UNIPROT:Q3TTI9	#dddddd	W10
UNIPROT:Q6IQY6	#dddddd	W10
UNIPROT:Q80VK8	#dddddd	W10
UNIPROT:Q8VBU5	#dddddd	W10
UNIPROT:Q8BRK8	#dddddd	W10
UNIPROT:Q99JY8	#dddddd	W10
UNIPROT:Q8CFI5	#dddddd	W10
UNIPROT:A8Y5T6	#dddddd	W10
UNIPROT:P32020	#dddddd	W10
UNIPROT:Q99LJ6	#dddddd	W10
UNIPROT:Q3TNK3	#dddddd	W10
UNIPROT:Q9CQU0	#dddddd	W10
UNIPROT:Q9DBP5	#dddddd	W10
UNIPROT:A0A0R4J093	#dddddd	W10
UNIPROT:P99028	#dddddd	W10
UNIPROT:Q64143	#dddddd	W10
UNIPROT:Q3UXE9	#dddddd	W10
UNIPROT:Q9JII6	#dddddd	W10
UNIPROT:Q540D7	#dddddd	W10
UNIPROT:Q80XJ7	#dddddd	W10
UNIPROT:P70697	#dddddd	W10
UNIPROT:Q6P571	#dddddd	W10
UNIPROT:Q91V37	#dddddd	W10
UNIPROT:Q3U889	#dddddd	W10
UNIPROT:Q9JLJ5	#dddddd	W10
UNIPROT:Q4V9V3	#dddddd	W10
UNIPROT:Q548M4	#dddddd	W10
UNIPROT:Q8VDG5	#dddddd	W10
UNIPROT:Q6PFX8	#dddddd	W10
UNIPROT:Q70KY4	#dddddd	W10
UNIPROT:P70698	#dddddd	W10
UNIPROT:Q99LY9	#dddddd	W10
UNIPROT:Q8K337	#dddddd	W10
UNIPROT:B1AS29	#dddddd	W10
UNIPROT:Q8BVM4	#dddddd	W10
UNIPROT:A8Y5E7	#dddddd	W10
UNIPROT:B2RSR5	#dddddd	W10
UNIPROT:Q6P078	#dddddd	W10
UNIPROT:Q9WTP6	#dddddd	W10
UNIPROT:Q91WQ3	#dddddd	W10
UNIPROT:A2A7S7	#dddddd	W10
UNIPROT:Q61165	#dddddd	W10
UNIPROT:Q3UDC9	#dddddd	W10
UNIPROT:P38060	#dddddd	W10
UNIPROT:Q9WTL7	#dddddd	W10
UNIPROT:P09242	#dddddd	W10
UNIPROT:Q3TQ02	#dddddd	W10
UNIPROT:Q9R1C8	#dddddd	W10
UNIPROT:Q14AW8	#dddddd	W10
UNIPROT:Q8CHT0	#dddddd	W10
UNIPROT:Q9CQA3	#dddddd	W10
UNIPROT:Q64674	#dddddd	W10
UNIPROT:Q543H0	#dddddd	W10
UNIPROT:P56469	#dddddd	W10
UNIPROT:Q9DCD0	#dddddd	W10
UNIPROT:Q9EPA7	#dddddd	W10
UNIPROT:Q3V449	#dddddd	W10
UNIPROT:O35904	#dddddd	W10
UNIPROT:Q3T9Y0	#dddddd	W10
UNIPROT:Q3TBW3	#dddddd	W10
UNIPROT:Q3UDT3	#dddddd	W10
UNIPROT:Q8BS14	#dddddd	W10
UNIPROT:Q8CI98	#dddddd	W10
UNIPROT:Q91V12	#dddddd	W10
UNIPROT:E9PYH2	#dddddd	W10
UNIPROT:A2AP18	#dddddd	W10
UNIPROT:F7C3A0	#dddddd	W10
UNIPROT:Q6PAS6	#dddddd	W10
UNIPROT:P22933	#dddddd	W10
UNIPROT:Q14AH9	#dddddd	W10
UNIPROT:P58058	#dddddd	W10
UNIPROT:Q3UGI1	#dddddd	W10
UNIPROT:P21440	#dddddd	W10
UNIPROT:Q9QYS2	#dddddd	W10
UNIPROT:B2RSH2	#dddddd	W10
UNIPROT:P70313	#dddddd	W10
UNIPROT:Q8C5P3	#dddddd	W10
UNIPROT:Q9CXJ4	#dddddd	W10
UNIPROT:Q91WG5	#dddddd	W10
UNIPROT:Q3TMN8	#dddddd	W10
UNIPROT:Q8BIQ9	#dddddd	W10
UNIPROT:P07607	#dddddd	W10
UNIPROT:Q544L2	#dddddd	W10
UNIPROT:Q8BMS1	#dddddd	W10
UNIPROT:B2RQC6	#dddddd	W10
UNIPROT:G3UWN2	#dddddd	W10
UNIPROT:Q8R1Q9	#dddddd	W10
UNIPROT:Q3TTY0	#dddddd	W10
UNIPROT:Q8K255	#dddddd	W10
UNIPROT:P62141	#dddddd	W10
UNIPROT:Q8BSF4	#dddddd	W10
UNIPROT:E9PX91	#dddddd	W10
UNIPROT:Q505E1	#dddddd	W10
UNIPROT:Q3UGX3	#dddddd	W10
UNIPROT:A0A0R4J0R4	#dddddd	W10
UNIPROT:Q01337	#dddddd	W10
UNIPROT:Q9EPL9	#dddddd	W10
UNIPROT:Q3TAW3	#dddddd	W10
UNIPROT:Q9CPY7	#dddddd	W10
UNIPROT:Q6P6M7	#dddddd	W10
UNIPROT:Q8CBQ5	#dddddd	W10
UNIPROT:Q9D0F9	#dddddd	W10
UNIPROT:Q3U6X6	#dddddd	W10
UNIPROT:O70475	#dddddd	W10
UNIPROT:Q3TS38	#dddddd	W10
UNIPROT:P26048	#dddddd	W10
UNIPROT:Q544G1	#dddddd	W10
UNIPROT:Q9D6F4	#dddddd	W10
UNIPROT:Q543Z0	#dddddd	W10
UNIPROT:P50571	#dddddd	W10
UNIPROT:Q53WT3	#dddddd	W10
UNIPROT:Q3TKC5	#dddddd	W10
UNIPROT:Q3UGA8	#dddddd	W10
UNIPROT:Q3UGU3	#dddddd	W10
UNIPROT:Q8CIH9	#dddddd	W10
UNIPROT:Q9DCL9	#dddddd	W10
UNIPROT:P43346	#dddddd	W10
UNIPROT:Q545E8	#dddddd	W10
UNIPROT:O08918	#dddddd	W10
UNIPROT:Q3TG40	#dddddd	W10
UNIPROT:Q5HZK4	#dddddd	W10
UNIPROT:Q8C4R2	#dddddd	W10
UNIPROT:Q8CAH8	#dddddd	W10
UNIPROT:Q8BGB7	#dddddd	W10
UNIPROT:Q66JT7	#dddddd	W10
UNIPROT:P98191	#dddddd	W10
UNIPROT:Q61831	#dddddd	W10
UNIPROT:A0A5F8MP75	#dddddd	W10
UNIPROT:Q3TQZ7	#dddddd	W10
UNIPROT:Q78GB8	#dddddd	W10
UNIPROT:Q80W80	#dddddd	W10
UNIPROT:Q80W81	#dddddd	W10
UNIPROT:Q80W82	#dddddd	W10
UNIPROT:Q8C9D4	#dddddd	W10
UNIPROT:Q8BVU5	#dddddd	W10
UNIPROT:Q06185	#dddddd	W10
UNIPROT:Q6P5E8	#dddddd	W10
UNIPROT:Q8K3P1	#dddddd	W10
UNIPROT:Q9D273	#dddddd	W10
UNIPROT:D3Z1G7	#dddddd	W10
UNIPROT:Q07417	#dddddd	W10
UNIPROT:Q9CXI0	#dddddd	W10
UNIPROT:Q8CBY0	#dddddd	W10
UNIPROT:P43024	#dddddd	W10
UNIPROT:Q9DCW5	#dddddd	W10
UNIPROT:Q8R216	#dddddd	W10
UNIPROT:Q9R078	#dddddd	W10
UNIPROT:Q542K0	#dddddd	W10
UNIPROT:Q9Z0J4	#dddddd	W10
UNIPROT:P47738	#dddddd	W10
UNIPROT:A0A0G2JEU1	#dddddd	W10
UNIPROT:Q544B1	#dddddd	W10
UNIPROT:P63087	#dddddd	W10
UNIPROT:Q6ZWM8	#dddddd	W10
UNIPROT:O55143	#dddddd	W10
UNIPROT:Q5DTI2	#dddddd	W10
UNIPROT:D3YYR5	#dddddd	W10
UNIPROT:D3Z5U5	#dddddd	W10
UNIPROT:Q9Z256	#dddddd	W10
UNIPROT:Q9Z257	#dddddd	W10
UNIPROT:Q8BWG9	#dddddd	W10
UNIPROT:A3KCG1	#dddddd	W10
UNIPROT:Q9JJ59	#dddddd	W10
UNIPROT:P15920	#dddddd	W10
UNIPROT:Q9D2R0	#dddddd	W10
UNIPROT:Q99LS3	#dddddd	W10
UNIPROT:Q6TEK5	#dddddd	W10
UNIPROT:A0A0M3HEP8	#dddddd	W10
UNIPROT:Q0VGU5	#dddddd	W10
UNIPROT:P12265	#dddddd	W10
UNIPROT:Q91YI0	#dddddd	W10
UNIPROT:Q9ESZ8	#dddddd	W10
UNIPROT:Q3UHU8	#dddddd	W10
UNIPROT:Q9JI57	#dddddd	W10
UNIPROT:Q5XJY7	#dddddd	W10
UNIPROT:Q6PD35	#dddddd	W10
UNIPROT:Q8BP10	#dddddd	W10
UNIPROT:P08249	#dddddd	W10
UNIPROT:P21836	#dddddd	W10
UNIPROT:Q543Z1	#dddddd	W10
UNIPROT:P27600	#dddddd	W10
UNIPROT:P63001	#dddddd	W10
UNIPROT:K7Q7T7	#dddddd	W10
UNIPROT:Q3TLP8	#dddddd	W10
UNIPROT:P56135	#dddddd	W10
UNIPROT:Q61024	#dddddd	W10
UNIPROT:Q62425	#dddddd	W10
UNIPROT:Q9CPP6	#dddddd	W10
UNIPROT:D3YTQ8	#dddddd	W10
UNIPROT:P50096	#dddddd	W10
UNIPROT:Q9D1K2	#dddddd	W10
UNIPROT:Q68FL4	#dddddd	W10
UNIPROT:F8WGT1	#dddddd	W10
UNIPROT:F8WI65	#dddddd	W10
UNIPROT:P45376	#dddddd	W10
UNIPROT:Q3UDY1	#dddddd	W10
UNIPROT:P45377	#dddddd	W10
UNIPROT:G5E895	#dddddd	W10
UNIPROT:Q8BIV6	#dddddd	W10
UNIPROT:P15327	#dddddd	W10
UNIPROT:D3YWQ0	#dddddd	W10
UNIPROT:Q9CPU2	#dddddd	W10
UNIPROT:P28028	#dddddd	W10
UNIPROT:Q9DCM2	#dddddd	W10
UNIPROT:Q9R0M5	#dddddd	W10
UNIPROT:Q91XE7	#dddddd	W10
UNIPROT:A0A0N4SVQ2	#dddddd	W10
UNIPROT:P57774	#dddddd	W10
UNIPROT:P62897	#dddddd	W10
UNIPROT:Q56A15	#dddddd	W10
UNIPROT:Q8K1L0	#dddddd	W10
UNIPROT:A0A0N4SUK5	#dddddd	W10
UNIPROT:A0A0N4SUW5	#dddddd	W10
UNIPROT:A0A0N4SV71	#dddddd	W10
UNIPROT:Q9D7X8	#dddddd	W10
UNIPROT:Q9CZD3	#dddddd	W10
UNIPROT:P70205	#dddddd	W10
UNIPROT:E9Q3E8	#dddddd	W10
UNIPROT:E9Q968	#dddddd	W10
UNIPROT:Q6NXJ9	#dddddd	W10
UNIPROT:Q64338	#dddddd	W10
UNIPROT:A0A0N4SWG4	#dddddd	W10
UNIPROT:A0A5F8MPG4	#dddddd	W10
UNIPROT:E9Q7V6	#dddddd	W10
UNIPROT:Q3USZ6	#dddddd	W10
UNIPROT:Q5D0E7	#dddddd	W10
UNIPROT:Q8CDV2	#dddddd	W10
UNIPROT:Q9D5W0	#dddddd	W10
UNIPROT:Q9D020	#dddddd	W10
UNIPROT:Q7TMS5	#dddddd	W10
UNIPROT:A0A0R4J0B6	#dddddd	W10
UNIPROT:Q61625	#dddddd	W10
UNIPROT:Q9JHF7	#dddddd	W10
UNIPROT:P48316	#dddddd	W10
UNIPROT:Q3UMH6	#dddddd	W10
UNIPROT:P47968	#dddddd	W10
UNIPROT:Q9QYC7	#dddddd	W10
UNIPROT:B2RS80	#dddddd	W10
UNIPROT:Q3THS6	#dddddd	W10
UNIPROT:Q99J57	#dddddd	W10
UNIPROT:O08528	#dddddd	W10
UNIPROT:Q9QX60	#dddddd	W10
UNIPROT:Q504N4	#dddddd	W10
UNIPROT:P47856	#dddddd	W10
UNIPROT:P11881	#dddddd	W10
UNIPROT:Q3UVA1	#dddddd	W10
UNIPROT:Q8BQN0	#dddddd	W10
UNIPROT:Q8C7X9	#dddddd	W10
UNIPROT:Q8C8N0	#dddddd	W10
UNIPROT:Q68ED2	#dddddd	W10
UNIPROT:G5E8D5	#dddddd	W10
UNIPROT:Q8VEL2	#dddddd	W10
UNIPROT:Q9R0K7	#dddddd	W10
UNIPROT:F8WHB1	#dddddd	W10
UNIPROT:Q3UHH0	#dddddd	W10
UNIPROT:Q3UHJ3	#dddddd	W10
UNIPROT:Q99N57	#dddddd	W10
UNIPROT:Q01815	#dddddd	W10
UNIPROT:A0A087WS40	#dddddd	W10
UNIPROT:A0A087WSE7	#dddddd	W10
UNIPROT:C7TQ57	#dddddd	W10
UNIPROT:C7TQ58	#dddddd	W10
UNIPROT:C7TQ59	#dddddd	W10
UNIPROT:C7TQ60	#dddddd	W10
UNIPROT:C7TQ61	#dddddd	W10
UNIPROT:C7TQ62	#dddddd	W10
UNIPROT:F7C376	#dddddd	W10
UNIPROT:F8WJL1	#dddddd	W10
UNIPROT:Q0PCR6	#dddddd	W10
UNIPROT:P50518	#dddddd	W10
UNIPROT:Q80WS1	#dddddd	W10
UNIPROT:Q91V01	#dddddd	W10
UNIPROT:P17751	#dddddd	W10
UNIPROT:Q9DC69	#dddddd	W10
UNIPROT:P30280	#dddddd	W10
UNIPROT:Q4FK45	#dddddd	W10
UNIPROT:Q8R3R8	#dddddd	W10
UNIPROT:P46414	#dddddd	W10
UNIPROT:Q01097	#dddddd	W10
UNIPROT:G3X9V4	#dddddd	W10
UNIPROT:Q91YP3	#dddddd	W10
UNIPROT:Q91VS7	#dddddd	W10
UNIPROT:E9QJW0	#dddddd	W10
UNIPROT:Q53ZD4	#dddddd	W10
UNIPROT:Q8K4D7	#dddddd	W10
UNIPROT:P16125	#dddddd	W10
UNIPROT:A0A6I8MX27	#dddddd	W10
UNIPROT:Q9D4V0	#dddddd	W10
UNIPROT:P24288	#dddddd	W10
UNIPROT:Q3TJN1	#dddddd	W10
UNIPROT:Q8CBC8	#dddddd	W10
UNIPROT:P32883	#dddddd	W10
UNIPROT:Q0VDV7	#dddddd	W10
UNIPROT:Q5J7N1	#dddddd	W10
UNIPROT:Q9CQ91	#dddddd	W10
UNIPROT:Q8CHK3	#dddddd	W10
UNIPROT:P48787	#dddddd	W10
UNIPROT:Q497F1	#dddddd	W10
UNIPROT:Q80ZN9	#dddddd	W10
UNIPROT:Q059Q8	#dddddd	W10
UNIPROT:S4R2Q6	#dddddd	W10
UNIPROT:V9GXN3	#dddddd	W10
UNIPROT:Q8K596	#dddddd	W10
UNIPROT:P0DP26	#dddddd	W10
UNIPROT:P0DP27	#dddddd	W10
UNIPROT:P0DP28	#dddddd	W10
UNIPROT:Q0P543	#dddddd	W10
UNIPROT:P70460	#dddddd	W10
UNIPROT:Q6PIC6	#dddddd	W10
UNIPROT:A0A0G2JGX4	#dddddd	W10
UNIPROT:Q8R0E8	#dddddd	W10
UNIPROT:Q8VCE0	#dddddd	W10
UNIPROT:Q61626	#dddddd	W10
UNIPROT:Q80WU3	#dddddd	W10
UNIPROT:P54310	#dddddd	W10
UNIPROT:Q7TS72	#dddddd	W10
UNIPROT:Q923D2	#dddddd	W10
UNIPROT:E9PZC4	#dddddd	W10
UNIPROT:Q3U6G1	#dddddd	W10
UNIPROT:O35405	#dddddd	W10
UNIPROT:Q60823	#dddddd	W10
UNIPROT:Q3TY95	#dddddd	W10
UNIPROT:Q8CE74	#dddddd	W10
UNIPROT:Q9JJL8	#dddddd	W10
UNIPROT:Q8VDQ8	#dddddd	W10
UNIPROT:P56392	#dddddd	W10
UNIPROT:Q792A4	#dddddd	W10
UNIPROT:P56391	#dddddd	W10
UNIPROT:E9QNX7	#dddddd	W10
UNIPROT:Q91WH7	#dddddd	W10
UNIPROT:Q9Z239	#dddddd	W10
UNIPROT:P06745	#dddddd	W10
UNIPROT:Q9DCQ2	#dddddd	W10
UNIPROT:Q9JIF0	#dddddd	W10
UNIPROT:A0A140LJ70	#dddddd	W10
UNIPROT:Q3UIG8	#dddddd	W10
UNIPROT:Q9CX58	#dddddd	W10
UNIPROT:Q9DBB8	#dddddd	W10
UNIPROT:O35855	#dddddd	W10
UNIPROT:O88374	#dddddd	W10
UNIPROT:Q3ULU3	#dddddd	W10
UNIPROT:B2RUS7	#dddddd	W10
UNIPROT:P06151	#dddddd	W10
UNIPROT:A0A1B0GSX0	#dddddd	W10
UNIPROT:Q564E2	#dddddd	W10
UNIPROT:P27681	#dddddd	W10
UNIPROT:Q8BHJ7	#dddddd	W10
UNIPROT:P63080	#dddddd	W10
UNIPROT:Q8C446	#dddddd	W10
UNIPROT:P49582	#dddddd	W10
UNIPROT:Q53YJ9	#dddddd	W10
UNIPROT:Q8CC01	#dddddd	W10
UNIPROT:Q8BLY2	#dddddd	W10
UNIPROT:Q60929	#dddddd	W10
UNIPROT:Q60751	#dddddd	W10
UNIPROT:E9QNX9	#dddddd	W10
UNIPROT:Q3U1L4	#dddddd	W10
UNIPROT:P54071	#dddddd	W10
UNIPROT:Q9D114	#dddddd	W10
UNIPROT:A0A0U1RNF0	#dddddd	W10
UNIPROT:A0A0U1RQ53	#dddddd	W10
UNIPROT:Q9CR53	#dddddd	W10
UNIPROT:D3Z621	#dddddd	W10
UNIPROT:Q9QWW1	#dddddd	W10
UNIPROT:E9Q4F9	#dddddd	W10
UNIPROT:P35505	#dddddd	W10
UNIPROT:Q3UVX5	#dddddd	W10
UNIPROT:B2BH30	#dddddd	W10
UNIPROT:B7ZMP7	#dddddd	W10
UNIPROT:E9QMC2	#dddddd	W10
UNIPROT:Q4VA56	#dddddd	W10
UNIPROT:Q8BGV0	#dddddd	W10
UNIPROT:Q8BXJ6	#dddddd	W10
UNIPROT:Q9CQ54	#dddddd	W10
UNIPROT:G5E884	#dddddd	W10
UNIPROT:Q922S4	#dddddd	W10
UNIPROT:A0A1B0GRJ9	#dddddd	W10
UNIPROT:Q3TYK5	#dddddd	W10
UNIPROT:Q3TYU3	#dddddd	W10
UNIPROT:Q5PR72	#dddddd	W10
UNIPROT:Q6P549	#dddddd	W10
UNIPROT:P07742	#dddddd	W10
UNIPROT:P62071	#dddddd	W10
UNIPROT:Q9CTF6	#dddddd	W10
UNIPROT:Q61409	#dddddd	W10
UNIPROT:E9QLQ3	#dddddd	W10
UNIPROT:Q3UQ25	#dddddd	W10
UNIPROT:Q61194	#dddddd	W10
UNIPROT:F8VPL2	#dddddd	W10
UNIPROT:P97478	#dddddd	W10
UNIPROT:Q3TYT1	#dddddd	W10
UNIPROT:Q9DB77	#dddddd	W10
UNIPROT:Q9CXJ1	#dddddd	W10
UNIPROT:Q9CR21	#dddddd	W10
UNIPROT:Q569N0	#dddddd	W10
UNIPROT:Q07832	#dddddd	W10
UNIPROT:Q3TPZ2	#dddddd	W10
UNIPROT:Q63844	#dddddd	W10
UNIPROT:P05064	#dddddd	W10
UNIPROT:A6ZI44	#dddddd	W10
UNIPROT:Q5FWB7	#dddddd	W10
UNIPROT:Q8VDP6	#dddddd	W10
UNIPROT:A0A0U1RPV3	#dddddd	W10
UNIPROT:Q9QY93	#dddddd	W10
UNIPROT:Q9CRC0	#dddddd	W10
UNIPROT:Q8CDA1	#dddddd	W10
UNIPROT:B2RQ14	#dddddd	W10
UNIPROT:Q8BP74	#dddddd	W10
UNIPROT:P29758	#dddddd	W10
UNIPROT:Q3TG75	#dddddd	W10
UNIPROT:Q3UKT3	#dddddd	W10
UNIPROT:Q9D7I5	#dddddd	W10
UNIPROT:P51163	#dddddd	W10
UNIPROT:Q3TPL3	#dddddd	W10
UNIPROT:Q3UG55	#dddddd	W10
UNIPROT:Q3UKR3	#dddddd	W10
UNIPROT:O55003	#dddddd	W10
UNIPROT:Q7TNC9	#dddddd	W10
UNIPROT:Q8BH95	#dddddd	W10
UNIPROT:Q05421	#dddddd	W10
UNIPROT:Q8R104	#dddddd	W10
UNIPROT:Q4FJK3	#dddddd	W10
UNIPROT:Q9Z1X2	#dddddd	W10
UNIPROT:Q61411	#dddddd	W10
UNIPROT:P51436	#dddddd	W10
UNIPROT:Q93092	#dddddd	W10
UNIPROT:Q9ER72	#dddddd	W10
UNIPROT:Q3U716	#dddddd	W10
UNIPROT:Q3UXN3	#dddddd	W10
UNIPROT:Q711T7	#dddddd	W10
UNIPROT:P25322	#dddddd	W10
UNIPROT:Q790L7	#dddddd	W10
UNIPROT:P97772	#dddddd	W10
UNIPROT:Q3V0U2	#dddddd	W10
UNIPROT:Q9WVC6	#dddddd	W10
UNIPROT:E9Q1B0	#dddddd	W10
UNIPROT:E9Q8C1	#dddddd	W10
UNIPROT:Q3SXD3	#dddddd	W10
UNIPROT:D3Z6H8	#dddddd	W10
UNIPROT:P0DMN7	#dddddd	W10
UNIPROT:Q91WF7	#dddddd	W10
UNIPROT:Q9WVH4	#dddddd	W10
UNIPROT:Q9CZN8	#dddddd	W10
UNIPROT:A0A1W2P6S5	#dddddd	W10
UNIPROT:Q60715	#dddddd	W10
UNIPROT:E9Q7B0	#dddddd	W10
UNIPROT:Q3TTT2	#dddddd	W10
UNIPROT:Q3UF16	#dddddd	W10
UNIPROT:Q9D819	#dddddd	W10
UNIPROT:Q4FK49	#dddddd	W10
UNIPROT:P17710	#dddddd	W10
UNIPROT:B4YB29	#dddddd	W10
UNIPROT:G3UVV4	#dddddd	W10
UNIPROT:Q3TTB4	#dddddd	W10
UNIPROT:Q6GQU1	#dddddd	W10
UNIPROT:Q923E4	#dddddd	W10
UNIPROT:Q3UNI1	#dddddd	W10
UNIPROT:Q3USJ2	#dddddd	W10
UNIPROT:Q3USY7	#dddddd	W10
UNIPROT:Q53Z05	#dddddd	W10
UNIPROT:Q6PDY2	#dddddd	W10
UNIPROT:Q7TT16	#dddddd	W10
UNIPROT:D3YWA2	#dddddd	W10
UNIPROT:Q64471	#dddddd	W10
UNIPROT:Q9DCY6	#dddddd	W10
UNIPROT:Q61133	#dddddd	W10
UNIPROT:P34884	#dddddd	W10
UNIPROT:Q545F0	#dddddd	W10
UNIPROT:P12382	#dddddd	W10
UNIPROT:Q9D517	#dddddd	W10
UNIPROT:Q9DAX2	#dddddd	W10
UNIPROT:A0A1W2P7I9	#dddddd	W10
UNIPROT:G3XA61	#dddddd	W10
UNIPROT:O88703	#dddddd	W10
UNIPROT:Q91V45	#dddddd	W10
UNIPROT:B2CP06	#dddddd	W10
UNIPROT:C5H7S2	#dddddd	W10
UNIPROT:Q91ZU9	#dddddd	W10
UNIPROT:Q91V24	#dddddd	W10
UNIPROT:E9Q6G4	#dddddd	W10
UNIPROT:O70325	#dddddd	W10
UNIPROT:Q76LV0	#dddddd	W10
UNIPROT:Q9WTK7	#dddddd	W10
UNIPROT:Q3V4A1	#dddddd	W10
UNIPROT:Q9D3D9	#dddddd	W10
UNIPROT:D3Z7S4	#dddddd	W10
UNIPROT:Q4FK74	#dddddd	W10
UNIPROT:Q9DC70	#dddddd	W10
UNIPROT:O35969	#dddddd	W10
UNIPROT:Q9CPX8	#dddddd	W10
UNIPROT:P22339	#dddddd	W10
UNIPROT:Q63932	#dddddd	W10
UNIPROT:Q8CB46	#dddddd	W10
UNIPROT:Q91YS7	#dddddd	W10
UNIPROT:O70161	#dddddd	W10
UNIPROT:F8WHW6	#dddddd	W10
UNIPROT:P21278	#dddddd	W10
UNIPROT:Q3UPA1	#dddddd	W10
UNIPROT:P59941	#dddddd	W10
UNIPROT:Q3UKP1	#dddddd	W10
UNIPROT:Q8C025	#dddddd	W10
UNIPROT:D3YU39	#dddddd	W10
UNIPROT:Q7TMF3	#dddddd	W10
UNIPROT:A0A0R4J275	#dddddd	W10
UNIPROT:G5E829	#dddddd	W10
UNIPROT:Q9DBR7	#dddddd	W10
UNIPROT:Q9JIN6	#dddddd	W10
UNIPROT:P23804	#dddddd	W10
UNIPROT:Q99JI6	#dddddd	W10
UNIPROT:Q52L50	#dddddd	W10
UNIPROT:Q3UHD9	#dddddd	W10
UNIPROT:Q91XU3	#dddddd	W10
UNIPROT:Q4FZG9	#dddddd	W10
UNIPROT:Q9CZN7	#dddddd	W10
UNIPROT:P56480	#dddddd	W10
UNIPROT:Q571F8	#dddddd	W10
UNIPROT:O88673	#dddddd	W10
UNIPROT:P15208	#dddddd	W10
UNIPROT:M4TKR7	#dddddd	W10
UNIPROT:Q3TPM5	#dddddd	W10
UNIPROT:Q3TRM4	#dddddd	W10
UNIPROT:A0A140LI54	#dddddd	W10
UNIPROT:P81122	#dddddd	W10
UNIPROT:Q8BYM8	#dddddd	W10
UNIPROT:G3X975	#dddddd	W10
UNIPROT:Q8BY51	#dddddd	W10
UNIPROT:Q9D2Y6	#dddddd	W10
UNIPROT:A0A1B0GRC8	#dddddd	W10
UNIPROT:Q3UYF5	#dddddd	W10
UNIPROT:Q9D1E8	#dddddd	W10
UNIPROT:Q60931	#dddddd	W10
UNIPROT:Q3TX38	#dddddd	W10
UNIPROT:Q5EBQ0	#dddddd	W10
UNIPROT:O88351	#dddddd	W10
UNIPROT:A0A0R4J0T4	#dddddd	W10
UNIPROT:Q5D0E0	#dddddd	W10
UNIPROT:Q8K2C8	#dddddd	W10
UNIPROT:Q3UMZ3	#dddddd	W10
UNIPROT:Q6P6K4	#dddddd	W10
UNIPROT:O54982	#dddddd	W10
UNIPROT:G3X9P7	#dddddd	W10
UNIPROT:P47791	#dddddd	W10
UNIPROT:Q9Z2C9	#dddddd	W10
UNIPROT:P48962	#dddddd	W10
UNIPROT:Q8K2D6	#dddddd	W10
UNIPROT:G3X908	#dddddd	W10
UNIPROT:Q04573	#dddddd	W10
UNIPROT:Q3V1K5	#dddddd	W10
UNIPROT:P62814	#dddddd	W10
UNIPROT:Q6P290	#dddddd	W10
UNIPROT:Q9ERS2	#dddddd	W10
UNIPROT:Q99JP6	#dddddd	W10
UNIPROT:Q9JHU9	#dddddd	W10
UNIPROT:O08908	#dddddd	W10
UNIPROT:Q9CQ60	#dddddd	W10
UNIPROT:D3Z4X1	#dddddd	W10
UNIPROT:Q60843	#dddddd	W10
UNIPROT:Q3V293	#dddddd	W10
UNIPROT:P14901	#dddddd	W10
UNIPROT:Q3U5U6	#dddddd	W10
UNIPROT:Q6P1Y8	#dddddd	W10
UNIPROT:E9PVM1	#dddddd	W10
UNIPROT:E9PVM3	#dddddd	W10
UNIPROT:Q1A6U9	#dddddd	W10
UNIPROT:Q1A6V0	#dddddd	W10
UNIPROT:Q1A6V1	#dddddd	W10
UNIPROT:Q3URI3	#dddddd	W10
UNIPROT:Q9CR61	#dddddd	W10
UNIPROT:Q9CY27	#dddddd	W10
UNIPROT:G3UWE1	#dddddd	W10
UNIPROT:P05132	#dddddd	W10
UNIPROT:Q9CQT1	#dddddd	W10
UNIPROT:Q8C0C7	#dddddd	W10
UNIPROT:Q8BGT5	#dddddd	W10
UNIPROT:Q64700	#dddddd	W10
UNIPROT:A0A1B0GR06	#dddddd	W10
UNIPROT:A0A1B0GRM0	#dddddd	W10
UNIPROT:Q8BYI6	#dddddd	W10
UNIPROT:P05202	#dddddd	W10
UNIPROT:Q8BN51	#dddddd	W10
UNIPROT:Q9ERQ8	#dddddd	W10
UNIPROT:G3XA26	#dddddd	W10
UNIPROT:Q3UND9	#dddddd	W10
UNIPROT:P51863	#dddddd	W10
UNIPROT:P16301	#dddddd	W10
UNIPROT:Q3UZ64	#dddddd	W10
UNIPROT:Q8VEB4	#dddddd	W10
UNIPROT:O35435	#dddddd	W10
UNIPROT:Q8BGQ7	#dddddd	W10
UNIPROT:Q3UD67	#dddddd	W10
UNIPROT:P60521	#dddddd	W10
UNIPROT:Q99MN1	#dddddd	W10
UNIPROT:Q3TIV6	#dddddd	W10
UNIPROT:Q8R2P8	#dddddd	W10
UNIPROT:Q91WK5	#dddddd	W10
UNIPROT:Q99J39	#dddddd	W10
UNIPROT:P19783	#dddddd	W10
UNIPROT:A2RSV8	#dddddd	W10
UNIPROT:P08030	#dddddd	W10
UNIPROT:Q01727	#dddddd	W10
UNIPROT:A0A0B6VTJ4	#dddddd	W10
UNIPROT:Q9JI39	#dddddd	W10
UNIPROT:P98192	#dddddd	W10
UNIPROT:Q545P6	#dddddd	W10
UNIPROT:Q9CT84	#dddddd	W10
UNIPROT:Q9CQA9	#dddddd	W10
UNIPROT:Q8C373	#dddddd	W10
UNIPROT:Q99NH2	#dddddd	W10
UNIPROT:A0A0R4J1Y4	#dddddd	W10
UNIPROT:A5D6P2	#dddddd	W10
UNIPROT:B7ZNY3	#dddddd	W10
UNIPROT:E9PYJ2	#dddddd	W10
UNIPROT:G3XA13	#dddddd	W10
UNIPROT:O89106	#dddddd	W10
UNIPROT:E9PZ91	#dddddd	W10
UNIPROT:P48453	#dddddd	W10
UNIPROT:A0A6B9EQU3	#dddddd	W10
UNIPROT:E0CZ78	#dddddd	W10
UNIPROT:G3X8U7	#dddddd	W10
UNIPROT:Q923T9	#dddddd	W10
UNIPROT:Q6ZWS7	#dddddd	W10
UNIPROT:Q8BW40	#dddddd	W10
UNIPROT:P55264	#dddddd	W10
UNIPROT:Q8BMC5	#dddddd	W10
UNIPROT:Q60930	#dddddd	W10
UNIPROT:Q08460	#dddddd	W10
UNIPROT:A0A087WQ41	#dddddd	W10
UNIPROT:A0A087WQN5	#dddddd	W10
UNIPROT:A0A087WRS4	#dddddd	W10
UNIPROT:A0A286YD35	#dddddd	W10
UNIPROT:A0A286YDM6	#dddddd	W10
UNIPROT:Q3UXG3	#dddddd	W10
UNIPROT:Q99KR7	#dddddd	W10
UNIPROT:Q99246	#dddddd	W10
UNIPROT:A0A286YD72	#dddddd	W10
UNIPROT:A0A589Q4M7	#dddddd	W10
UNIPROT:P40142	#dddddd	W10
UNIPROT:Q91Y86	#dddddd	W10
UNIPROT:A6P3E4	#dddddd	W10
UNIPROT:G3X8U9	#dddddd	W10
UNIPROT:Q544A0	#dddddd	W10
UNIPROT:Q7TSJ7	#dddddd	W10
UNIPROT:P26443	#dddddd	W10
UNIPROT:Q3TSQ7	#dddddd	W10
UNIPROT:Q61627	#dddddd	W10
UNIPROT:P23492	#dddddd	W10
UNIPROT:Q543K9	#dddddd	W10
UNIPROT:Q9D8C9	#dddddd	W10
UNIPROT:Q91Z83	#dddddd	W10
UNIPROT:B2RXX9	#dddddd	W10
UNIPROT:Q8JZL3	#dddddd	W10
UNIPROT:Q8BH04	#dddddd	W10
UNIPROT:A0A0R4J0G0	#dddddd	W10
UNIPROT:Q99L27	#dddddd	W10
UNIPROT:O88855	#dddddd	W10
UNIPROT:A7VJD3	#dddddd	W10
UNIPROT:Q8K120	#dddddd	W10
UNIPROT:Q99KP3	#dddddd	W10
UNIPROT:A7VMV2	#dddddd	W10
UNIPROT:Q8VE11	#dddddd	W10
UNIPROT:P13562	#dddddd	W10
UNIPROT:Q3UTE9	#dddddd	W10
UNIPROT:P48455	#dddddd	W10
UNIPROT:A0A2I3BPC5	#dddddd	W10
UNIPROT:Q80XK0	#dddddd	W10
UNIPROT:Q8BMC0	#dddddd	W10
UNIPROT:D3YXJ0	#dddddd	W10
UNIPROT:A0A2I3BQ43	#dddddd	W10
UNIPROT:A0JP53	#dddddd	W10
UNIPROT:P48302	#dddddd	W10
UNIPROT:F8VQK3	#dddddd	W10
UNIPROT:Q3TNN8	#dddddd	W10
UNIPROT:Q3UH83	#dddddd	W10
UNIPROT:Q9CQF6	#dddddd	W10
UNIPROT:Q9Z2W8	#dddddd	W10
UNIPROT:E9PX01	#dddddd	W10
UNIPROT:Q8C069	#dddddd	W10
UNIPROT:Q9Z2D1	#dddddd	W10
UNIPROT:Q6P572	#dddddd	W10
UNIPROT:P13864	#dddddd	W10
UNIPROT:J3QNW0	#dddddd	W10
UNIPROT:Q3UHZ3	#dddddd	W10
UNIPROT:Q3UWN4	#dddddd	W10
UNIPROT:Q7TSJ0	#dddddd	W10
UNIPROT:P52592	#dddddd	W10
UNIPROT:O89084	#dddddd	W10
UNIPROT:B2RTL2	#dddddd	W10
UNIPROT:Q3TUD0	#dddddd	W10
UNIPROT:Q91X56	#dddddd	W10
UNIPROT:Q60773	#dddddd	W10
UNIPROT:Q3US51	#dddddd	W10
UNIPROT:Q3UW31	#dddddd	W10
UNIPROT:Q91WA9	#dddddd	W10
UNIPROT:P22907	#dddddd	W10
UNIPROT:Q3UBC6	#dddddd	W10
UNIPROT:Q3UPG1	#dddddd	W10
UNIPROT:Q9CPQ8	#dddddd	W10
UNIPROT:Q04646	#dddddd	W10
UNIPROT:Q6ITT1	#dddddd	W10
UNIPROT:Q6ITT2	#dddddd	W10
UNIPROT:Q9CXV1	#dddddd	W10
UNIPROT:Q62388	#dddddd	W10
UNIPROT:B9EHX4	#dddddd	W10
UNIPROT:Q8QZT1	#dddddd	W10
UNIPROT:Q8R4G9	#dddddd	W10
UNIPROT:Q0VBK4	#dddddd	W10
UNIPROT:Q8BZB2	#dddddd	W10
UNIPROT:A0A1L1ST77	#dddddd	W10
UNIPROT:P12787	#dddddd	W10
UNIPROT:B2RY58	#dddddd	W10
UNIPROT:Q8BUN5	#dddddd	W10
UNIPROT:P31938	#dddddd	W10
UNIPROT:Q3TMJ8	#dddddd	W10
UNIPROT:Q8K2C9	#dddddd	W10
UNIPROT:Q9D799	#dddddd	W10
UNIPROT:Q3V021	#dddddd	W10
UNIPROT:Q8CI85	#dddddd	W10
UNIPROT:A0A0R4J0W4	#dddddd	W10
UNIPROT:Q8K2J1	#dddddd	W10
UNIPROT:P30276	#dddddd	W10
UNIPROT:Q8JZS7	#dddddd	W10
UNIPROT:P58308	#dddddd	W10
UNIPROT:P97494	#dddddd	W10
UNIPROT:Q3TEF1	#dddddd	W10
UNIPROT:Q3UNA7	#dddddd	W10
UNIPROT:Q8BHI7	#dddddd	W10
UNIPROT:P24472	#dddddd	W10
UNIPROT:P48771	#dddddd	W10
UNIPROT:Q9EQC4	#dddddd	W10
UNIPROT:P97370	#dddddd	W10
UNIPROT:Q544Q7	#dddddd	W10
UNIPROT:Q99JR6	#dddddd	W10
UNIPROT:Q8BTI9	#dddddd	W10
UNIPROT:Q6P3D0	#dddddd	W10
UNIPROT:Q8QZY2	#dddddd	W10
UNIPROT:A0A0R4J1H2	#dddddd	W10
UNIPROT:Q8VC19	#dddddd	W10
UNIPROT:Q3V0B2	#dddddd	W10
UNIPROT:Q99JW2	#dddddd	W10
UNIPROT:A0A0R4J050	#dddddd	W10
UNIPROT:Q14BI2	#dddddd	W10
UNIPROT:P08752	#dddddd	W10
UNIPROT:Q8CFA2	#dddddd	W10
UNIPROT:A2RSW6	#dddddd	W10
UNIPROT:Q9QUI0	#dddddd	W10
UNIPROT:Q4VAE6	#dddddd	W10
UNIPROT:P11352	#dddddd	W10
UNIPROT:A0A0A6YVV2	#dddddd	W10
UNIPROT:Q8BML9	#dddddd	W10
UNIPROT:P24547	#dddddd	W10
UNIPROT:Q3UAT9	#dddddd	W10
UNIPROT:Q9CZ13	#dddddd	W10
UNIPROT:O88425	#dddddd	W10
UNIPROT:P41593	#dddddd	W10
UNIPROT:Q3ULJ0	#dddddd	W10
UNIPROT:B2RSR7	#dddddd	W10
UNIPROT:Q8VCH0	#dddddd	W10
UNIPROT:Q3UKM0	#dddddd	W10
UNIPROT:Q921H8	#dddddd	W10
UNIPROT:Q3TNA1	#dddddd	W10
UNIPROT:Q3TMS3	#dddddd	W10
UNIPROT:P09240	#dddddd	W10
UNIPROT:Q8R041	#dddddd	W10
UNIPROT:P97751	#dddddd	W10
UNIPROT:Q8VDC0	#dddddd	W10
UNIPROT:Q9EP69	#dddddd	W10
UNIPROT:Q8BZT7	#dddddd	W10
UNIPROT:Q6AXH0	#dddddd	W10
UNIPROT:P59644	#dddddd	W10
UNIPROT:Q8K296	#dddddd	W10
UNIPROT:B1ATD5	#dddddd	W10
UNIPROT:Q80U24	#dddddd	W10
UNIPROT:Q8R1I1	#dddddd	W10
UNIPROT:Q5NCJ9	#dddddd	W10
UNIPROT:O70250	#dddddd	W10
UNIPROT:Q5NCI4	#dddddd	W10
UNIPROT:P52792	#dddddd	W10
UNIPROT:Q5SVI5	#dddddd	W10
UNIPROT:Q5SVI6	#dddddd	W10
UNIPROT:P28652	#dddddd	W10
UNIPROT:Q5SVI0	#dddddd	W10
UNIPROT:Q5SVI2	#dddddd	W10
UNIPROT:Q5SVJ0	#dddddd	W10
UNIPROT:Q5SVJ1	#dddddd	W10
UNIPROT:Q68EG2	#dddddd	W10
UNIPROT:Q8BL41	#dddddd	W10
UNIPROT:O88444	#dddddd	W10
UNIPROT:Q63810	#dddddd	W10
UNIPROT:Q91ZJ5	#dddddd	W10
UNIPROT:Q3U548	#dddddd	W10
UNIPROT:P14152	#dddddd	W10
UNIPROT:A0A5F8MPN8	#dddddd	W10
UNIPROT:Q9CQG1	#dddddd	W10
UNIPROT:Q8R2W9	#dddddd	W10
UNIPROT:Q5SXA7	#dddddd	W10
UNIPROT:Q9D0I9	#dddddd	W10
UNIPROT:Q99LB6	#dddddd	W10
UNIPROT:P22723	#dddddd	W10
UNIPROT:P62812	#dddddd	W10
UNIPROT:Q3URD4	#dddddd	W10
UNIPROT:Q544F7	#dddddd	W10
UNIPROT:P63137	#dddddd	W10
UNIPROT:Q9Z2Z9	#dddddd	W10
UNIPROT:Q3V0X4	#dddddd	W10
UNIPROT:Q9WTU6	#dddddd	W10
UNIPROT:Q5NCK8	#dddddd	W10
UNIPROT:Q8C094	#dddddd	W10
UNIPROT:Q60932	#dddddd	W10
UNIPROT:Q9CQ69	#dddddd	W10
UNIPROT:Q60716	#dddddd	W10
UNIPROT:Q3UQ81	#dddddd	W10
UNIPROT:Q5SX74	#dddddd	W10
UNIPROT:Q5SX75	#dddddd	W10
UNIPROT:P46412	#dddddd	W10
UNIPROT:Q64018	#dddddd	W10
UNIPROT:Q5NCT9	#dddddd	W10
UNIPROT:P23818	#dddddd	W10
UNIPROT:F6YNQ1	#dddddd	W10
UNIPROT:Q7TNB5	#dddddd	W10
UNIPROT:Q64520	#dddddd	W10
UNIPROT:E9Q7K1	#dddddd	W10
UNIPROT:Q8VCE6	#dddddd	W10
UNIPROT:Q61907	#dddddd	W10
UNIPROT:P50431	#dddddd	W10
UNIPROT:P47740	#dddddd	W10
UNIPROT:B1AV77	#dddddd	W10
UNIPROT:Q8CFY5	#dddddd	W10
UNIPROT:Q3U3N1	#dddddd	W10
UNIPROT:Q3UDN4	#dddddd	W10
UNIPROT:Q99KS6	#dddddd	W10
UNIPROT:Q5SUR0	#dddddd	W10
UNIPROT:P14231	#dddddd	W10
UNIPROT:Q3UR55	#dddddd	W10
UNIPROT:Q6P8J2	#dddddd	W10
UNIPROT:A0A158SIT0	#dddddd	W10
UNIPROT:P14142	#dddddd	W10
UNIPROT:Q9DCD6	#dddddd	W10
UNIPROT:P39654	#dddddd	W10
UNIPROT:A2CF88	#dddddd	W10
UNIPROT:P97813	#dddddd	W10
UNIPROT:Q3UNY4	#dddddd	W10
UNIPROT:Q5SXG5	#dddddd	W10
UNIPROT:Q6NV49	#dddddd	W10
UNIPROT:Q80ZW1	#dddddd	W10
UNIPROT:P20782	#dddddd	W10
UNIPROT:Q5SXG9	#dddddd	W10
UNIPROT:B9EHM6	#dddddd	W10
UNIPROT:Q3UYI1	#dddddd	W10
UNIPROT:Q9QZX7	#dddddd	W10
UNIPROT:Q8C5L6	#dddddd	W10
UNIPROT:Q5ND43	#dddddd	W10
UNIPROT:Q9D826	#dddddd	W10
UNIPROT:Q3UEJ8	#dddddd	W10
UNIPROT:P05063	#dddddd	W10
UNIPROT:O54949	#dddddd	W10
UNIPROT:Q3TV73	#dddddd	W10
UNIPROT:Q91XS1	#dddddd	W10
UNIPROT:Q9R1C6	#dddddd	W10
UNIPROT:Q6P8I6	#dddddd	W10
UNIPROT:Q01768	#dddddd	W10
UNIPROT:Q5NC82	#dddddd	W10
UNIPROT:P15532	#dddddd	W10
UNIPROT:Q5NC81	#dddddd	W10
UNIPROT:Q9CR84	#dddddd	W10
UNIPROT:Q80XI4	#dddddd	W10
UNIPROT:Q3UJ95	#dddddd	W10
UNIPROT:Q60829	#dddddd	W10
UNIPROT:P40935	#dddddd	W10
UNIPROT:Q0VB50	#dddddd	W10
UNIPROT:P63058	#dddddd	W10
UNIPROT:Q3UFY7	#dddddd	W10
UNIPROT:P42227	#dddddd	W10
UNIPROT:Q3ULI4	#dddddd	W10
UNIPROT:Q6GU23	#dddddd	W10
UNIPROT:Q9Z1G4	#dddddd	W10
UNIPROT:Q3TXT5	#dddddd	W10
UNIPROT:Q3TY98	#dddddd	W10
UNIPROT:Q9DBL7	#dddddd	W10
UNIPROT:Q812C9	#dddddd	W10
UNIPROT:Q6NSQ9	#dddddd	W10
UNIPROT:Q8K2J0	#dddddd	W10
UNIPROT:P35347	#dddddd	W10
UNIPROT:K9J9G1	#dddddd	W10
UNIPROT:Q0VGH2	#dddddd	W10
UNIPROT:Q3ZAT0	#dddddd	W10
UNIPROT:P27601	#dddddd	W10
UNIPROT:Q3UE40	#dddddd	W10
UNIPROT:Q8K086	#dddddd	W10
UNIPROT:Q9D034	#dddddd	W10
UNIPROT:Q8K442	#dddddd	W10
UNIPROT:A4PBQ7	#dddddd	W10
UNIPROT:F8WGE3	#dddddd	W10
UNIPROT:Q8K448	#dddddd	W10
UNIPROT:Q04887	#dddddd	W10
UNIPROT:P30875	#dddddd	W10
UNIPROT:Q9DCX2	#dddddd	W10
UNIPROT:Q9JM14	#dddddd	W10
UNIPROT:A2A9X5	#dddddd	W10
UNIPROT:Q60631	#dddddd	W10
UNIPROT:Q3U1Q4	#dddddd	W10
UNIPROT:Q3U5I5	#dddddd	W10
UNIPROT:Q9R0H0	#dddddd	W10
UNIPROT:P04184	#dddddd	W10
UNIPROT:Q6XPS7	#dddddd	W10
UNIPROT:Q8BHF7	#dddddd	W10
UNIPROT:B9EKS7	#dddddd	W10
UNIPROT:Q8VCF1	#dddddd	W10
UNIPROT:Q922E4	#dddddd	W10
UNIPROT:A2ABY3	#dddddd	W10
UNIPROT:Q3USD5	#dddddd	W10
UNIPROT:Q8BKJ9	#dddddd	W10
UNIPROT:Q922W5	#dddddd	W10
UNIPROT:Q3UTR5	#dddddd	W10
UNIPROT:P60764	#dddddd	W10
UNIPROT:Q14A12	#dddddd	W10
UNIPROT:Q91X52	#dddddd	W10
UNIPROT:A2AC16	#dddddd	W10
UNIPROT:Q9WUA3	#dddddd	W10
UNIPROT:Q8C605	#dddddd	W10
UNIPROT:Q9ERZ3	#dddddd	W10
UNIPROT:Q542R4	#dddddd	W10
UNIPROT:E9Q401	#dddddd	W10
UNIPROT:Q60835	#dddddd	W10
UNIPROT:Q80ZZ5	#dddddd	W10
UNIPROT:A6H5Y3	#dddddd	W10
UNIPROT:Q61602	#dddddd	W10
UNIPROT:B2RUG4	#dddddd	W10
UNIPROT:Q3TYX7	#dddddd	W10
UNIPROT:Q8BWF0	#dddddd	W10
UNIPROT:B2RS41	#dddddd	W10
UNIPROT:Q9CR68	#dddddd	W10
UNIPROT:Q99M01	#dddddd	W10
UNIPROT:G3X9Q4	#dddddd	W10
UNIPROT:Q8BW46	#dddddd	W10
UNIPROT:Q9JLJ4	#dddddd	W10
UNIPROT:A0A0R4J1P7	#dddddd	W10
UNIPROT:Q543J1	#dddddd	W10
UNIPROT:Q8K2C6	#dddddd	W10
UNIPROT:A0A1Y7VM56	#dddddd	W10
UNIPROT:Q9DCZ1	#dddddd	W10
UNIPROT:Q6P1C1	#dddddd	W10
UNIPROT:A0A217FL54	#dddddd	W10
UNIPROT:Q8BU30	#dddddd	W10
UNIPROT:Q9R0S0	#dddddd	W10
UNIPROT:Q61616	#dddddd	W10
UNIPROT:Q8R0J8	#dddddd	W10
UNIPROT:D3Z4J6	#dddddd	W10
UNIPROT:P70695	#dddddd	W10
UNIPROT:Q3TKP4	#dddddd	W10
UNIPROT:Q61115	#dddddd	W10
UNIPROT:Q3TQB0	#dddddd	W10
UNIPROT:Q3UUD4	#dddddd	W10
UNIPROT:Q5R252	#dddddd	W10
UNIPROT:Q9CQB4	#dddddd	W10
UNIPROT:Q99LH2	#dddddd	W10
UNIPROT:Q3V1Q3	#dddddd	W10
UNIPROT:P52503	#dddddd	W10
UNIPROT:Q3TFD2	#dddddd	W10
UNIPROT:Q8K2B3	#dddddd	W10
UNIPROT:Q8CFN5	#dddddd	W10
UNIPROT:A0A0G2JEC2	#dddddd	W10
UNIPROT:A0A0H2UH28	#dddddd	W10
UNIPROT:A0A0H2UKB6	#dddddd	W10
UNIPROT:Q3V1B5	#dddddd	W10
UNIPROT:P17665	#dddddd	W10
UNIPROT:Q9Z2Y3	#dddddd	W10
UNIPROT:Q3UVL6	#dddddd	W10
UNIPROT:Q5D052	#dddddd	W10
UNIPROT:E9PX38	#dddddd	W10
UNIPROT:E9PXX4	#dddddd	W10
UNIPROT:E9PYP0	#dddddd	W10
UNIPROT:E9Q8J6	#dddddd	W10
UNIPROT:Q8BI47	#dddddd	W10
UNIPROT:P30558	#dddddd	W10
UNIPROT:O08675	#dddddd	W10
UNIPROT:Q8VCP8	#dddddd	W10
UNIPROT:P24860	#dddddd	W10
UNIPROT:Q3TQW9	#dddddd	W10
UNIPROT:P26450	#dddddd	W10
UNIPROT:Q3TP23	#dddddd	W10
UNIPROT:Q80UI5	#dddddd	W10
UNIPROT:Q8C7P2	#dddddd	W10
UNIPROT:Q01063	#dddddd	W10
UNIPROT:A2RSH1	#dddddd	W10
UNIPROT:A6XDA7	#dddddd	W10
UNIPROT:A6XDB0	#dddddd	W10
UNIPROT:B2KF84	#dddddd	W10
UNIPROT:E9PVU7	#dddddd	W10
UNIPROT:P53351	#dddddd	W10
UNIPROT:Q3TV29	#dddddd	W10
UNIPROT:Q548A9	#dddddd	W10
UNIPROT:Q61469	#dddddd	W10
UNIPROT:Q9D7B7	#dddddd	W10
UNIPROT:A0A338P7G6	#dddddd	W10
UNIPROT:Q9CXZ1	#dddddd	W10
UNIPROT:E9QPX3	#dddddd	W10
UNIPROT:Q8BGK0	#dddddd	W10
UNIPROT:Q8C1W8	#dddddd	W10
UNIPROT:Q8JZK9	#dddddd	W10
UNIPROT:O88508	#dddddd	W10
UNIPROT:P01193	#dddddd	W10
UNIPROT:Q8VHH7	#dddddd	W10
UNIPROT:B8JK56	#dddddd	W10
UNIPROT:Q80TY9	#dddddd	W10
UNIPROT:Q91ZP3	#dddddd	W10
UNIPROT:A0A1Y7VLN4	#dddddd	W10
UNIPROT:A0A5F8MQ53	#dddddd	W10
UNIPROT:E9QKQ5	#dddddd	W10
UNIPROT:Q8CD95	#dddddd	W10
UNIPROT:P70336	#dddddd	W10
UNIPROT:F8VPK5	#dddddd	W10
UNIPROT:Q3TR46	#dddddd	W10
UNIPROT:P00860	#dddddd	W10
UNIPROT:P11157	#dddddd	W10
UNIPROT:Q8R3I2	#dddddd	W10
UNIPROT:Q8BN01	#dddddd	W10
UNIPROT:Q3U5Q7	#dddddd	W10
UNIPROT:Q99JT9	#dddddd	W10
UNIPROT:Q9D358	#dddddd	W10
UNIPROT:Q4VAI2	#dddddd	W10
UNIPROT:Q561M1	#dddddd	W10
UNIPROT:O08749	#dddddd	W10
UNIPROT:Q99KQ4	#dddddd	W10
UNIPROT:Q6NS52	#dddddd	W10
UNIPROT:Q60987	#dddddd	W10
UNIPROT:Q3V1Q8	#dddddd	W10
UNIPROT:Q9Z1E3	#dddddd	W10
UNIPROT:G3UXL2	#dddddd	W10
UNIPROT:Q3UYQ0	#dddddd	W10
UNIPROT:Q02384	#dddddd	W10
UNIPROT:A0A0A0MQ87	#dddddd	W10
UNIPROT:Q91YP0	#dddddd	W10
UNIPROT:Q9CXA2	#dddddd	W10
UNIPROT:P57746	#dddddd	W10
UNIPROT:Q3U861	#dddddd	W10
UNIPROT:O08691	#dddddd	W10
UNIPROT:S4R2P9	#dddddd	W10
UNIPROT:E9PX50	#dddddd	W10
UNIPROT:Q3UTP5	#dddddd	W10
UNIPROT:Q8BXN1	#dddddd	W10
UNIPROT:Q9QYR9	#dddddd	W10
UNIPROT:Q6P2K2	#dddddd	W10
UNIPROT:O55137	#dddddd	W10
UNIPROT:Q8R1S0	#dddddd	W10
UNIPROT:Q9WUZ9	#dddddd	W10
UNIPROT:Q3TQC7	#dddddd	W10
UNIPROT:Q9EQ20	#dddddd	W10
UNIPROT:Q8K0L1	#dddddd	W10
UNIPROT:O89016	#dddddd	W10
UNIPROT:P01101	#dddddd	W10
UNIPROT:Q3TRQ9	#dddddd	W10
UNIPROT:Q91YU7	#dddddd	W10
UNIPROT:Q9WVL0	#dddddd	W10
UNIPROT:A0A1Y7VNC1	#dddddd	W10
UNIPROT:Q9JJA0	#dddddd	W10
UNIPROT:Q3UKW2	#dddddd	W10
UNIPROT:Q8BYN3	#dddddd	W10
UNIPROT:P32921	#dddddd	W10
UNIPROT:Q3U6U7	#dddddd	W10
UNIPROT:Q04447	#dddddd	W10
UNIPROT:P28650	#dddddd	W10
UNIPROT:Q3UBP0	#dddddd	W10
UNIPROT:P31750	#dddddd	W10
UNIPROT:P41588	#dddddd	W10
UNIPROT:Q546Q8	#dddddd	W10
UNIPROT:P16882	#dddddd	W10
UNIPROT:Q3UNY8	#dddddd	W10
UNIPROT:Q3UP14	#dddddd	W10
UNIPROT:Q9D0K2	#dddddd	W10
UNIPROT:Q5EG47	#dddddd	W10
UNIPROT:Q3TUQ7	#dddddd	W10
UNIPROT:Q8BUX6	#dddddd	W10
UNIPROT:Q8C5H8	#dddddd	W10
UNIPROT:Q9CUB4	#dddddd	W10
UNIPROT:Q9Z0Z3	#dddddd	W10
UNIPROT:A0A087WQ11	#dddddd	W10
UNIPROT:Q569Z9	#dddddd	W10
UNIPROT:Q9D0R2	#dddddd	W10
UNIPROT:Q9CPQ1	#dddddd	W10
UNIPROT:Q6PEE3	#dddddd	W10
UNIPROT:Q9Z1G3	#dddddd	W10
UNIPROT:P21761	#dddddd	W10
UNIPROT:Q32MS1	#dddddd	W10
UNIPROT:Q9CPU7	#dddddd	W10
UNIPROT:Q9CQJ8	#dddddd	W10
UNIPROT:P0DP60	#dddddd	W10
UNIPROT:Q8CC86	#dddddd	W10
UNIPROT:Q9DCC4	#dddddd	W10
UNIPROT:Q8K010	#dddddd	W10
UNIPROT:Q9D0M3	#dddddd	W10
UNIPROT:Q8QZR5	#dddddd	W10
UNIPROT:Q566C3	#dddddd	W10
UNIPROT:P52196	#dddddd	W10
UNIPROT:Q545S0	#dddddd	W10
UNIPROT:Q99J99	#dddddd	W10
UNIPROT:P30935	#dddddd	W10
UNIPROT:O88986	#dddddd	W10
UNIPROT:E9PWY6	#dddddd	W10
UNIPROT:Q9CZ08	#dddddd	W10
UNIPROT:P97819	#dddddd	W10
UNIPROT:Q3U613	#dddddd	W10
UNIPROT:Q3UN31	#dddddd	W10
UNIPROT:Q9JMK2	#dddddd	W10
UNIPROT:Q3TYE1	#dddddd	W10
UNIPROT:Q06507	#dddddd	W10
UNIPROT:Q8CF69	#dddddd	W10
UNIPROT:P54822	#dddddd	W10
UNIPROT:B2RWS6	#dddddd	W10
UNIPROT:Q8BJ14	#dddddd	W10
UNIPROT:Q9CQZ5	#dddddd	W10
UNIPROT:P50637	#dddddd	W10
UNIPROT:O08911	#dddddd	W10
UNIPROT:Q9WUI1	#dddddd	W10
UNIPROT:O55229	#dddddd	W10
UNIPROT:Q54AG5	#dddddd	W10
UNIPROT:Q61285	#dddddd	W10
UNIPROT:Q8VCC8	#dddddd	W10
UNIPROT:E9Q2E5	#dddddd	W10
UNIPROT:Q3TES7	#dddddd	W10
UNIPROT:Q3UQC2	#dddddd	W10
UNIPROT:P47857	#dddddd	W10
UNIPROT:Q01341	#dddddd	W10
UNIPROT:A0A2I3BRC5	#dddddd	W10
UNIPROT:F8VQ52	#dddddd	W10
UNIPROT:O54950	#dddddd	W10
UNIPROT:Q3TWR3	#dddddd	W10
UNIPROT:P13707	#dddddd	W10
UNIPROT:Q9DBE0	#dddddd	W10
UNIPROT:A0A2R8VHX0	#dddddd	W10
UNIPROT:Q9WVA8	#dddddd	W10
UNIPROT:P56383	#dddddd	W10
UNIPROT:Q01065	#dddddd	W10
UNIPROT:A0A2I3BPC1	#dddddd	W10
UNIPROT:Q6PDS5	#dddddd	W10
UNIPROT:Q9DBS6	#dddddd	W10
UNIPROT:A0A0U1RQB6	#dddddd	W10
UNIPROT:F8VPR5	#dddddd	W10
UNIPROT:Q6GQV9	#dddddd	W10
UNIPROT:P51830	#dddddd	W10
UNIPROT:E9Q706	#dddddd	W10
UNIPROT:O70252	#dddddd	W10
UNIPROT:Q544R7	#dddddd	W10
UNIPROT:P61922	#dddddd	W10
UNIPROT:Q6A4J8	#dddddd	W10
UNIPROT:E9PXY8	#dddddd	W10
UNIPROT:F8VPX1	#dddddd	W10
UNIPROT:P35436	#dddddd	W10
UNIPROT:O35379	#dddddd	W10
UNIPROT:A5D6P3	#dddddd	W10
UNIPROT:Q8BYL4	#dddddd	W10
UNIPROT:Q8BJJ2	#dddddd	W10
UNIPROT:P63085	#dddddd	W10
UNIPROT:E9Q3L2	#dddddd	W10
UNIPROT:A0A140T8I9	#dddddd	W10
UNIPROT:A0A1S6GWJ7	#dddddd	W10
UNIPROT:Q9WU79	#dddddd	W10
UNIPROT:O88587	#dddddd	W10
UNIPROT:Q9R1X5	#dddddd	W10
UNIPROT:Q6P8Q2	#dddddd	W10
UNIPROT:Q91WG7	#dddddd	W10
UNIPROT:Q570Z5	#dddddd	W10
UNIPROT:Q8C413	#dddddd	W10
UNIPROT:P60041	#dddddd	W10
UNIPROT:Q545V6	#dddddd	W10
UNIPROT:P41183	#dddddd	W10
UNIPROT:Q544F9	#dddddd	W10
UNIPROT:Q80XN0	#dddddd	W10
UNIPROT:P49586	#dddddd	W10
UNIPROT:P13439	#dddddd	W10
UNIPROT:Q544K9	#dddddd	W10
UNIPROT:Q9D3B1	#dddddd	W10
UNIPROT:P84309	#dddddd	W10
UNIPROT:Q9CQC7	#dddddd	W10
UNIPROT:Q6PCP7	#dddddd	W10
UNIPROT:A0A0R4J0P3	#dddddd	W10
UNIPROT:P56394	#dddddd	W10
UNIPROT:Q54AC6	#dddddd	W10
UNIPROT:P50516	#dddddd	W10
UNIPROT:Q9JHW2	#dddddd	W10
UNIPROT:P36552	#dddddd	W10
UNIPROT:Q02284	#dddddd	W10
UNIPROT:Q543V2	#dddddd	W10
UNIPROT:P97450	#dddddd	W10
UNIPROT:A0A2I3BPT2	#dddddd	W10
UNIPROT:A0A2I3BQM2	#dddddd	W10
UNIPROT:Q3UZT1	#dddddd	W10
UNIPROT:Q8BQZ0	#dddddd	W10
UNIPROT:Q8BRT2	#dddddd	W10
UNIPROT:Q8C825	#dddddd	W10
UNIPROT:E9Q1R7	#dddddd	W10
UNIPROT:G3UWG2	#dddddd	W10
UNIPROT:Q3UHH6	#dddddd	W10
UNIPROT:Q3UVX2	#dddddd	W10
UNIPROT:Q6P1D6	#dddddd	W10
UNIPROT:D3Z656	#dddddd	W10
UNIPROT:E9Q7S0	#dddddd	W10
UNIPROT:Q64737	#dddddd	W10
UNIPROT:Q9DB20	#dddddd	W10
UNIPROT:Q8BVP2	#dddddd	W10
UNIPROT:Q9D2G5	#dddddd	W10
UNIPROT:D3YZB2	#dddddd	W10
UNIPROT:E9Q4P5	#dddddd	W10
UNIPROT:F8WHD8	#dddddd	W10
UNIPROT:Q3TTB3	#dddddd	W10
UNIPROT:Q8CA95	#dddddd	W10
UNIPROT:A0A384DV92	#dddddd	W10
UNIPROT:Q7TPG2	#dddddd	W10
UNIPROT:Q8K4X7	#dddddd	W10
UNIPROT:P30554	#dddddd	W10
UNIPROT:Q0VB49	#dddddd	W10
UNIPROT:Q8CAY6	#dddddd	W10
UNIPROT:P09671	#dddddd	W10
UNIPROT:Q4FJX9	#dddddd	W10
UNIPROT:Q9Z2A0	#dddddd	W10
UNIPROT:F2Z3X6	#dddddd	W10
UNIPROT:Q3TRL2	#dddddd	W10
UNIPROT:Q3UGN6	#dddddd	W10
UNIPROT:Q3UHZ0	#dddddd	W10
UNIPROT:P63082	#dddddd	W10
UNIPROT:A3KML5	#dddddd	W10
UNIPROT:Q8R420	#dddddd	W10
UNIPROT:Q3TN91	#dddddd	W10
UNIPROT:Q6AXE3	#dddddd	W10
UNIPROT:Q9DCS9	#dddddd	W10
UNIPROT:Q8R0F8	#dddddd	W10
UNIPROT:Q9WV85	#dddddd	W10
UNIPROT:Q9WV84	#dddddd	W10
UNIPROT:Q9CQD8	#dddddd	W10
UNIPROT:P47811	#dddddd	W10
UNIPROT:Q5U421	#dddddd	W10
UNIPROT:Q9Z1B7	#dddddd	W10
UNIPROT:Q3UIB2	#dddddd	W10
UNIPROT:P39689	#dddddd	W10
UNIPROT:Q564P6	#dddddd	W10
UNIPROT:Q64343	#dddddd	W10
UNIPROT:Q0VDW9	#dddddd	W10
UNIPROT:O70628	#dddddd	W10
UNIPROT:D3Z408	#dddddd	W10
UNIPROT:Q8BSU4	#dddddd	W10
UNIPROT:Q8BK30	#dddddd	W10
UNIPROT:Q3U422	#dddddd	W10
UNIPROT:Q91WT9	#dddddd	W10
UNIPROT:Q9Z1P6	#dddddd	W10
UNIPROT:O35083	#dddddd	W10
UNIPROT:A0A0R4J263	#dddddd	W10
UNIPROT:A0A0A0MQ69	#dddddd	W10
UNIPROT:Q3UJ07	#dddddd	W10
UNIPROT:Q9Z1Q9	#dddddd	W10
UNIPROT:Q790I0	#dddddd	W10
UNIPROT:Q9WTT4	#dddddd	W10
UNIPROT:G5E923	#dddddd	W10
UNIPROT:Q54A87	#dddddd	W10
UNIPROT:Q3U2A8	#dddddd	W10
UNIPROT:Q9WV18	#dddddd	W10
UNIPROT:Q8BTJ4	#dddddd	W10
UNIPROT:Q14CH7	#dddddd	W10
UNIPROT:Q8R4P9	#dddddd	W10
UNIPROT:Q9JM73	#dddddd	W10
UNIPROT:Q9QXF8	#dddddd	W10
UNIPROT:G5E814	#dddddd	W10
UNIPROT:P01027	#dddddd	W10
UNIPROT:Q9DCN1	#dddddd	W10
UNIPROT:Q9D6J6	#dddddd	W10
UNIPROT:Q99PI5	#dddddd	W10
UNIPROT:E9PWN0	#dddddd	W10
UNIPROT:Q3UN02	#dddddd	W10
UNIPROT:B0V2Q7	#dddddd	W10
UNIPROT:Q62245	#dddddd	W10
UNIPROT:Q3USK4	#dddddd	W10
UNIPROT:P70414	#dddddd	W10
UNIPROT:A0A3Q4EBU5	#dddddd	W10
UNIPROT:G3X9J1	#dddddd	W10
UNIPROT:Q27PY9	#dddddd	W10
UNIPROT:Q68FL0	#dddddd	W10
UNIPROT:Q61387	#dddddd	W10
UNIPROT:E9PZS8	#dddddd	W10
UNIPROT:Q3UDK5	#dddddd	W10
UNIPROT:P16054	#dddddd	W10
UNIPROT:O70176	#dddddd	W10
UNIPROT:Q3UYH8	#dddddd	W10
UNIPROT:Q8BJT8	#dddddd	W10
UNIPROT:P70335	#dddddd	W10
UNIPROT:Q3UE22	#dddddd	W10
UNIPROT:Q6PF93	#dddddd	W10
UNIPROT:Q8BGR3	#dddddd	W10
UNIPROT:Q9CQ75	#dddddd	W10
UNIPROT:Q61035	#dddddd	W10
UNIPROT:Q99KK9	#dddddd	W10
UNIPROT:G5E823	#dddddd	W10
UNIPROT:P06537	#dddddd	W10
UNIPROT:Q8BMJ2	#dddddd	W10
UNIPROT:Q7TSZ3	#dddddd	W10
UNIPROT:P60334	#dddddd	W10
UNIPROT:Q9CQY1	#dddddd	W10
UNIPROT:P51660	#dddddd	W10
UNIPROT:Q9DBF1	#dddddd	W10
UNIPROT:P11798	#dddddd	W10
UNIPROT:F8WHB5	#dddddd	W10
UNIPROT:F8WIS9	#dddddd	W10
UNIPROT:Q8K0A8	#dddddd	W10
UNIPROT:Q4QRK2	#dddddd	W10
UNIPROT:Q544X6	#dddddd	W10
UNIPROT:Q8BP47	#dddddd	W10
UNIPROT:A0A498WGK2	#dddddd	W10
UNIPROT:P56450	#dddddd	W10
UNIPROT:Q91UZ5	#dddddd	W10
UNIPROT:Q3U3B7	#dddddd	W10
UNIPROT:P97471	#dddddd	W10
UNIPROT:Q03265	#dddddd	W10
UNIPROT:Q9D1A2	#dddddd	W10
UNIPROT:P47212	#dddddd	W10
UNIPROT:A0A498WGR4	#dddddd	W10
UNIPROT:Q3V002	#dddddd	W10
UNIPROT:O54804	#dddddd	W10
UNIPROT:Q9JHF5	#dddddd	W10
UNIPROT:Q8K3J1	#dddddd	W10
UNIPROT:Q3UY05	#dddddd	W10
UNIPROT:Q5M9P5	#dddddd	W10
UNIPROT:Q91YT0	#dddddd	W10
UNIPROT:P19157	#dddddd	W10
UNIPROT:E9PX09	#dddddd	W10
UNIPROT:P62137	#dddddd	W10
UNIPROT:Q04207	#dddddd	W10
UNIPROT:Q548Y4	#dddddd	W10
UNIPROT:Q61337	#dddddd	W10
UNIPROT:Q3U9H3	#dddddd	W10
UNIPROT:P51432	#dddddd	W10
UNIPROT:Q8CI86	#dddddd	W10
UNIPROT:Q64445	#dddddd	W10
UNIPROT:P12657	#dddddd	W10
UNIPROT:Q8C0M9	#dddddd	W10
UNIPROT:Q9Z0R9	#dddddd	W10
UNIPROT:Q920L1	#dddddd	W10
UNIPROT:Q99K85	#dddddd	W10
UNIPROT:Q3U6K9	#dddddd	W10
UNIPROT:Q543K5	#dddddd	W10
UNIPROT:P21279	#dddddd	W10
UNIPROT:Q3UHH5	#dddddd	W10
UNIPROT:Q8CFV9	#dddddd	W10
UNIPROT:Q91W63	#dddddd	W10
UNIPROT:Q80UY1	#dddddd	W10
UNIPROT:Q9R111	#dddddd	W10
UNIPROT:D3YU09	#dddddd	W10
UNIPROT:Q548F2	#dddddd	W10
UNIPROT:O35943	#dddddd	W10
UNIPROT:Q3TV21	#dddddd	W10
UNIPROT:Q9WTP7	#dddddd	W10
UNIPROT:A2RTV8	#dddddd	W10
UNIPROT:Q91W43	#dddddd	W10
UNIPROT:Q9Z2L6	#dddddd	W10
UNIPROT:O08586	#dddddd	W10
UNIPROT:A0A6G7SF19	#dddddd	W10
UNIPROT:Q3UUT8	#dddddd	W10
UNIPROT:Q8K4K6	#dddddd	W10
UNIPROT:Q543J7	#dddddd	W10
UNIPROT:Q9Z110	#dddddd	W10
UNIPROT:Q9DBJ1	#dddddd	W10
UNIPROT:Q3U7Z6	#dddddd	W10
UNIPROT:Q9DCU9	#dddddd	W10
UNIPROT:Q2TBE6	#dddddd	W10
UNIPROT:P05201	#dddddd	W10
UNIPROT:Q8BJ03	#dddddd	W10
UNIPROT:E9Q605	#dddddd	W10
UNIPROT:E9QNL4	#dddddd	W10
UNIPROT:Q3TPN9	#dddddd	W10
UNIPROT:Q3UDK0	#dddddd	W10
UNIPROT:Q8CBT3	#dddddd	W10
UNIPROT:Q99PL7	#dddddd	W10
UNIPROT:P13011	#dddddd	W10
UNIPROT:P13516	#dddddd	W10
UNIPROT:Q547C4	#dddddd	W10
UNIPROT:Q9D6J5	#dddddd	W10
UNIPROT:Q3V406	#dddddd	W10
UNIPROT:Q3V1L4	#dddddd	W10
UNIPROT:A0A494B9X3	#dddddd	W10
UNIPROT:E9Q9M1	#dddddd	W10
UNIPROT:O09131	#dddddd	W10
UNIPROT:Q8K2Q2	#dddddd	W10
UNIPROT:Q8BW12	#dddddd	W10
UNIPROT:Q9D2S1	#dddddd	W10
UNIPROT:Q01338	#dddddd	W10
UNIPROT:P34971	#dddddd	W10
C00022	#dddddd	W15
C00041	#dddddd	W15
C00213	#dddddd	W15
C00186	#dddddd	W15
C00116	#dddddd	W15
C01026	#dddddd	W15
C00334	#dddddd	W15
C01089	#dddddd	W15
C00065	#dddddd	W15
C00519	#dddddd	W15
C00106	#dddddd	W15
C00791	#dddddd	W15
C00148	#dddddd	W15
C00581	#dddddd	W15
C00719	#dddddd	W15
C00188	#dddddd	W15
C00263	#dddddd	W15
C00153	#dddddd	W15
C00245	#dddddd	W15
C01879	#dddddd	W15
C02714	#dddddd	W15
C01157	#dddddd	W15
C00123	#dddddd	W15
C00407	#dddddd	W15
C00152	#dddddd	W15
C00077	#dddddd	W15
C00049	#dddddd	W15
C00262	#dddddd	W15
C00064	#dddddd	W15
C00047	#dddddd	W15
C00025	#dddddd	W15
C00979	#dddddd	W15
C00073	#dddddd	W15
C00242	#dddddd	W15
C00385	#dddddd	W15
C00295	#dddddd	W15
C02989	#dddddd	W15
C00079	#dddddd	W15
C00366	#dddddd	W15
C01152	#dddddd	W15
C00111	#dddddd	W15
C00093	#dddddd	W15
C03771	#dddddd	W15
C00062	#dddddd	W15
C00327	#dddddd	W15
C00072	#dddddd	W15
C00082	#dddddd	W15
C03964	#dddddd	W15
C00158	#dddddd	W15
C00257	#dddddd	W15
C00078	#dddddd	W15
C02305	#dddddd	W15
C02291	#dddddd	W15
C00386	#dddddd	W15
C00881	#dddddd	W15
C00199	#dddddd	W15
C00214	#dddddd	W15
C00475	#dddddd	W15
C00299	#dddddd	W15
C00670	#dddddd	W15
C00103	#dddddd	W15
C00092	#dddddd	W15
C00378	#dddddd	W15
C00212	#dddddd	W15
C00294	#dddddd	W15
C00345	#dddddd	W15
C00387	#dddddd	W15
C05382	#dddddd	W15
C03406	#dddddd	W15
C00051	#dddddd	W15
C00364	#dddddd	W15
C00055	#dddddd	W15
C00105	#dddddd	W15
C00020	#dddddd	W15
C00130	#dddddd	W15
C00144	#dddddd	W15
C00255	#dddddd	W15
C00021	#dddddd	W15
C00019	#dddddd	W15
C00363	#dddddd	W15
C00112	#dddddd	W15
C02477	#dddddd	W15
C00035	#dddddd	W15
C00570	#dddddd	W15
C00063	#dddddd	W15
C00307	#dddddd	W15
C00002	#dddddd	W15
C05122	#dddddd	W15
C00044	#dddddd	W15
C00029	#dddddd	W15
C00043	#dddddd	W15
C00127	#dddddd	W15
C00005	#dddddd	W15
C00010	#dddddd	W15
C00016	#dddddd	W15
C00114	#dddddd	W15
C02835	#dddddd	W15
C00300	#dddddd	W15
C05828	#dddddd	W15
C00346	#dddddd	W15
C00532	#dddddd	W15
C00606	#dddddd	W15
C01042	#dddddd	W15
C00620	#dddddd	W15
C02067	#dddddd	W15
C01595	#dddddd	W15
C01530	#dddddd	W15
C00170	#dddddd	W15
C12270	#dddddd	W15
C00219	#dddddd	W15
C03242	#dddddd	W15
C16525	#dddddd	W15
C06429	#dddddd	W15
C16513	#dddddd	W15
C16527	#dddddd	W15
C01083	#dddddd	W15
C00015	#dddddd	W15
C00008	#dddddd	W15
C00167	#dddddd	W15
UNIPROT:P33534	#dddddd	W10
UNIPROT:A0A5F8MP90	#dddddd	W10
UNIPROT:Q14AL5	#dddddd	W10
UNIPROT:Q3UVW8	#dddddd	W10
UNIPROT:P49681	#dddddd	W10
UNIPROT:O54754	#dddddd	W10
UNIPROT:G3X8P9	#dddddd	W10
UNIPROT:Q02152	#dddddd	W10
UNIPROT:P18893	#dddddd	W10
UNIPROT:A0A7R8GUQ3	#dddddd	W10
UNIPROT:Q3U879	#dddddd	W10
UNIPROT:Q99LB7	#dddddd	W10
UNIPROT:Q3TWI2	#dddddd	W10
UNIPROT:Q32M07	#dddddd	W10
UNIPROT:Q9R1W5	#dddddd	W10
UNIPROT:A2AR99	#dddddd	W10
UNIPROT:Q50L43	#dddddd	W10
UNIPROT:Q50L41	#dddddd	W10
UNIPROT:P58406	#dddddd	W10
UNIPROT:Q3USH0	#dddddd	W10
UNIPROT:Q540P3	#dddddd	W10
UNIPROT:Q6DIC8	#dddddd	W10
UNIPROT:Q9R0R4	#dddddd	W10
UNIPROT:Q544B5	#dddddd	W10
UNIPROT:Q62398	#dddddd	W10
UNIPROT:A3KGE1	#dddddd	W10
UNIPROT:Q9Z0Z4	#dddddd	W10
UNIPROT:A2AI62	#dddddd	W10
UNIPROT:P13634	#dddddd	W10
UNIPROT:P00920	#dddddd	W10
UNIPROT:Q8CIT0	#dddddd	W10
UNIPROT:D6RH77	#dddddd	W10
UNIPROT:Q3UWT7	#dddddd	W10
UNIPROT:Q6NVF2	#dddddd	W10
UNIPROT:A2RST1	#dddddd	W10
UNIPROT:A0A0A6YWX7	#dddddd	W10
UNIPROT:Q6R6I7	#dddddd	W10
UNIPROT:P25688	#dddddd	W10
UNIPROT:Q543J0	#dddddd	W10
UNIPROT:Q9JJZ9	#dddddd	W10
UNIPROT:P56476	#dddddd	W10
UNIPROT:Q91Y97	#dddddd	W10
UNIPROT:Q3TJ66	#dddddd	W10
UNIPROT:Q3UER1	#dddddd	W10
UNIPROT:A6ZI46	#dddddd	W10
UNIPROT:A2AKM2	#dddddd	W10
UNIPROT:P55271	#dddddd	W10
UNIPROT:Q549R4	#dddddd	W10
UNIPROT:P58307	#dddddd	W10
UNIPROT:Q0VDP6	#dddddd	W10
UNIPROT:P32300	#dddddd	W10
UNIPROT:A2AD37	#dddddd	W10
UNIPROT:Q8BLP9	#dddddd	W10
UNIPROT:P56389	#dddddd	W10
UNIPROT:P97391	#dddddd	W10
UNIPROT:Q6GTW1	#dddddd	W10
UNIPROT:Q8CFX1	#dddddd	W10
UNIPROT:A2A7A7	#dddddd	W10
UNIPROT:P06795	#dddddd	W10
UNIPROT:B2RUR3	#dddddd	W10
UNIPROT:P30966	#dddddd	W10
UNIPROT:Q3UVG4	#dddddd	W10
UNIPROT:P56528	#dddddd	W10
UNIPROT:Q3UCS6	#dddddd	W10
UNIPROT:Q4FJL8	#dddddd	W10
UNIPROT:Q9R0Y8	#dddddd	W10
UNIPROT:Q9D2H1	#dddddd	W10
UNIPROT:Q91ZZ5	#dddddd	W10
UNIPROT:A0A0J9YV81	#dddddd	W10
UNIPROT:B7ZMU5	#dddddd	W10
UNIPROT:E9Q0U9	#dddddd	W10
UNIPROT:P26361	#dddddd	W10
UNIPROT:P47743	#dddddd	W10
UNIPROT:B7ZMR4	#dddddd	W10
UNIPROT:Q05BD6	#dddddd	W10
UNIPROT:Q9ERZ4	#dddddd	W10
UNIPROT:Q920R6	#dddddd	W10
UNIPROT:Q3UP55	#dddddd	W10
UNIPROT:Q60748	#dddddd	W10
UNIPROT:A0A1D5RLK7	#dddddd	W10
UNIPROT:E9QNK5	#dddddd	W10
UNIPROT:Q3UQP0	#dddddd	W10
UNIPROT:Q5ERJ2	#dddddd	W10
UNIPROT:P30548	#dddddd	W10
UNIPROT:P97926	#dddddd	W10
UNIPROT:P70174	#dddddd	W10
UNIPROT:B3Y5T0	#dddddd	W10
UNIPROT:P70170	#dddddd	W10
UNIPROT:E9PUE8	#dddddd	W10
UNIPROT:P07310	#dddddd	W10
UNIPROT:A2RTA0	#dddddd	W10
UNIPROT:P04202	#dddddd	W10
UNIPROT:Q3UNK5	#dddddd	W10
UNIPROT:O09046	#dddddd	W10
UNIPROT:A0A0R4J0C2	#dddddd	W10
UNIPROT:P11344	#dddddd	W10
UNIPROT:Q91XK0	#dddddd	W10
UNIPROT:P97297	#dddddd	W10
UNIPROT:O08739	#dddddd	W10
UNIPROT:A0A1L1SRX2	#dddddd	W10
UNIPROT:P70160	#dddddd	W10
UNIPROT:Q99JA0	#dddddd	W10
UNIPROT:Q3V1A7	#dddddd	W10
UNIPROT:Q8R429	#dddddd	W10
UNIPROT:P43023	#dddddd	W10
UNIPROT:Q0VBU9	#dddddd	W10
UNIPROT:Q9CRB3	#dddddd	W10
UNIPROT:A0A0A0MQC3	#dddddd	W10
UNIPROT:P61014	#dddddd	W10
UNIPROT:E9Q468	#dddddd	W10
UNIPROT:Q91W97	#dddddd	W10
UNIPROT:Q60928	#dddddd	W10
UNIPROT:Q4FK56	#dddddd	W10
UNIPROT:P30987	#dddddd	W10
UNIPROT:Q5FW61	#dddddd	W10
UNIPROT:P05017	#dddddd	W10
UNIPROT:E9PU89	#dddddd	W10
UNIPROT:E9Q138	#dddddd	W10
UNIPROT:Q4VJB9	#dddddd	W10
UNIPROT:Q4VJC0	#dddddd	W10
UNIPROT:Q8CAR0	#dddddd	W10
UNIPROT:Q62463	#dddddd	W10
UNIPROT:Q3U1H9	#dddddd	W10
UNIPROT:Q7TSV6	#dddddd	W10
UNIPROT:P25962	#dddddd	W10
UNIPROT:Q3UP63	#dddddd	W10
UNIPROT:Q91XP5	#dddddd	W10
UNIPROT:G5E811	#dddddd	W10
UNIPROT:O70342	#dddddd	W10
UNIPROT:Q543U8	#dddddd	W10
UNIPROT:Q61614	#dddddd	W10
UNIPROT:Q7TN16	#dddddd	W10
UNIPROT:P51829	#dddddd	W10
UNIPROT:Q3U1P1	#dddddd	W10
UNIPROT:Q3U1X9	#dddddd	W10
UNIPROT:Q3UU15	#dddddd	W10
UNIPROT:Q64669	#dddddd	W10
UNIPROT:Q542Y0	#dddddd	W10
UNIPROT:P37242	#dddddd	W10
UNIPROT:Q3UZT5	#dddddd	W10
UNIPROT:Q8BJ64	#dddddd	W10
UNIPROT:P70263	#dddddd	W10
UNIPROT:Q62053	#dddddd	W10
UNIPROT:Q543A9	#dddddd	W10
UNIPROT:Q9JJL9	#dddddd	W10
UNIPROT:E9Q6H0	#dddddd	W10
UNIPROT:Q8BXH3	#dddddd	W10
UNIPROT:P97718	#dddddd	W10
UNIPROT:Q8BUE5	#dddddd	W10
UNIPROT:Q8BXZ4	#dddddd	W10
UNIPROT:Q8BZV1	#dddddd	W10
UNIPROT:P35363	#dddddd	W10
UNIPROT:Q543D4	#dddddd	W10
UNIPROT:Q8BMF5	#dddddd	W10
UNIPROT:O55239	#dddddd	W10
UNIPROT:D3YX59	#dddddd	W10
UNIPROT:Q9D9X3	#dddddd	W10
UNIPROT:Q91WQ9	#dddddd	W10
UNIPROT:A0A1L1SR54	#dddddd	W10
UNIPROT:E9Q1L1	#dddddd	W10
UNIPROT:P28334	#dddddd	W10
UNIPROT:Q0VES5	#dddddd	W10
UNIPROT:Q80WP8	#dddddd	W10
UNIPROT:E9QP13	#dddddd	W10
UNIPROT:Q8R3B1	#dddddd	W10
UNIPROT:G5DDB7	#dddddd	W10
UNIPROT:Q8BFW6	#dddddd	W10
UNIPROT:Q9DBL0	#dddddd	W10
UNIPROT:Q5IXF8	#dddddd	W10
UNIPROT:A0A158RFU9	#dddddd	W10
UNIPROT:Q5SW28	#dddddd	W10
UNIPROT:A1A4T4	#dddddd	W10
UNIPROT:Q64444	#dddddd	W10
UNIPROT:Q8BH98	#dddddd	W10
UNIPROT:Q9Z0U9	#dddddd	W10
UNIPROT:P97292	#dddddd	W10
UNIPROT:Q91WS4	#dddddd	W10
UNIPROT:Q9DBT9	#dddddd	W10
UNIPROT:Q9D2Y9	#dddddd	W10
UNIPROT:P70310	#dddddd	W10
UNIPROT:Q99L60	#dddddd	W10
UNIPROT:Q9JHX6	#dddddd	W10
UNIPROT:Q32MW4	#dddddd	W10
UNIPROT:P30873	#dddddd	W10
UNIPROT:Q543T0	#dddddd	W10
UNIPROT:P47750	#dddddd	W10
UNIPROT:Q78U67	#dddddd	W10
UNIPROT:Q9D2H2	#dddddd	W10
UNIPROT:F8WIC0	#dddddd	W10
UNIPROT:P32240	#dddddd	W10
UNIPROT:Q91VE4	#dddddd	W10
UNIPROT:Q08501	#dddddd	W10
UNIPROT:G3UVW6	#dddddd	W10
UNIPROT:Q3TNP6	#dddddd	W10
UNIPROT:Q8C5N1	#dddddd	W10
UNIPROT:Q8BGE9	#dddddd	W10
UNIPROT:Q5Y988	#dddddd	W10
UNIPROT:Q9EQF5	#dddddd	W10
UNIPROT:P97490	#dddddd	W10
UNIPROT:A0A2I3BQ46	#dddddd	W10
UNIPROT:Q3UUN2	#dddddd	W10
UNIPROT:Q8JZL2	#dddddd	W10
UNIPROT:Q9DBM2	#dddddd	W10
UNIPROT:B1B1A8	#dddddd	W10
UNIPROT:Q8VI78	#dddddd	W10
UNIPROT:E9PX95	#dddddd	W10
UNIPROT:F7B5D6	#dddddd	W10
UNIPROT:Q3V2F0	#dddddd	W10
UNIPROT:P70227	#dddddd	W10
UNIPROT:Q68EF4	#dddddd	W10
UNIPROT:A0A140T8R6	#dddddd	W10
UNIPROT:G3XA00	#dddddd	W10
UNIPROT:P36371	#dddddd	W10
UNIPROT:Q792S7	#dddddd	W10
UNIPROT:Q8R1I2	#dddddd	W10
UNIPROT:Q8BUG2	#dddddd	W10
UNIPROT:A0A0R4J0V0	#dddddd	W10
UNIPROT:Q3TMU4	#dddddd	W10
UNIPROT:Q3TSF8	#dddddd	W10
UNIPROT:E9Q3E1	#dddddd	W10
UNIPROT:P0C605	#dddddd	W10
UNIPROT:Q8BND1	#dddddd	W10
UNIPROT:P32304	#dddddd	W10
UNIPROT:B6VJS3	#dddddd	W10
UNIPROT:Q91ZQ1	#dddddd	W10
UNIPROT:P55772	#dddddd	W10
UNIPROT:Q544U5	#dddddd	W10
UNIPROT:Q8CDV7	#dddddd	W10
UNIPROT:Q6TL19	#dddddd	W10
